"Oxygen, Dissolved (% Saturation)","Depth, Sample (Field)",Nitrite,"Nitrogen, Total Kjeldahl (TKN)","Solids, Suspended (TSS)"
104.4,240.0,0.098,0.41,15.1
107.0,380.0,0.047,0.7,2.0
123.7,750.0,0.044,0.97,4.1
112.0,170.0,0.839,0.36,3.0
111.9,700.0,0.014,0.4,45.8
134.6,265.0,0.041,0.77,34.4
134.0,160.0,0.12,0.671,4.0
108.0,440.0,0.149,0.65,4.2
122.0,120.0,0.12,1.83,139.0
98.0,235.0,0.015,0.63,3.5
101.0,210.0,0.016,0.44,9.7
109.0,150.0,0.025,0.58,8.8
99.7,255.0,0.007,0.44,1.5
125.0,290.0,0.019,0.36,19.6
122.6,170.0,0.016,0.48,3.8
133.0,230.0,0.008,0.45,2.0
121.4,290.0,0.013,0.19,1.8
114.2,400.0,0.04,0.99,34.6
85.0,430.0,0.025,0.4,5.5
124.0,180.0,0.014,0.52,4.4
115.0,160.0,0.035,0.82,19.8
122.0,300.0,0.01,0.32,7.7
172.4,250.0,0.031,0.48,3.9
122.7,305.0,0.011,0.54,4.0
151.7,350.0,0.011,0.34,1.7
98.0,190.0,0.027,0.41,1.6
126.0,270.0,0.013,0.43,4.3
85.0,190.0,0.026,0.62,23.2
96.6,270.0,0.023,0.4,2.9
95.0,345.0,0.047,0.6,10.2
112.8,220.0,0.009,0.47,3.6
125.0,100.0,0.051,0.88,110.0
145.0,260.0,0.029,0.47,3.3
97.0,180.0,0.061,1.12,11.0
118.0,330.0,0.02,0.44,3.1
111.0,290.0,0.034,1.36,184.0
104.0,200.0,0.037,0.66,24.5
108.4,500.0,0.072,0.74,70.9
116.7,700.0,0.028,0.76,5.7
121.0,180.0,0.246,0.61,10.0
135.8,315.0,0.013,0.41,5.2
145.0,310.0,0.065,0.562,2.0
136.7,230.0,0.047,0.48,3.0
123.4,300.0,0.094,0.73,9.1
118.0,465.0,0.04,0.56,8.4
146.4,200.0,0.097,0.86,30.8
130.0,310.0,0.058,0.81,19.0
105.0,115.0,0.306,1.32,2.0
111.0,80.0,0.244,0.08,28.0
142.5,355.0,0.055,0.64,63.7
120.3,215.0,0.047,0.7,11.9
132.6,290.0,0.036,0.9,21.2
103.0,140.0,0.085,2.23,276.0
121.0,160.0,0.031,0.716,3.0
128.0,185.0,0.0009,0.74,13.0
122.8,290.0,0.033,0.51,6.5
112.9,295.0,0.037,0.61,8.6
142.3,415.0,0.05,0.54,214.0
134.0,280.0,0.017,0.51,3.5
109.0,390.0,0.029,0.53,5.0
125.0,160.0,0.029,0.838,2.0
109.2,245.0,0.036,0.44,19.7
108.0,490.0,0.047,1.32,20.3
119.1,540.0,0.04,1.7,298.0
112.0,230.0,0.028,0.59,3.8
132.1,285.0,0.036,0.49,2.5
102.0,245.0,0.038,0.8,11.6
131.8,275.0,0.015,0.44,3.6
100.0,250.0,0.07,2.88,349.0
156.0,410.0,0.026,0.6,5.2
117.0,210.0,0.018,0.5,3.9
130.1,360.0,0.021,0.65,2.0
109.7,530.0,0.054,1.95,207.0
128.7,200.0,0.024,0.66,5.7
105.5,350.0,0.021,0.64,4.6
78.0,165.0,0.011,0.52,1.9
132.2,130.0,0.014,0.5,4.7
134.9,400.0,0.044,0.71,5.5
120.0,110.0,0.02,0.72,4.7
103.0,260.0,0.019,0.55,3.3
116.1,255.0,0.017,0.5,4.4
148.0,180.0,0.008,0.46,8.1
137.0,380.0,0.021,0.49,6.3
161.0,150.0,0.02,0.65,6.7
106.0,400.0,0.014,0.43,3.0
108.2,310.0,0.038,0.9,54.1
143.0,190.0,0.012,0.61,4.3
141.0,180.0,0.01,0.34,3.1
99.0,350.0,0.026,1.15,230.0
99.6,235.0,0.038,1.02,15.5
88.0,445.0,0.012,0.4,0.8
139.4,330.0,0.01,0.47,13.8
98.0,160.0,0.012,0.53,3.2
91.0,420.0,0.009,0.49,1.1
147.0,255.0,0.014,0.52,2.2
142.7,240.0,0.007,0.53,4.2
142.9,260.0,0.014,0.51,3.2
113.0,215.0,0.016,0.69,10.3
126.0,240.0,0.018,0.79,14.8
122.8,300.0,0.005,0.52,1.5
104.0,200.0,0.007,0.83,13.6
112.0,400.0,0.07,1.33,77.9
127.5,240.0,0.007,0.48,3.2
131.0,355.0,0.012,0.4,3.6
130.0,180.0,0.006,0.45,2.7
112.0,195.0,0.018,0.58,15.4
166.0,245.0,0.011,0.41,1.9
131.5,230.0,0.016,0.39,3.0
144.3,270.0,0.011,0.4,4.8
101.5,340.0,0.008,0.38,6.4
142.0,300.0,0.009,0.45,5.1
122.1,225.0,0.009,0.36,8.2
114.4,385.0,0.011,0.65,1.0
88.0,300.0,0.005,0.51,4.2
97.0,310.0,0.01,0.39,3.8
106.0,380.0,0.013,0.42,1.4
152.0,285.0,0.018,0.41,3.3
96.0,100.0,0.006,0.38,9.0
117.7,195.0,0.011,0.51,3.6
122.7,270.0,0.036,1.0,73.4
105.7,255.0,0.005,0.46,1.7
117.0,290.0,0.02,0.77,4.1
65.5,200.0,0.008,0.41,3.5
105.9,520.0,0.013,0.64,9.2
80.0,240.0,0.027,1.07,29.6
151.6,295.0,0.008,0.51,1.1
96.0,500.0,0.014,0.6,11.6
104.0,230.0,0.063,0.65,2.0
97.4,160.0,0.014,0.35,0.9
101.5,360.0,0.017,0.57,2.0
171.7,165.0,0.059,0.68,2.7
125.8,320.0,0.015,0.29,4.8
111.0,285.0,0.017,0.43,1.7
109.0,250.0,0.33,0.27,2.0
112.1,300.0,0.042,0.77,31.8
94.6,300.0,0.055,2.46,288.0
130.0,475.0,0.027,2.5860000000000003,11.0
99.6,240.0,0.03,1.01,8.0
111.7,255.0,0.011,0.21,2.4
126.0,400.0,0.112,0.87,14.0
96.0,230.0,0.015,0.98,3.2
106.0,360.0,0.001,0.55,4.3
110.0,340.0,0.018,0.67,8.3
113.9,200.0,0.011,1.06,4.3
119.0,150.0,0.005,0.39,0.9
118.4,245.0,0.018,0.57,13.5
117.1,215.0,0.004,0.52,2.1
102.0,240.0,0.027,1.19,118.0
133.6,185.0,0.014,0.24,5.1
126.1,150.0,0.017,0.81,7.2
117.0,220.0,0.004,0.44,5.9
105.0,340.0,0.012,0.52,2.5
116.0,140.0,0.004,0.39,2.4
109.0,420.0,0.055,1.93,45.7
146.8,160.0,0.005,0.4,6.3
182.0,385.0,0.017,0.45,3.6
123.1,265.0,0.007,0.78,3.1
110.0,375.0,0.009,0.27,2.3
108.0,360.0,0.014,0.61,5.9
106.3,240.0,0.008,0.51,3.5
110.2,150.0,0.006,0.48,1.3
107.0,310.0,0.029,0.52,4.7
91.0,510.0,0.055,0.7,12.6
108.0,440.0,0.061,0.95,20.0
122.4,180.0,0.025,0.62,18.3
101.6,180.0,0.027,0.28,2.0
136.0,360.0,0.018,0.85,23.0
108.0,430.0,0.079,1.13,38.0
115.7,180.0,0.01,0.53,4.2
109.2,150.0,0.011,0.53,4.6
108.6,260.0,0.055,0.46,2.0
79.8,120.0,0.014,0.25,3.2
94.8,110.0,0.028,0.49,4.0
107.0,200.0,0.016,0.47,4.1
107.7,580.0,0.042,0.53,11.6
99.2,130.0,0.009,0.26,3.9
97.1,180.0,0.022,1.06,2.0
149.0,250.0,0.024,0.25,1.0
104.9,200.0,0.079,0.67,2.0
102.0,500.0,0.011,0.885,3.0
129.1,210.0,0.019,0.41,3.0
100.1,300.0,0.031,1.04,9.0
114.4,155.0,0.02,0.39,0.9
117.0,480.0,0.027,0.79,5.7
101.0,150.0,0.093,1.43,2.0
129.0,190.0,0.033,0.78,5.0
131.3,300.0,0.04,0.87,4.4
129.9,180.0,0.042,0.51,2.0
118.0,450.0,0.047,0.08,2.0
97.7,100.0,0.057,3.37,19.0
99.1,230.0,0.022,0.93,42.0
111.5,280.0,0.011,0.96,5.3
120.2,230.0,0.019,0.83,20.5
106.0,220.0,0.036,0.93,6.0
120.3,160.0,0.022,0.82,2.8
121.3,190.0,0.023,0.6,2.0
113.8,270.0,0.01,0.56,2.9
111.0,240.0,0.016,0.63,10.6
141.0,205.0,0.0009,0.77,6.0
136.7,225.0,0.014,0.44,7.4
137.0,310.0,0.026,0.63,2.6
113.6,110.0,0.022,1.01,4.0
186.0,420.0,0.026,0.711,25.0
134.7,270.0,0.013,0.62,4.3
150.3,300.0,0.016,0.23,4.5
107.0,330.0,0.023,0.63,2.9
126.9,210.0,0.014,0.74,5.2
105.0,490.0,0.045,1.2,29.1
109.0,180.0,0.027,0.68,11.6
120.2,120.0,0.015,0.4,4.1
107.0,360.0,0.06,1.16,6.9
111.0,240.0,0.021,0.53,3.0
128.6,190.0,0.019,0.43,8.0
129.0,320.0,0.028,0.66,6.7
111.6,280.0,0.041,1.09,11.6
136.0,330.0,0.012,0.58,9.1
139.4,275.0,0.024,0.99,2.0
137.0,320.0,0.011,0.54,5.9
109.7,190.0,0.07,0.98,8.6
132.9,245.0,0.018,0.83,3.2
102.8,450.0,0.035,0.85,4.2
154.3,140.0,0.006,0.54,1.7
131.0,195.0,0.023,0.78,2.7
126.0,350.0,0.033,0.7,3.9
105.7,190.0,0.016,0.46,2.3
160.7,190.0,0.02,0.84,2.2
110.0,430.0,0.027,0.86,10.6
171.0,380.0,0.001,0.55,11.7
139.7,240.0,0.015,0.71,2.7
175.3,130.0,0.015,0.59,3.9
163.0,240.0,0.023,0.57,1.9
110.0,310.0,0.01,0.45,2.2
189.0,350.0,0.009,0.67,13.0
114.3,300.0,0.051,0.79,6.4
180.7,140.0,0.006,0.5,2.3
122.0,460.0,0.007,0.49,2.7
131.0,400.0,0.025,0.8,7.6
140.0,330.0,0.021,0.61,4.8
149.8,290.0,0.008,0.5,4.9
159.8,150.0,0.003,0.59,2.6
137.0,320.0,0.006,0.54,3.2
147.0,190.0,0.004,0.49,4.8
103.0,480.0,0.032,1.1,75.8
122.2,450.0,0.004,0.59,4.7
103.6,190.0,0.048,0.91,18.8
133.0,360.0,0.005,0.45,3.6
112.3,430.0,0.018,0.74,6.0
112.0,135.0,0.002,0.28,7.0
131.0,300.0,0.012,1.0,11.9
95.6,165.0,0.001,0.49,2.7
90.6,340.0,0.003,0.45,3.1
153.0,190.0,0.003,0.46,1.6
106.7,160.0,0.017,0.49,14.1
144.0,275.0,0.004,0.59,11.6
106.3,290.0,0.011,0.42,5.6
120.0,400.0,0.001,0.29,2.0
93.7,350.0,0.006,0.73,4.7
124.0,220.0,0.006,0.39,5.8
94.0,200.0,0.041,1.6,127.0
124.0,235.0,0.007,0.53,1.0
117.9,130.0,0.006,0.5,4.3
152.0,290.0,0.01,0.47,3.7
143.0,440.0,0.006,0.42,8.5
120.0,350.0,0.007,0.51,4.6
110.3,210.0,0.006,0.75,1.4
126.0,120.0,0.004,0.78,5.1
106.7,285.0,0.002,0.8,1.0
118.8,220.0,0.014,0.5,39.7
98.0,230.0,0.014,1.03,3.4
116.0,240.0,0.008,0.63,13.5
139.0,140.0,0.005,0.92,2.4
88.0,380.0,0.018,0.73,13.7
106.8,230.0,0.044,0.77,21.4
113.0,510.0,0.08,2.11,9.0
145.71,150.0,0.093,1.4,10.8
119.0,150.0,0.14,0.51,2.0
119.5,720.0,0.025,0.5,25.2
130.5,310.0,0.066,0.82,80.9
137.0,190.0,0.072,1.002,2.0
113.9,330.0,0.155,3.75,7.7
130.0,110.0,0.109,2.41,320.0
106.0,220.0,0.037,1.5790000000000002,6.8
105.0,175.0,0.015,0.59,4.5
110.0,170.0,0.096,0.75,35.6
100.0,145.0,0.013,0.52,1.4
124.5,110.0,0.014,0.31,57.0
116.3,100.0,0.026,0.53,15.0
134.0,170.0,0.049,1.13,7.9
114.0,120.0,0.061,0.96,49.0
113.0,300.0,0.044,0.8,17.5
86.0,340.0,0.043,0.49,11.7
119.0,240.0,0.01,0.51,16.5
115.0,150.0,0.055,1.57,18.4
122.0,190.0,0.013,0.31,1.9
159.2,155.0,0.035,0.5,5.6
125.0,105.0,0.01,0.4,2.3
164.4,200.0,0.036,0.35,0.6
113.0,150.0,0.018,0.4,2.5
107.0,180.0,0.034,0.8,21.5
128.0,180.0,0.728,1.03,4.7
101.2,300.0,0.024,0.36,6.4
94.0,240.0,0.05,0.61,14.1
114.0,170.0,0.011,0.35,2.0
128.0,120.0,0.171,1.68,75.8
113.0,160.0,0.063,0.6,3.0
150.6,175.0,0.019,0.39,3.0
96.0,270.0,0.892,1.1,8.0
117.1,240.0,0.047,0.54,123.0
112.0,95.0,0.05,1.56,148.0
103.0,100.0,0.054,0.88,49.7
111.7,200.0,0.049,0.52,16.8
127.0,190.0,0.847,1.12,3.0
133.3,200.0,0.026,0.72,7.5
149.0,200.0,0.099,0.548,2.0
141.5,330.0,0.044,0.51,18.8
119.3,360.0,0.108,3.9,8.3
116.0,360.0,0.094,0.76,4.8
142.0,110.0,0.098,1.03,30.6
129.0,180.0,0.038,1.48,2.0
110.0,100.0,0.194,1.91,3.0
120.0,110.0,0.13,0.08,10.0
147.9,190.0,0.058,0.73,178.0
117.4,185.0,0.049,0.83,8.9
136.1,255.0,0.037,1.21,49.3
98.0,120.0,0.083,2.46,282.0
123.0,170.0,0.03,0.599,34.0
132.0,260.0,0.015,0.88,2.0
121.3,220.0,0.042,0.59,12.0
110.3,130.0,0.063,0.64,10.2
168.8,255.0,0.03,0.47,2.2
127.5,320.0,0.021,0.39,4.4
154.0,155.0,0.028,0.68,61.3
134.0,160.0,0.033,0.685,2.0
110.6,285.0,0.045,0.5,7.9
115.0,290.0,0.039,0.55,5.6
120.7,180.0,0.048,2.5,359.0
110.0,170.0,0.047,0.55,3.7
148.1,120.0,0.04,0.54,1.5
103.0,240.0,0.11,1.7,10.7
133.2,140.0,0.024,0.51,3.6
100.0,100.0,0.153,3.35,840.0
144.0,250.0,0.034,0.48,4.2
152.0,200.0,0.033,0.53,6.2
118.6,160.0,0.026,0.56,3.4
111.4,160.0,0.026,0.93,83.1
143.5,140.0,0.015,0.56,10.0
108.2,200.0,0.028,0.55,2.2
107.0,150.0,0.1129999999999999,0.75,5.7
140.9,220.0,0.023,0.64,3.7
136.1,185.0,0.082,0.83,7.5
122.0,155.0,0.04,0.72,5.1
102.0,240.0,0.0849999999999999,1.61,6.8
102.8,120.0,0.028,0.61,4.9
141.0,140.0,0.1,1.4,16.7
135.0,255.0,0.017,0.57,2.1
174.0,130.0,0.017,0.55,4.1
99.0,250.0,0.038,0.63,13.0
90.5,155.0,0.053,1.1,131.0
112.0,160.0,0.136,0.9,26.5
127.0,250.0,0.053,0.6,4.5
101.5,160.0,0.03,1.0,252.0
113.1,355.0,0.059,1.44,5.7
122.0,160.0,0.038,0.52,2.1
137.5,370.0,0.018,0.66,6.3
93.0,190.0,0.065,0.897,5.2
94.0,250.0,0.032,0.65,30.8
108.0,195.0,0.053,1.35,7.2
135.6,160.0,0.008,0.45,6.6
128.0,180.0,0.013,0.62,41.1
108.0,190.0,0.0319,1.83,23.6
110.0,130.0,0.006,0.96,5.6
131.8,450.0,0.01,0.6,2.6
102.0,400.0,0.131,1.7200000000000002,9.5
116.3,130.0,0.087,1.88,143.0
116.9,130.0,0.014,0.68,6.8
116.0,205.0,0.079,1.19,6.3
109.0,130.0,0.022,0.43,3.6
104.0,160.0,0.055,1.46,28.4
146.3,155.0,0.004,0.56,4.3
123.7,120.0,0.02,0.43,5.9
170.1,190.0,0.014,0.55,2.7
98.0,130.0,0.036,0.419,2.0
213.1,250.0,0.015,0.45,4.2
115.2,190.0,0.008,0.53,2.6
121.4,650.0,0.007,0.73,3.6
94.0,130.0,0.05,1.35,3.5
100.0,110.0,0.006,0.6,5.0
103.0,250.0,0.014,0.46,2.6
135.0,440.0,0.01,0.54,10.0
94.0,215.0,0.013,0.67,5.9
108.9,200.0,0.011,0.57,10.6
121.7,310.0,0.037,1.1,96.8
116.0,200.0,0.014,0.69,6.0
89.2,105.0,0.012,0.34,3.7
106.2,200.0,0.008,0.58,2.1
86.0,170.0,0.094,5.140000000000001,330.0
152.0,200.0,0.01,0.63,2.9
98.0,400.0,0.016,0.62,11.2
102.0,235.0,0.022,0.82,4.0
103.8,210.0,0.009,0.54,3.2
104.6,150.0,0.021,0.66,3.0
131.3,185.0,0.012,0.63,13.6
136.9,160.0,0.013,0.56,3.6
101.0,500.0,0.037,0.86,4.0
136.6,310.0,0.013,0.61,1.7
118.0,200.0,0.043,0.37,9.0
124.9,150.0,0.039,0.7,32.6
129.0,240.0,0.022,1.924,26.0
102.3,235.0,0.033,2.18,58.0
107.7,210.0,0.013,0.41,2.5
100.8,230.0,0.014,1.06,26.0
146.0,140.0,0.049,0.6,5.0
101.0,100.0,0.016,0.797,23.0
107.6,440.0,0.013,0.86,34.3
85.8,200.0,0.011,0.98,10.0
83.4,230.0,0.006,0.65,9.0
163.6,255.0,0.011,0.98,24.0
120.0,200.0,0.009,0.64,15.0
99.0,120.0,0.007,1.39,38.0
128.4,120.0,0.018,0.9,32.0
118.7,130.0,0.013,0.71,20.4
96.3,150.0,0.011,1.11,22.0
136.4,230.0,0.017,0.76,24.4
97.5,180.0,0.011,0.92,5.0
124.2,250.0,0.038,1.01,32.9
102.8,135.0,0.012,1.17,27.0
110.0,120.0,0.008,0.83,44.3
124.0,160.0,0.01,0.97,15.3
110.0,280.0,0.028,1.58,65.0
143.5,165.0,0.01,0.68,15.2
120.1,125.0,0.007,0.58,6.6
128.7,135.0,0.009,0.69,12.2
102.2,210.0,0.011,0.61,6.0
104.0,110.0,0.011,0.82,19.0
106.9,180.0,0.015,0.87,26.5
104.1,150.0,0.009,0.8,15.8
108.2,130.0,0.014,1.12,19.0
98.6,200.0,0.011,0.66,10.0
107.0,175.0,0.03,1.2,20.0
98.4,1000.0,0.011,0.39,5.0
98.3,130.0,0.011,0.74,9.0
126.0,210.0,0.005,0.38,3.0
119.0,200.0,0.034,0.88,5.0
126.3,180.0,0.011,0.82,22.2
99.7,120.0,0.013,0.88,6.0
106.7,450.0,0.027,1.95,45.0
140.0,120.0,0.014,0.47,8.0
109.0,180.0,0.044,0.74,10.0
122.8,170.0,0.012,0.62,9.6
105.0,140.0,0.012,1.32,2.0
96.0,120.0,0.011,0.82,4.0
104.7,140.0,0.022,0.74,5.0
91.6,175.0,0.015,0.58,7.7
109.0,190.0,0.015,0.57,8.8
94.3,190.0,0.009,0.43,24.0
120.1,220.0,0.016,0.62,25.2
112.5,145.0,0.007,0.73,9.1
112.0,250.0,0.022,1.1,10.0
196.0,160.0,0.016,0.62,3.4
111.4,150.0,0.011,0.67,2.0
139.5,240.0,0.01,0.5,3.4
93.9,250.0,0.024,1.92,172.0
121.0,280.0,0.014,0.782,11.0
113.6,180.0,0.008,0.44,2.6
114.7,145.0,0.023,0.91,8.5
99.7,140.0,0.017,1.02,30.0
109.0,100.0,0.023,0.61,4.0
128.0,100.0,0.017,0.48,5.0
138.1,145.0,0.021,0.47,3.2
144.9,275.0,0.025,0.85,7.3
124.0,160.0,0.024,0.08,2.0
99.9,240.0,0.013,1.21,41.0
122.4,210.0,0.019,0.92,51.4
115.7,175.0,0.021,0.81,16.4
108.4,210.0,0.033,1.25,7.0
102.0,250.0,0.038,0.77,14.0
112.2,115.0,0.011,0.78,17.0
114.1,180.0,0.017,0.77,31.4
131.1,190.0,0.022,0.69,19.4
116.2,140.0,0.016,0.64,13.0
125.0,135.0,0.006,0.85,28.0
112.0,20.0,0.004,0.506,16.0
128.3,220.0,0.02,0.79,35.1
143.2,185.0,0.02,0.86,20.2
105.6,150.0,0.013,0.93,23.0
119.9,220.0,0.022,0.86,60.5
136.8,230.0,0.018,0.8,14.7
123.8,240.0,0.011,0.37,27.2
115.4,110.0,0.012,0.98,22.0
105.0,130.0,0.011,0.47,54.0
137.6,200.0,0.018,0.83,24.7
101.0,120.0,0.017,1.14,74.0
128.6,130.0,0.005,0.64,23.4
165.8,230.0,0.008,0.75,20.4
135.8,210.0,0.021,1.23,36.0
98.8,205.0,0.014,1.13,22.0
104.8,200.0,0.018,0.97,18.0
105.0,200.0,0.026,1.238,62.0
132.5,150.0,0.011,0.88,13.0
100.6,190.0,0.017,1.23,36.0
104.6,310.0,0.049,1.62,71.2
115.5,255.0,0.011,0.91,9.0
135.8,170.0,0.029,0.78,6.7
122.1,110.0,0.011,0.88,16.0
122.3,165.0,0.004,0.76,8.1
147.2,170.0,0.006,0.88,15.4
120.8,120.0,0.003,0.96,20.4
112.5,100.0,0.015,0.63,14.7
139.0,125.0,0.009,1.17,37.0
82.4,145.0,0.011,1.05,14.0
132.0,140.0,0.004,1.1,33.0
145.7,210.0,0.071,1.13,10.9
110.3,300.0,0.055,1.1,75.0
111.3,190.0,0.011,1.23,14.0
111.0,170.0,0.209,1.69,85.0
51.5,120.0,0.012,1.51,18.0
144.0,125.0,0.02,1.406,14.0
118.9,130.0,0.059,1.01,10.4
140.6,150.0,0.034,1.24,10.0
109.3,220.0,0.013,1.16,24.0
107.0,240.0,0.022,1.14,75.5
100.8,120.0,0.011,1.1,11.0
126.0,170.0,0.024,1.11,53.0
93.4,225.0,0.03,1.5,43.0
136.3,200.0,0.003,0.88,18.8
136.0,160.0,0.069,1.126,19.0
135.8,120.0,0.103,1.0,8.5
188.4,145.0,0.011,0.95,11.3
138.1,140.0,0.011,1.18,26.0
122.0,270.0,0.046,1.9,56.0
107.0,150.0,0.017,0.52,31.3
90.9,130.0,0.011,1.53,34.0
100.0,230.0,0.088,1.34,105.0
84.0,140.0,0.009,1.13,47.0
75.8,195.0,0.011,1.7,27.0
154.8,95.0,0.006,1.77,15.6
92.8,170.0,0.013,1.55,42.0
127.0,100.0,0.008,1.21,21.0
92.1,185.0,0.011,1.39,53.0
119.1,125.0,0.032,0.9,51.0
88.0,235.0,0.042,1.4,49.0
146.0,140.0,0.014,1.25,27.5
150.0,165.0,0.025,1.41,11.0
62.4,220.0,0.004,0.92,20.0
154.5,150.0,0.019,0.78,10.8
83.4,125.0,0.012,0.95,11.7
102.0,160.0,0.002,0.77,9.1
106.8,340.0,0.011,2.0,26.0
101.6,220.0,0.01,0.95,30.4
92.4,235.0,0.011,1.26,84.0
136.0,100.0,0.009,0.65,18.0
99.6,230.0,0.013,1.25,46.3
116.0,120.0,0.011,0.87,38.0
95.4,190.0,0.025,1.0,11.0
116.0,95.0,0.012,1.23,37.0
98.4,230.0,0.011,1.77,43.0
95.0,300.0,0.017,1.16,62.0
103.0,210.0,0.015,0.8,12.0
112.7,160.0,0.002,0.63,10.2
105.0,100.0,0.015,1.056,24.0
110.7,230.0,0.005,0.81,12.4
98.7,170.0,0.011,0.77,7.0
105.0,120.0,0.003,0.91,17.1
86.5,180.0,0.011,1.08,9.0
76.7,265.0,0.011,0.81,10.0
109.8,85.0,0.023,0.86,33.1
71.4,200.0,0.012,0.99,63.0
71.0,90.0,0.011,1.03,22.0
137.4,50.0,0.023,0.68,26.2
103.0,140.0,0.019,1.22,38.6
95.3,100.0,0.011,1.1,7.0
100.5,185.0,0.011,1.19,17.0
106.0,680.0,0.006,0.57,6.0
94.9,280.0,0.008,0.39,4.5
105.3,320.0,0.011,0.5,2.0
90.3,300.0,0.022,0.89,26.0
115.8,240.0,0.003,0.42,4.6
148.0,190.0,0.006,0.15,5.3
129.0,185.0,0.011,0.52,3.2
87.0,290.0,0.004,0.18,12.0
120.5,260.0,0.02,0.38,6.4
96.6,350.0,0.034,1.68,188.0
100.1,320.0,0.011,0.72,33.0
129.0,310.0,0.008,1.464,36.0
105.0,210.0,0.006,0.34,5.8
122.0,245.0,0.012,0.5,9.0
80.0,360.0,0.004,1.1,190.0
106.7,220.0,0.004,0.46,7.0
99.3,190.0,0.011,0.32,2.0
115.0,250.0,0.002,0.28,2.0
111.0,195.0,0.003,0.1,2.0
93.4,180.0,0.011,0.54,5.0
100.0,105.0,0.005,0.74,36.0
130.3,240.0,0.002,0.46,6.0
114.4,285.0,0.003,0.23,8.6
96.8,135.0,0.011,0.71,2.0
129.1,335.0,0.01,0.62,45.1
93.8,150.0,0.011,0.81,3.0
118.7,170.0,0.005,0.41,7.7
113.0,220.0,0.003,0.41,5.1
119.0,100.0,0.003,0.39,3.6
103.0,390.0,0.017,1.19,93.0
134.6,240.0,0.002,0.45,4.2
102.4,275.0,0.003,0.3,2.8
98.3,240.0,0.011,0.54,2.0
123.0,275.0,0.001,0.36,0.9
99.3,140.0,0.011,0.82,6.0
101.0,240.0,0.005,0.5,5.0
114.0,275.0,0.006,0.583,8.0
104.1,235.0,0.003,0.59,6.1
89.9,210.0,0.002,0.24,1.8
104.9,140.0,0.011,0.2,2.0
99.6,220.0,0.011,0.62,2.0
110.6,200.0,0.011,0.28,2.0
121.0,150.0,0.019,0.6,12.0
109.0,125.0,0.018,0.41,4.0
114.1,275.0,0.007,0.44,8.1
112.0,255.0,0.02,1.17,59.0
98.7,230.0,0.011,0.64,155.0
107.0,240.0,0.008,0.7,9.0
100.0,280.0,0.063,0.58,63.0
107.0,125.0,0.03,0.58,3.0
112.4,190.0,0.004,0.43,10.3
95.8,235.0,0.011,0.57,2.0
101.5,240.0,0.022,0.52,2.0
134.2,590.0,0.007,0.5,40.4
104.0,205.0,0.005,0.4,5.2
102.3,250.0,0.009,0.25,2.0
124.4,365.0,0.008,0.41,45.5
111.7,400.0,0.001,0.43,3.5
95.8,85.0,0.011,0.7,29.0
122.1,280.0,0.008,0.34,3.5
143.4,120.0,0.011,0.42,11.0
127.4,450.0,0.026,2.55,316.0
116.8,230.0,0.004,0.34,2.6
98.8,260.0,0.015,0.9,22.0
108.3,295.0,0.008,0.32,2.9
117.5,350.0,0.018,0.65,6.3
125.0,240.0,0.005,0.478,9.0
106.0,210.0,0.011,0.48,2.0
119.0,340.0,0.006,0.72,3.0
125.3,155.0,0.01,0.41,4.8
113.1,150.0,0.011,0.71,13.0
116.0,160.0,0.007,0.08,8.0
94.0,320.0,0.014,1.54,10.0
103.7,350.0,0.011,0.92,124.0
115.6,260.0,0.003,0.47,20.2
110.2,340.0,0.011,0.51,50.3
101.0,235.0,0.01,0.57,4.0
98.1,250.0,0.011,0.65,17.0
98.7,140.0,0.011,0.32,5.0
111.6,325.0,0.004,0.53,36.8
114.1,430.0,0.01,0.71,146.0
129.0,210.0,0.016,1.172,23.0
105.0,200.0,0.001,0.54,29.0
119.8,290.0,0.008,0.5,87.2
154.9,310.0,0.006,0.61,51.2
96.4,200.0,0.011,0.89,64.0
111.4,260.0,0.002,0.28,10.0
118.0,320.0,0.005,0.62,65.2
119.5,320.0,0.004,0.45,16.5
100.3,260.0,0.011,0.5,5.0
112.0,200.0,0.006,0.51,2.0
101.0,250.0,0.002,0.21,38.0
135.0,410.0,0.008,0.76,113.0
115.0,260.0,0.007,0.81,31.0
118.1,200.0,0.003,0.46,13.2
152.1,265.0,0.002,0.54,26.4
97.4,400.0,0.011,0.89,236.0
96.6,450.0,0.013,1.65,136.0
98.1,250.0,0.011,0.45,7.0
120.4,150.0,0.011,1.02,71.0
94.6,290.0,0.011,0.75,27.0
100.4,225.0,0.011,0.41,9.0
99.0,420.0,0.006,2.193,15.0
105.0,530.0,0.008,1.06,171.0
100.9,250.0,0.011,0.6,10.0
114.9,220.0,0.001,0.45,3.8
118.0,160.0,0.005,0.49,11.9
165.0,340.0,0.005,0.28,4.3
105.0,85.0,0.002,0.37,8.0
111.3,330.0,0.054,1.06,263.0
102.0,270.0,0.003,0.5,6.0
107.0,180.0,0.005,0.51,6.0
97.3,220.0,0.011,0.57,2.0
100.0,220.0,0.004,0.42,2.0
123.8,245.0,0.01,0.7,31.3
114.0,450.0,0.054,2.5,570.0
96.7,210.0,0.011,0.89,3.0
99.0,120.0,0.008,0.56,9.0
88.0,160.0,0.011,0.79,78.0
98.6,1000.0,0.011,0.84,47.0
105.0,200.0,0.003,0.51,7.6
107.4,190.0,0.005,0.43,5.9
100.1,140.0,0.011,0.35,2.0
110.0,240.0,0.014,0.58,13.4
92.7,80.0,0.011,0.56,5.0
130.1,240.0,0.007,1.07,176.0
113.5,150.0,0.005,0.48,3.4
87.0,170.0,0.012,0.6,8.0
98.0,220.0,0.007,0.252,8.0
98.0,180.0,0.011,0.25,2.0
116.4,310.0,0.011,1.01,115.0
114.0,240.0,0.01,0.49,7.4
102.5,140.0,0.002,0.28,4.9
127.0,190.0,0.006,0.4,10.0
116.0,140.0,0.003,0.3,3.7
108.0,130.0,0.036,0.83,19.0
107.9,200.0,0.011,0.69,6.0
84.7,130.0,0.004,0.34,7.0
97.1,155.0,0.011,0.59,70.0
107.0,170.0,0.003,0.48,28.7
136.1,235.0,0.011,0.76,6.0
106.0,140.0,0.003,0.31,3.0
104.0,120.0,0.019,0.5,5.0
113.0,280.0,0.003,0.42,5.5
101.0,120.0,0.003,0.55,10.0
126.8,180.0,0.004,0.29,2.0
94.5,125.0,0.011,0.62,4.0
117.5,160.0,0.001,0.32,5.0
102.1,200.0,0.002,0.31,3.6
115.0,170.0,0.001,0.34,6.8
81.6,350.0,0.011,1.27,60.0
102.2,210.0,0.005,0.41,10.5
113.2,220.0,0.011,0.4,2.0
96.0,125.0,0.004,0.2,2.0
102.0,310.0,0.005,0.91,99.8
119.8,170.0,0.011,0.27,2.0
104.5,300.0,0.011,0.55,3.0
94.0,130.0,0.0009,0.33,7.0
93.0,370.0,0.009,1.42,246.0
104.0,130.0,0.003,0.3,6.0
119.9,205.0,0.003,0.24,2.2
119.2,90.0,0.011,0.3,2.0
124.2,180.0,0.011,0.45,7.0
91.0,230.0,0.002,0.64,6.0
99.4,210.0,0.002,0.37,6.4
113.0,220.0,0.003,0.29,2.4
124.5,100.0,0.011,0.33,28.0
98.3,350.0,0.011,0.39,2.0
127.0,275.0,0.004,0.46,21.4
110.0,100.0,0.003,0.52,2.0
123.5,140.0,0.006,0.42,9.2
101.1,330.0,0.002,0.55,23.2
117.8,245.0,0.011,0.72,2.0
70.2,235.0,0.011,0.47,2.0
106.0,490.0,0.008,0.46,8.0
100.0,260.0,0.009,0.43,17.5
115.6,475.0,0.004,0.41,5.0
151.1,475.0,0.005,0.18,4.4
95.9,350.0,0.011,0.2,3.0
141.9,540.0,0.004,0.53,1.6
100.7,150.0,0.01,0.96,21.0
90.0,320.0,0.002,0.1,2.0
115.5,390.0,0.019,0.34,20.4
123.0,210.0,0.009,1.401,6.0
84.4,220.0,0.007,1.76,35.0
104.0,520.0,0.005,0.21,4.4
104.0,500.0,0.015,1.4,38.8
95.8,330.0,0.015,0.72,14.0
123.0,380.0,0.007,0.24,11.0
79.0,380.0,0.005,0.3,8.0
104.0,390.0,0.004,0.2,7.0
99.7,350.0,0.006,0.23,2.9
107.0,280.0,0.006,0.18,4.1
103.0,330.0,0.019,0.83,8.8
127.3,420.0,0.015,0.42,4.3
112.3,340.0,0.004,0.31,2.7
126.9,375.0,0.013,0.27,11.2
112.3,240.0,0.009,0.39,10.3
107.0,380.0,0.004,0.31,3.2
110.0,190.0,0.008,0.17,8.1
102.0,276.0,0.022,0.99,57.4
131.7,460.0,0.006,0.26,4.0
104.0,380.0,0.006,0.25,2.7
122.8,305.0,0.009,0.37,2.0
98.0,210.0,0.011,0.43,12.7
103.6,190.0,0.006,0.27,4.9
108.2,340.0,0.008,0.19,1.6
106.0,340.0,0.008,0.27,13.4
109.0,280.0,0.011,0.48,6.0
123.1,335.0,0.005,0.36,4.2
128.0,240.0,0.007,0.52,15.0
103.0,270.0,0.008,0.44,4.0
117.1,250.0,0.006,0.39,6.8
109.1,385.0,0.007,0.69,18.0
96.9,200.0,0.008,0.45,2.0
37.8,320.0,0.011,0.32,5.0
99.4,250.0,0.012,0.67,11.0
139.9,320.0,0.007,0.72,4.1
104.7,420.0,0.004,0.2,2.0
108.0,180.0,0.007,0.41,10.5
112.1,290.0,0.009,0.59,23.0
93.7,350.0,0.012,0.31,17.0
113.7,420.0,0.004,0.33,8.1
149.8,310.0,0.004,0.25,6.4
98.0,250.0,0.004,0.463,2.0
120.8,340.0,0.003,0.29,3.4
121.6,275.0,0.009,0.34,12.0
114.4,250.0,0.018,0.72,5.1
93.3,250.0,0.015,1.88,190.8
111.0,320.0,0.004,0.34,11.0
96.2,200.0,0.017,0.97,19.0
129.0,200.0,0.004,0.64,5.0
124.6,490.0,0.011,0.33,2.7
137.7,650.0,0.004,0.48,6.8
119.0,270.0,0.006,0.08,5.0
90.5,225.0,0.009,0.92,4.0
98.2,360.0,0.011,0.89,37.0
115.3,340.0,0.007,0.44,9.8
113.6,550.0,0.011,0.66,4.7
99.0,230.0,0.008,0.52,7.0
109.0,320.0,0.006,0.74,87.7
127.8,320.0,0.008,0.53,24.6
99.5,250.0,0.005,0.21,31.0
116.0,220.0,0.002,0.5,8.0
116.4,210.0,0.011,0.2,4.0
125.0,290.0,0.01,0.5,20.0
132.4,400.0,0.006,0.5,12.2
126.0,280.0,0.008,0.2,3.0
93.6,290.0,0.007,0.49,11.0
144.0,120.0,0.006,0.43,2.0
109.7,280.0,0.004,0.4,12.3
108.0,390.0,0.007,0.26,3.3
123.0,230.0,0.004,0.35,7.6
103.6,380.0,0.015,0.45,68.6
103.0,200.0,0.007,0.5,16.9
94.0,260.0,0.011,0.61,72.6
106.0,310.0,0.003,0.33,10.2
118.1,375.0,0.006,0.32,14.8
145.3,345.0,0.006,0.45,9.5
123.0,330.0,0.005,1.022,2.0
122.0,500.0,0.007,0.25,2.4
110.1,600.0,0.014,0.78,32.7
104.0,430.0,0.005,0.26,3.1
115.1,340.0,0.008,0.31,4.1
141.0,220.0,0.005,0.25,2.2
118.7,410.0,0.011,0.34,3.0
103.3,350.0,0.01,0.26,4.2
117.3,270.0,0.012,0.42,3.9
113.0,335.0,0.007,0.34,2.4
92.4,200.0,0.012,0.33,3.3
98.0,250.0,0.019,0.3,5.6
120.4,295.0,0.011,0.41,5.7
112.8,190.0,0.036,0.6,65.6
100.0,430.0,0.011,0.33,14.7
106.0,315.0,0.012,0.28,4.1
101.8,260.0,0.014,0.24,40.7
108.4,280.0,0.012,0.21,6.4
105.0,215.0,0.014,0.47,23.4
102.0,210.0,0.012,0.38,6.7
90.3,280.0,0.016,0.58,11.4
110.8,250.0,0.011,0.23,5.0
108.0,390.0,0.02,0.21,21.1
98.0,240.0,0.009,0.29,17.3
138.0,370.0,0.014,0.44,20.9
110.2,190.0,0.008,0.28,8.5
103.6,380.0,0.01,0.21,20.0
90.0,500.0,0.016,0.62,59.0
114.0,210.0,0.008,0.17,13.4
105.0,290.0,0.008,0.46,9.7
91.7,410.0,0.004,0.33,22.2
109.0,390.0,0.01,0.23,7.2
74.0,190.0,0.009,0.22,15.4
115.6,260.0,0.01,0.31,6.9
95.7,800.0,0.028,0.83,258.0
78.0,310.0,0.006,0.15,3.8
102.0,190.0,0.005,0.29,7.1
116.4,380.0,0.013,0.16,2.5
112.5,205.0,0.003,0.22,2.3
122.7,230.0,0.007,0.2,5.6
101.4,330.0,0.009,0.16,5.5
101.0,350.0,0.004,0.18,10.9
103.0,330.0,0.013,0.63,38.8
92.2,200.0,0.004,0.35,30.1
103.0,300.0,0.008,0.21,11.5
93.0,270.0,0.018,1.03,61.1
92.0,360.0,0.008,0.22,29.7
102.0,375.0,0.011,0.18,3.9
93.0,460.0,0.009,0.28,2.1
96.0,275.0,0.01,0.47,7.5
102.1,340.0,0.01,0.22,2.6
111.0,340.0,0.006,0.24,9.8
99.1,305.0,0.004,0.23,1.2
107.5,380.0,0.009,0.43,7.7
112.0,200.0,0.006,0.44,6.3
121.7,265.0,0.01,0.24,6.2
98.3,410.0,0.01,0.45,5.7
102.7,150.0,0.061,1.3,6.3
115.0,160.0,0.043,1.71,7.0
102.3,410.0,0.05,1.56,4.7
108.1,300.0,0.033,1.44,72.0
139.8,300.0,0.065,1.67,3.7
104.4,300.0,0.054,1.69,2.0
116.0,140.0,0.131,1.47,6.0
121.5,375.0,0.035,0.6,5.0
97.6,1000.0,0.056,3.88,108.0
135.3,250.0,0.062,1.28,8.0
103.5,450.0,0.055,2.37,15.0
97.4,410.0,0.091,2.02,97.0
143.0,450.0,0.048,1.065,5.0
120.7,180.0,0.081,2.32,9.8
125.0,260.0,0.1,1.52,62.0
105.0,205.0,0.045,0.974,8.0
104.5,190.0,0.066,0.67,2.3
97.0,340.0,0.051,1.01,14.0
121.6,270.0,0.059,0.76,2.0
264.3,450.0,0.039,1.38,53.0
129.0,220.0,0.055,0.8,4.0
131.4,210.0,0.038,1.27,95.6
119.0,280.0,0.034,0.59,5.9
120.0,300.0,0.048,1.01,8.0
107.5,240.0,0.055,1.05,6.0
124.1,250.0,0.073,1.27,5.0
160.8,300.0,0.069,0.58,3.6
108.8,310.0,0.039,0.93,2.0
118.1,385.0,0.031,0.54,10.1
122.0,210.0,0.042,0.68,1.5
117.0,210.0,0.053,0.95,7.0
139.0,180.0,0.056,0.83,8.4
152.0,150.0,0.045,0.3,7.1
186.7,185.0,0.043,0.54,1.7
128.7,180.0,0.034,0.77,2.5
118.0,270.0,0.049,0.9,15.0
106.0,250.0,0.05,1.26,2.0
130.0,200.0,0.679,0.978,2.0
114.8,270.0,0.046,1.0,2.0
108.5,195.0,0.024,0.42,4.7
96.5,340.0,0.135,1.76,28.0
115.2,250.0,0.031,0.76,3.0
130.2,240.0,0.046,0.56,2.0
97.9,600.0,0.029,1.13,40.0
130.0,280.0,0.052,0.74,12.0
116.0,250.0,0.07,1.3,3.0
157.0,330.0,0.036,0.68,2.1
105.9,310.0,0.059,1.81,6.0
99.0,215.0,0.053,1.0,14.0
104.1,300.0,0.046,1.94,5.0
125.5,240.0,0.034,0.679,2.0
117.4,110.0,0.045,1.42,3.0
112.0,65.0,0.05,1.26,79.0
102.0,170.0,0.043,1.5,14.5
97.1,320.0,0.074,1.3,2.0
116.5,300.0,0.062,1.14,27.4
127.5,300.0,0.042,0.66,2.0
133.0,230.0,0.052,1.25,4.0
111.9,90.0,0.073,1.5,11.9
141.3,280.0,0.052,0.95,4.0
152.26,320.0,0.019,0.69,6.7
100.8,450.0,0.055,2.28,33.0
160.0,320.0,0.039,1.231,3.0
145.2,155.0,0.049,0.74,1.7
118.7,340.0,0.068,1.88,9.0
121.1,110.0,0.105,1.58,11.0
124.8,200.0,0.062,1.69,6.1
141.0,110.0,0.037,3.29,7.0
142.7,310.0,0.056,1.44,9.5
112.0,220.0,0.066,1.92,18.0
128.0,180.0,0.089,0.08,7.0
142.2,265.0,0.072,0.89,91.6
102.4,500.0,0.072,3.65,15.0
112.4,460.0,0.06,1.33,7.0
110.5,550.0,0.05,1.12,20.1
171.5,300.0,0.052,1.08,9.2
106.0,260.0,0.072,1.74,58.0
129.7,250.0,0.055,1.33,4.0
124.0,300.0,0.038,1.272,2.0
131.2,280.0,0.031,1.07,6.0
140.0,160.0,0.019,1.13,4.0
115.1,150.0,0.041,0.67,7.7
116.8,260.0,0.047,0.572,10.2
206.3,270.0,0.038,1.09,7.0
172.9,240.0,0.043,0.94,4.9
132.8,500.0,0.055,1.45,4.0
153.9,800.0,0.064,2.86,14.0
138.4,200.0,0.07,0.74,2.1
162.0,240.0,0.075,1.098,2.0
113.1,330.0,0.044,0.83,25.9
120.0,160.0,0.038,1.05,112.0
141.3,290.0,0.053,0.74,2.0
113.0,220.0,0.025,0.53,4.0
142.1,400.0,0.046,0.79,18.9
169.2,250.0,0.033,0.5,3.3
114.0,180.0,0.041,0.95,4.0
127.7,305.0,0.055,1.12,7.0
143.5,240.0,0.029,0.88,5.1
112.5,80.0,0.055,1.07,36.0
151.5,350.0,0.035,0.73,14.0
177.9,310.0,0.055,1.1,4.0
134.2,225.0,0.055,1.5,3.0
123.3,255.0,0.061,0.97,3.9
144.5,210.0,0.018,1.24,5.0
118.7,120.0,0.037,0.88,46.4
144.7,270.0,0.058,1.48,2.0
188.4,260.0,0.083,1.07,5.1
144.0,270.0,0.046,0.39,6.4
200.6,180.0,0.1,0.72,7.2
140.4,335.0,0.093,1.23,9.1
141.0,295.0,0.075,1.62,9.0
135.6,300.0,0.136,1.85,9.0
118.0,190.0,0.064,1.02,5.0
116.8,60.0,0.061,0.84,84.0
194.0,240.0,0.0009,0.71,8.0
148.5,265.0,0.067,0.8,7.2
95.6,250.0,0.127,2.34,13.0
149.6,100.0,0.204,1.5,2.0
103.7,355.0,0.066,1.43,54.0
110.5,240.0,0.05,1.29,127.0
193.7,85.0,0.122,0.99,11.0
141.0,200.0,0.163,0.96,2.6
106.0,270.0,0.04,0.93,133.0
151.9,280.0,0.075,0.71,8.0
117.0,250.0,0.127,1.04,3.0
160.4,290.0,0.088,0.71,5.0
123.0,130.0,0.158,0.64,2.0
181.0,285.0,0.096,0.8,5.0
151.4,240.0,0.117,1.01,2.5
157.2,250.0,0.114,0.51,7.6
151.5,285.0,0.13,0.91,6.0
119.0,210.0,0.0009,1.29,15.0
132.0,180.0,0.194,1.38,4.8
83.9,230.0,0.08,0.75,5.0
93.8,390.0,0.046,1.7,284.0
126.0,200.0,0.117,0.98,8.0
166.0,240.0,0.082,0.79,3.0
115.7,250.0,0.063,0.99,159.0
120.9,275.0,0.071,1.1,3.0
141.0,270.0,0.108,1.0,5.0
145.0,260.0,0.14,0.62,2.1
121.0,340.0,0.099,1.13,2.0
96.7,600.0,0.028,1.31,162.0
147.0,230.0,0.188,0.74,4.1
137.5,260.0,0.055,0.65,4.3
107.1,245.0,0.055,1.14,21.0
205.6,240.0,0.064,0.48,9.0
98.9,385.0,0.328,1.22,6.0
100.0,240.0,0.249,1.068,25.0
97.6,340.0,0.067,0.89,8.2
131.2,90.0,0.061,0.68,3.0
136.1,320.0,0.025,0.71,11.0
96.9,255.0,0.078,2.26,54.0
108.0,230.0,0.098,0.9,3.0
113.0,300.0,0.066,0.8,5.0
119.7,350.0,0.04,0.56,6.4
217.8,225.0,0.291,0.85,3.0
122.0,410.0,0.06,1.3,54.7
155.3,200.0,0.102,0.89,2.0
120.0,220.0,0.131,1.06,4.7
114.4,200.0,0.041,0.61,3.7
122.0,250.0,0.054,0.72,2.0
145.8,320.0,0.111,0.88,4.0
105.1,180.0,0.067,1.0,13.6
91.0,270.0,0.08,1.76,46.0
97.4,220.0,0.128,2.96,15.0
174.4,225.0,0.075,0.63,2.2
117.5,220.0,0.083,1.19,2.0
98.0,1150.0,0.02,0.65,8.0
97.9,200.0,0.007,0.41,5.3
120.4,255.0,0.002,0.14,2.1
158.3,760.0,0.005,0.31,5.0
95.7,540.0,0.011,0.27,5.0
158.9,350.0,0.005,0.38,3.4
86.0,360.0,0.007,0.12,6.0
120.0,310.0,0.022,0.39,13.4
123.0,350.0,0.004,1.305,2.0
90.5,120.0,0.018,1.02,14.0
102.6,855.0,0.007,0.31,4.5
92.8,200.0,0.011,0.73,10.0
98.1,370.0,0.011,0.43,8.0
120.0,810.0,0.006,0.47,3.0
83.0,130.0,0.006,0.726,7.9
101.0,200.0,0.007,0.29,66.9
105.2,280.0,0.005,0.34,3.6
108.0,240.0,0.012,0.51,3.9
102.0,270.0,0.007,1.02,9.6
128.4,330.0,0.008,0.38,3.5
114.6,170.0,0.004,0.4,1.4
124.0,410.0,0.005,0.22,9.2
120.2,365.0,0.006,0.47,7.0
112.0,230.0,0.004,0.39,4.0
106.0,165.0,0.007,0.27,12.8
104.0,300.0,0.014,1.01,12.4
130.8,220.0,0.003,0.28,2.2
104.1,285.0,0.004,0.33,1.6
120.4,195.0,0.007,0.4,1.3
87.0,165.0,0.007,0.8200000000000001,7.7
101.5,210.0,0.003,0.31,6.3
102.7,350.0,0.006,0.28,1.8
101.0,190.0,0.01,0.85,7.8
124.0,170.0,0.007,0.67,11.0
109.0,290.0,0.005,0.51,3.0
121.8,300.0,0.002,0.29,1.6
129.0,210.0,0.002,0.43,7.0
106.0,285.0,0.005,0.4,8.0
113.3,375.0,0.002,0.37,3.8
97.3,200.0,0.005,0.58,2.0
38.0,250.0,0.014,0.74,66.0
98.1,265.0,0.004,1.12,52.0
160.9,740.0,0.005,0.34,3.5
98.8,200.0,0.005,0.35,2.0
106.0,210.0,0.005,0.4,4.8
116.3,300.0,0.003,0.38,7.9
97.5,220.0,0.011,0.38,9.0
108.4,700.0,0.004,0.37,5.7
112.0,65.0,0.004,0.6,3.0
146.6,455.0,0.007,0.34,3.9
97.0,340.0,0.006,0.5,5.0
122.7,220.0,0.002,0.38,1.8
110.6,270.0,0.007,0.31,4.6
99.2,425.0,0.007,0.45,10.8
91.8,180.0,0.007,0.84,49.7
100.0,770.0,0.006,0.39,12.0
97.0,390.0,0.011,0.77,48.0
121.0,180.0,0.003,0.76,2.0
125.0,450.0,0.011,0.34,4.2
145.8,790.0,0.006,0.82,7.8
109.0,465.0,0.004,0.08,4.0
88.6,510.0,0.01,0.74,7.0
98.6,340.0,0.011,0.6,26.0
116.3,340.0,0.003,0.39,8.8
108.0,450.0,0.005,0.41,5.1
101.0,280.0,0.029,0.59,3.0
106.1,350.0,0.002,0.47,14.1
127.5,310.0,0.005,0.43,15.9
96.7,225.0,0.006,0.49,15.5
111.0,260.0,0.002,0.47,8.0
96.2,210.0,0.011,0.2,2.0
118.1,285.0,0.005,0.3,4.4
132.4,460.0,0.005,0.4,8.6
126.0,250.0,0.005,0.2,4.0
96.8,85.0,0.005,0.54,12.0
74.3,320.0,0.003,0.38,6.4
120.2,280.0,0.006,0.26,9.9
101.0,390.0,0.005,0.52,30.2
123.4,295.0,0.004,0.38,5.8
105.0,180.0,0.004,0.5,15.6
101.1,250.0,0.013,0.75,26.1
97.0,180.0,0.017,1.14,13.5
103.0,255.0,0.009,0.44,17.2
120.1,355.0,0.004,0.41,23.9
150.3,365.0,0.003,0.38,7.8
110.0,160.0,0.002,0.614,2.0
113.0,200.0,0.007,0.37,5.1
106.4,390.0,0.004,0.69,35.8
99.0,340.0,0.004,0.37,4.8
114.3,255.0,0.006,0.43,4.7
109.0,180.0,0.006,0.36,6.2
113.3,320.0,0.011,0.42,6.9
101.9,220.0,0.009,0.42,4.9
114.7,220.0,0.007,0.53,4.6
111.0,200.0,0.008,0.47,6.0
91.7,270.0,0.014,0.5,4.5
101.0,220.0,0.0139999999999999,0.77,16.0
132.6,305.0,0.008,0.42,4.1
115.1,210.0,0.011,0.47,29.4
115.0,150.0,0.074,1.06,16.7
116.0,200.0,0.019,1.225,34.5
115.2,175.0,0.008,0.37,3.4
130.0,200.0,0.008,0.37,3.1
113.0,270.0,0.007,0.35,6.9
111.0,240.0,0.011,0.41,8.5
92.5,300.0,0.008,0.57,12.0
119.1,195.0,0.007,0.34,5.0
158.0,315.0,0.013,0.38,6.1
102.0,150.0,0.0209999999999999,0.817,12.6
140.0,385.0,0.06,1.01,11.3
110.4,210.0,0.007,0.4,3.8
101.9,200.0,0.012,0.38,5.9
114.0,660.0,0.005,0.37,2.5
121.0,175.0,0.007,0.34,2.2
104.0,260.0,0.0349999999999999,2.37,33.9
96.7,265.0,0.009,0.49,5.2
103.2,180.0,0.022,0.46,6.9
102.0,140.0,0.025,0.89,8.6
119.3,220.0,0.009,0.41,9.8
97.9,635.0,0.007,0.63,64.2
83.0,265.0,0.011,0.8400000000000001,9.0
109.0,190.0,0.008,0.96,4.3
122.7,140.0,0.013,0.34,2.1
117.4,190.0,0.004,0.36,2.6
105.9,320.0,0.007,0.44,62.6
68.3,410.0,0.008,0.31,3.4
106.0,180.0,0.011,0.957,5.3
93.1,230.0,0.01,0.36,5.1
94.0,300.0,0.006,0.44,9.9
102.0,120.0,0.019,0.85,10.8
90.0,330.0,0.013,2.16,116.4
87.0,370.0,0.011,0.64,22.5
104.4,140.0,0.007,0.35,2.3
121.0,490.0,0.008,0.27,2.7
96.0,135.0,0.008,1.09,24.9
102.4,290.0,0.007,0.36,1.8
110.0,150.0,0.009,0.29,1.7
104.1,200.0,0.002,0.87,20.9
81.7,180.0,0.006,0.39,2.8
101.0,110.0,0.01,0.8899999999999999,30.7
119.0,245.0,0.006,0.32,3.0
99.9,210.0,0.006,0.53,10.5
102.8,-99.0,0.005,0.39,5.6
135.4,900.0,0.02,0.84,2.6
121.0,390.0,0.013,0.33,5.0
135.9,320.0,0.029,0.85,39.1
115.9,610.0,0.09,0.59,1.7
113.1,205.0,0.009,0.42,5.7
135.6,475.0,0.015,0.51,13.1
128.9,280.0,0.007,0.54,8.3
152.0,370.0,0.012,0.22,9.2
117.1,650.0,0.035,1.26,109.0
124.0,120.0,0.008,0.48,4.7
122.0,175.0,0.009,0.4,13.7
121.5,400.0,0.011,0.4,8.6
160.0,200.0,0.008,0.3,5.4
126.9,310.0,0.008,0.46,3.2
116.0,235.0,0.015,0.8,5.0
100.3,320.0,0.015,0.42,9.3
114.8,260.0,0.009,0.46,9.4
113.0,450.0,0.021,0.9,3.0
146.2,325.0,0.012,0.5,8.1
118.2,310.0,0.008,0.49,10.0
100.0,370.0,0.024,0.76,32.1
119.4,320.0,0.036,0.76,71.2
130.8,1000.0,0.013,0.47,2.7
138.3,250.0,0.016,0.51,13.4
121.0,390.0,0.033,0.62,9.2
120.0,490.0,0.023,0.68,6.3
145.6,500.0,0.026,0.76,6.6
145.5,510.0,0.037,0.94,95.4
114.2,225.0,0.032,0.88,21.6
147.0,210.0,0.014,0.49,7.9
120.8,330.0,0.016,0.6,37.0
110.7,200.0,0.015,0.65,62.7
144.3,750.0,0.039,0.49,343.0
121.3,270.0,0.012,0.61,25.4
112.2,470.0,0.019,0.37,97.4
125.4,460.0,0.02,1.15,97.3
153.2,400.0,0.016,0.54,19.9
134.4,165.0,0.008,0.36,9.2
127.5,330.0,0.012,0.56,6.2
114.6,510.0,0.032,1.36,198.0
124.1,530.0,0.017,0.58,16.2
149.2,70.0,0.017,0.48,4.9
134.6,450.0,0.026,0.65,62.3
118.7,150.0,0.022,0.63,5.2
117.1,340.0,0.041,0.56,141.0
139.9,560.0,0.017,0.59,8.1
113.5,260.0,0.042,0.95,141.0
122.0,105.0,0.025,0.51,6.6
105.0,390.0,0.031,1.15,229.0
100.3,300.0,0.041,1.04,48.1
164.6,120.0,0.014,0.53,4.4
141.0,205.0,0.064,0.7,5.0
133.9,155.0,0.009,0.45,10.6
122.4,100.0,0.014,0.44,4.1
142.0,130.0,0.02,0.45,6.3
104.0,325.0,0.024,0.85,58.7
117.6,550.0,0.091,2.55,479.0
137.8,125.0,0.014,0.54,3.9
167.0,270.0,0.012,0.7,5.0
128.0,170.0,0.01,0.65,9.3
131.2,340.0,0.02,0.46,4.5
162.0,165.0,0.078,0.38,7.3
154.6,100.0,0.016,0.42,20.7
108.9,90.0,0.011,0.39,6.8
119.0,230.0,0.017,0.54,19.4
141.0,225.0,0.012,0.49,8.2
111.0,170.0,0.01,0.5,5.0
124.1,180.0,0.011,0.43,43.8
121.5,220.0,0.043,1.05,57.0
132.0,250.0,0.008,0.44,1.1
121.0,150.0,0.015,0.26,3.8
116.0,235.0,0.011,0.41,16.7
109.5,520.0,0.012,0.69,16.7
171.3,310.0,0.011,0.38,6.7
106.0,340.0,0.024,0.7,3.0
100.7,290.0,0.009,0.55,3.2
124.9,180.0,0.008,0.5,4.0
138.0,210.0,0.01,0.23,2.1
99.6,150.0,0.011,0.58,2.0
122.7,480.0,0.011,0.53,2.5
93.8,110.0,0.055,0.84,8.0
100.0,160.0,0.04,0.24,10.0
116.0,285.0,0.052,0.82,323.0
126.0,320.0,0.024,1.975,15.0
92.8,300.0,0.022,1.47,51.0
108.0,420.0,0.011,0.37,3.6
99.1,250.0,0.052,1.38,19.0
97.5,280.0,0.015,0.8,11.0
124.0,230.0,0.077,0.94,59.0
92.0,180.0,0.009,0.63,18.4
104.4,505.0,0.006,0.57,14.7
96.0,200.0,0.004,0.44,25.0
111.0,160.0,0.006,0.38,6.5
131.0,235.0,0.039,0.16,111.0
130.0,150.0,0.012,0.72,8.1
117.1,120.0,0.003,0.46,5.4
130.9,145.0,0.012,0.26,39.2
124.0,160.0,0.013,0.73,10.9
115.0,230.0,0.003,0.46,5.7
107.0,150.0,0.003,0.37,49.7
107.0,210.0,0.044,1.47,34.4
141.6,140.0,0.002,0.37,3.5
111.0,125.0,0.004,0.4,2.9
128.9,120.0,0.006,0.64,4.9
101.0,180.0,0.014,0.63,17.9
105.4,600.0,0.006,0.55,10.9
122.0,180.0,0.004,0.39,2.9
105.0,200.0,0.039,1.21,36.3
117.0,270.0,0.03,0.8,7.0
126.4,205.0,0.012,0.61,19.4
132.0,170.0,0.016,0.73,26.0
110.0,220.0,0.093,0.83,13.0
115.9,155.0,0.007,0.56,5.8
103.2,220.0,0.022,1.21,4.0
99.3,175.0,0.012,0.84,2.0
33.4,120.0,0.011,0.62,3.0
99.4,225.0,0.022,1.06,14.0
111.0,190.0,0.011,0.47,3.8
98.6,110.0,0.022,0.46,2.0
109.0,340.0,0.009,0.54,5.5
116.1,220.0,0.018,0.99,57.4
95.4,160.0,0.015,0.4,5.0
109.1,145.0,0.013,0.44,49.4
178.0,175.0,0.012,0.45,3.2
129.0,175.0,0.008,0.16,5.0
91.0,300.0,0.011,0.755,15.0
116.1,405.0,0.009,0.37,4.0
121.4,320.0,0.021,0.76,7.8
95.0,300.0,0.026,1.92,74.0
101.0,140.0,0.038,0.7,3.0
98.0,750.0,0.017,0.67,42.0
140.0,280.0,0.016,0.12,10.0
130.0,190.0,0.018,0.37,3.7
142.7,240.0,0.02,0.75,5.9
115.0,180.0,0.032,0.08,9.0
100.5,170.0,0.011,1.8,138.0
143.0,240.0,0.009,0.73,12.7
103.5,200.0,0.018,0.76,7.4
102.0,280.0,0.017,0.6,12.0
113.0,510.0,0.01,0.59,9.5
129.4,590.0,0.017,0.71,31.3
104.4,100.0,0.011,0.5,2.0
114.0,185.0,0.009,0.92,18.0
106.3,140.0,0.011,0.61,2.0
114.0,260.0,0.009,0.721,2.0
122.3,205.0,0.018,0.71,28.6
135.4,170.0,0.017,0.65,9.8
117.7,100.0,0.022,1.31,7.0
115.9,50.0,0.022,0.87,8.0
123.0,260.0,0.008,0.57,6.1
133.5,200.0,0.014,0.18,11.0
124.0,320.0,0.007,0.39,9.4
125.4,500.0,0.011,0.75,14.3
109.0,250.0,0.016,0.74,28.1
108.0,160.0,0.017,0.72,46.4
111.0,220.0,0.011,0.56,9.8
125.0,115.0,0.011,0.5,23.7
163.0,120.0,0.005,0.4,3.5
126.0,440.0,0.016,0.927,10.0
113.0,300.0,0.015,0.7,31.7
107.2,500.0,0.033,1.11,23.5
125.0,300.0,0.006,0.53,7.9
122.8,560.0,0.02,0.71,8.0
110.0,180.0,0.011,0.49,8.6
112.3,260.0,0.039,0.76,12.0
102.8,135.0,0.011,0.58,34.0
113.0,130.0,0.012,0.65,8.9
109.0,175.0,0.018,0.74,22.7
86.6,250.0,0.01,0.68,4.9
109.0,120.0,0.03,0.71,40.8
116.7,360.0,0.018,0.66,118.0
109.0,150.0,0.068,0.7,99.6
107.0,200.0,0.04,1.32,90.5
108.0,130.0,0.004,1.01,163.0
115.1,200.0,0.021,0.85,28.9
120.0,210.0,0.01,0.68,34.6
114.0,200.0,0.015,0.68,21.8
113.0,180.0,0.018,0.66,59.4
92.5,120.0,0.075,1.22,54.0
154.1,200.0,0.007,0.59,23.2
47.0,300.0,0.009,0.36,4.9
112.0,160.0,0.024,0.91,34.3
112.0,310.0,0.06,1.6,139.0
114.4,200.0,0.016,0.68,28.7
107.1,190.0,0.004,0.73,39.7
95.0,300.0,0.091,2.9,613.0
150.0,160.0,0.004,1.92,139.0
105.0,360.0,0.032,3.75,71.3
99.3,120.0,0.008,0.82,28.6
101.4,240.0,0.019,0.72,40.7
113.0,130.0,0.009,0.73,64.5
115.8,170.0,0.012,0.65,32.9
97.6,575.0,0.004,1.02,195.0
72.0,180.0,0.002,0.69,54.8
112.0,200.0,0.005,0.7,13.7
128.3,270.0,0.009,0.48,16.6
87.6,150.0,0.005,0.44,24.0
92.5,135.0,0.007,0.44,22.6
104.2,180.0,0.021,0.68,62.8
123.0,200.0,0.004,0.63,58.3
107.7,350.0,0.014,0.825,90.5
84.0,225.0,0.002,0.55,2.1
103.0,110.0,0.008,0.82,86.7
92.0,330.0,0.027,1.53,81.6
95.0,225.0,0.006,0.44,24.9
105.0,190.0,0.006,0.45,23.0
124.0,210.0,0.006,0.39,12.2
101.0,125.0,0.006,0.76,96.9
108.1,200.0,0.005,0.4,9.9
114.0,170.0,0.008,0.46,17.1
99.3,220.0,0.002,0.37,6.2
80.8,160.0,0.012,0.64,15.9
96.0,130.0,0.008,0.77,37.8
136.0,110.0,0.006,0.39,8.2
107.1,225.0,0.01,0.8,11.3
87.0,360.0,0.009,0.55,4.0
99.1,190.0,0.006,0.45,8.3
117.0,250.0,0.003,0.47,12.8
154.2,240.0,0.004,0.74,12.7
93.8,270.0,0.011,0.4,4.0
115.5,155.0,0.003,0.79,33.8
94.1,285.0,0.007,0.72,8.0
106.0,190.0,0.002,0.2,51.0
115.6,240.0,0.022,0.59,15.8
123.0,210.0,0.006,1.2839999999999998,3.0
85.3,250.0,0.01,1.67,11.0
106.8,265.0,0.007,0.36,7.8
89.9,310.0,0.011,0.83,2.0
94.1,360.0,0.011,0.48,12.0
108.0,210.0,0.006,0.49,3.0
80.0,125.0,0.003,0.93,3.4
101.0,160.0,0.003,0.4,3.5
101.9,130.0,0.005,0.42,2.7
112.0,170.0,0.008,0.38,1.3
98.0,200.0,0.013,0.44,10.4
130.2,210.0,0.007,0.39,2.9
114.15,210.0,0.002,0.39,1.9
126.8,105.0,0.003,0.26,5.3
116.7,190.0,0.006,0.56,8.1
110.0,220.0,0.005,0.42,8.1
106.0,95.0,0.011,0.36,5.5
100.0,260.0,0.005,0.47,5.0
137.5,190.0,0.005,0.34,4.3
110.2,150.0,0.004,0.25,4.1
122.9,195.0,0.014,0.45,1.8
90.0,125.0,0.009,0.44,6.9
104.1,125.0,0.008,0.39,3.6
135.9,190.0,0.009,0.34,3.9
101.0,140.0,0.008,0.46,3.5
106.0,280.0,0.008,0.56,4.0
124.0,180.0,0.003,0.43,4.2
126.0,180.0,0.006,0.56,10.0
101.0,180.0,0.006,0.53,5.0
112.1,160.0,0.004,0.45,6.2
94.9,300.0,0.006,1.58,14.0
97.0,180.0,0.006,0.83,2.0
38.2,250.0,0.018,0.66,7.0
96.9,350.0,0.006,1.04,6.0
151.1,230.0,0.006,0.47,6.1
97.3,200.0,0.006,0.53,2.0
107.0,180.0,0.006,0.44,3.8
118.5,230.0,0.004,0.49,10.2
97.5,150.0,0.01,0.39,2.0
107.5,330.0,0.004,0.42,7.2
123.0,245.0,0.006,0.39,8.8
107.0,350.0,0.011,0.533,2.0
126.0,320.0,0.002,0.27,2.0
111.1,290.0,0.006,0.42,8.7
91.5,140.0,0.008,0.46,4.1
83.1,150.0,0.01,0.77,7.0
93.0,380.0,0.005,0.53,2.0
96.4,250.0,0.012,0.63,29.0
122.0,260.0,0.004,0.74,4.0
123.3,420.0,0.013,0.4,6.9
149.2,380.0,0.005,0.51,2.9
100.0,440.0,0.006,0.08,2.0
98.1,570.0,0.011,0.53,12.0
117.0,220.0,0.004,0.46,9.0
104.6,660.0,0.004,0.84,6.8
100.0,150.0,0.018,0.6,3.0
112.4,160.0,0.005,0.53,11.4
120.3,230.0,0.008,0.49,13.6
97.2,150.0,0.006,0.6,11.0
112.0,185.0,0.001,0.67,6.0
99.1,240.0,0.011,0.37,3.0
120.4,155.0,0.007,0.38,8.7
135.6,250.0,0.011,0.71,12.4
118.0,250.0,0.007,0.2,3.0
96.1,410.0,0.006,0.77,16.0
146.9,400.0,0.005,0.74,9.0
110.4,200.0,0.004,0.48,10.3
119.4,250.0,0.007,0.3,6.8
94.0,140.0,0.01,0.47,16.7
122.1,210.0,0.004,0.45,8.4
103.0,190.0,0.005,0.45,5.6
106.9,190.0,0.013,0.75,26.2
99.0,120.0,0.009,0.57,10.7
103.0,210.0,0.005,0.42,2.6
128.2,235.0,0.004,0.51,19.5
146.6,155.0,0.004,0.28,8.1
110.0,190.0,0.003,0.464,3.0
108.0,200.0,0.007,0.39,4.6
99.1,310.0,0.006,0.61,15.1
102.0,130.0,0.004,0.39,12.6
112.5,145.0,0.007,0.46,5.0
106.0,100.0,0.005,0.45,2.7
112.0,170.0,0.01,0.45,2.8
100.7,180.0,0.01,0.36,2.4
116.5,180.0,0.008,0.46,3.6
106.0,120.0,0.012,0.52,2.1
88.5,150.0,0.026,0.56,3.2
95.0,110.0,0.016,0.49,6.7
121.6,235.0,0.008,0.47,5.9
109.9,150.0,0.012,0.55,38.6
101.0,155.0,0.008,0.39,4.9
105.0,120.0,0.008,0.43,4.1
97.4,160.0,0.01,0.47,4.8
100.4,160.0,0.01,0.38,3.9
103.0,150.0,0.008,0.54,9.3
89.0,110.0,0.008,0.69,15.0
111.0,180.0,0.007,0.37,3.6
93.0,140.0,0.013,0.65,51.7
96.0,120.0,0.011,0.43,4.9
124.0,170.0,0.009,0.49,10.9
104.3,145.0,0.009,0.49,3.4
98.5,160.0,0.008,0.33,2.5
92.0,180.0,0.004,0.54,11.3
109.0,140.0,0.005,0.35,3.7
102.0,160.0,0.006,0.82,7.8
89.7,300.0,0.005,0.99,35.1
100.9,190.0,0.008,0.44,7.6
97.0,110.0,0.005,0.38,5.3
118.2,150.0,0.008,0.49,2.9
93.1,340.0,0.004,0.64,76.0
79.0,135.0,0.005,0.32,2.2
98.0,150.0,0.003,0.44,3.3
115.3,180.0,0.007,0.36,3.5
108.5,150.0,0.003,0.39,1.4
108.5,65.0,0.006,0.38,1.4
97.9,170.0,0.004,0.35,5.4
103.0,100.0,0.003,0.31,4.7
104.0,190.0,0.008,0.46,7.9
86.5,225.0,0.003,2.75,77.8
105.0,110.0,0.003,0.41,3.7
81.0,270.0,0.008,1.4,93.2
90.0,150.0,0.006,0.36,1.7
103.0,155.0,0.007,0.3,2.4
102.0,200.0,0.008,0.28,1.8
96.0,110.0,0.005,0.44,8.4
99.9,130.0,0.007,0.47,2.9
109.0,140.0,0.004,0.22,1.1
97.6,80.0,0.002,0.48,185.0
81.4,225.0,0.003,0.37,6.7
101.0,100.0,0.003,0.29,1.4
122.9,110.0,0.004,0.33,3.6
99.2,215.0,0.005,0.5,15.0
100.9,240.0,0.019,0.55,18.0
109.0,380.0,0.012,0.7,2.0
104.8,395.0,0.032,2.99,2.2
103.8,130.0,0.026,1.22,9.0
145.0,330.0,0.036,0.34,5.1
101.7,380.0,0.028,0.81,3.0
89.4,80.0,0.014,1.56,118.0
97.0,260.0,0.036,0.39,5.0
111.5,420.0,0.009,0.23,4.6
99.8,300.0,0.044,1.37,37.0
126.0,280.0,0.026,1.3290000000000002,6.0
128.4,350.0,0.038,1.59,12.8
101.8,200.0,0.018,0.55,5.0
108.0,280.0,0.03,0.38,2.4
119.0,240.0,0.05,1.64,149.0
78.0,400.0,0.01,0.73,84.0
90.3,190.0,0.024,0.69,96.0
97.9,235.0,0.011,0.4,1.7
92.9,250.0,0.029,0.53,2.0
127.5,320.0,0.013,0.48,8.9
113.4,210.0,0.012,0.37,5.3
104.0,230.0,0.01,0.08,3.0
95.3,190.0,0.011,0.89,4.0
99.0,235.0,0.017,0.64,9.0
97.5,100.0,0.013,0.79,3.0
97.2,155.0,0.017,0.88,7.0
129.2,230.0,0.042,0.42,2.2
101.0,250.0,0.011,0.47,6.3
106.0,330.0,0.023,0.08,10.0
113.0,210.0,0.019,0.34,5.3
200.0,185.0,0.012,0.3,2.0
124.0,225.0,0.007,0.34,2.2
139.5,260.0,0.015,0.31,1.2
97.4,170.0,0.02,0.63,8.0
98.0,225.0,0.018,0.5,5.0
114.0,310.0,0.022,0.53,2.0
103.8,140.0,0.015,0.65,3.0
103.5,200.0,0.016,0.59,6.0
99.8,300.0,0.294,0.44,4.0
109.5,170.0,0.012,0.4,3.5
106.3,180.0,0.018,0.27,2.0
98.0,235.0,0.022,1.0,3.0
134.0,240.0,0.078,0.54,15.0
101.2,250.0,0.03,0.89,5.0
99.7,285.0,0.028,1.3,5.0
109.0,130.0,0.03,0.6,3.0
95.0,360.0,0.023,0.71,9.0
133.0,200.0,0.012,0.31,1.2
99.9,200.0,0.014,1.29,54.0
99.0,180.0,0.085,0.63,4.0
112.7,305.0,0.019,0.3,4.6
100.9,200.0,0.024,0.5,3.0
108.0,295.0,0.027,1.21,94.0
106.0,270.0,0.016,0.39,5.5
107.4,250.0,0.031,0.6,33.2
100.8,200.0,0.015,0.29,2.0
106.5,310.0,0.031,0.42,47.1
120.0,200.0,0.175,0.6,3.0
127.9,270.0,0.023,0.4,6.7
124.2,300.0,0.017,0.52,3.1
106.4,750.0,0.017,0.62,2.0
94.5,170.0,0.027,2.27,252.0
118.1,160.0,0.019,0.45,4.2
107.4,295.0,0.024,0.75,7.0
125.0,300.0,0.028,0.534,2.0
129.7,330.0,0.028,1.69,9.8
112.8,310.0,0.025,0.43,3.8
152.2,310.0,0.036,0.47,7.3
129.0,220.0,0.008,0.85,6.0
94.0,310.0,0.156,1.17,3.0
125.0,240.0,0.043,0.08,5.0
135.0,345.0,0.046,0.36,17.3
102.2,370.0,0.011,0.78,20.0
120.5,290.0,0.014,0.64,8.7
158.7,150.0,0.011,0.67,4.0
121.8,280.0,0.017,0.38,5.8
122.9,110.0,0.022,0.6,2.0
103.0,290.0,0.052,0.9,3.0
123.5,350.0,0.01,0.41,6.1
118.2,190.0,0.011,0.28,4.0
133.0,230.0,0.019,0.451,4.0
119.0,295.0,0.004,1.2,6.0
102.5,310.0,0.016,0.4,9.3
146.1,310.0,0.018,0.46,4.6
144.7,345.0,0.012,0.44,11.9
117.3,155.0,0.016,0.5,3.0
106.4,270.0,0.013,0.41,5.1
103.1,360.0,0.02,0.63,19.8
114.0,200.0,0.029,0.626,2.0
116.0,525.0,0.021,1.1,160.0
130.7,-99.0,0.014,0.59,4.0
140.8,425.0,0.014,0.57,14.8
101.0,220.0,0.005,0.18,7.0
178.2,150.0,0.012,0.39,4.6
98.0,360.0,0.042,1.11,20.0
149.9,125.0,0.017,0.97,39.0
95.9,200.0,0.022,1.08,68.0
121.8,305.0,0.007,0.43,4.8
122.8,240.0,0.012,0.52,3.0
143.1,290.0,0.011,0.79,3.0
111.8,190.0,0.022,0.97,10.0
84.0,320.0,0.039,0.421,14.0
106.7,315.0,0.027,0.85,6.5
135.2,145.0,0.011,0.65,3.0
140.1,240.0,0.015,0.58,3.0
104.8,400.0,0.016,0.65,48.2
170.6,220.0,0.035,0.6,6.4
165.0,295.0,0.021,0.58,3.4
92.6,175.0,0.061,0.73,20.9
117.8,245.0,0.027,0.67,8.9
103.0,350.0,0.027,0.68,10.0
105.5,120.0,0.03,0.68,5.0
79.0,260.0,0.045,1.08,33.0
105.1,235.0,0.033,0.8,31.0
70.0,210.0,0.181,0.88,45.0
94.2,260.0,0.042,0.92,15.0
114.7,270.0,0.033,0.49,8.1
89.0,90.0,0.052,1.28,37.0
92.9,240.0,0.011,0.82,35.0
94.5,180.0,0.037,0.91,33.0
96.8,500.0,0.035,1.67,206.0
101.0,230.0,0.033,0.55,22.4
92.7,330.0,0.049,2.33,583.0
124.1,240.0,0.018,0.66,32.0
201.5,190.0,0.038,0.76,57.0
106.1,190.0,0.025,0.46,12.7
78.0,260.0,0.077,0.232,24.0
104.0,230.0,0.027,0.6,15.0
125.0,240.0,0.013,0.59,12.0
104.3,170.0,0.014,0.55,12.0
111.6,230.0,0.013,0.5,18.5
96.5,260.0,0.012,0.47,21.2
97.0,370.0,0.057,1.0,62.0
112.0,260.0,0.014,0.96,111.0
88.3,220.0,0.044,0.58,9.0
95.6,185.0,0.022,0.79,15.0
107.1,155.0,0.019,0.46,13.3
94.9,60.0,0.019,1.06,30.0
83.0,200.0,0.009,0.75,21.0
91.3,400.0,0.022,0.91,30.0
109.0,480.0,0.03,1.35,167.0
110.0,230.0,0.021,0.79,49.0
95.0,200.0,0.012,0.6,5.0
103.0,305.0,0.021,0.52,16.0
94.0,225.0,0.012,0.55,11.0
100.8,120.0,0.029,0.41,14.0
148.6,225.0,0.01,0.32,2.6
128.6,190.0,0.008,0.31,4.1
98.9,205.0,0.022,0.71,9.0
92.0,240.0,0.013,0.2,13.0
119.1,205.0,0.005,0.31,5.4
114.0,200.0,0.011,0.7,23.0
96.8,285.0,0.019,0.46,7.0
133.4,210.0,0.011,0.4,8.0
106.8,330.0,0.01,0.5,10.7
96.6,310.0,0.022,0.66,7.0
86.0,190.0,0.652,0.59,22.0
108.0,250.0,0.017,0.4,19.0
81.0,190.0,0.017,0.713,32.0
137.4,200.0,0.014,0.56,2.0
107.0,200.0,0.021,0.73,16.9
104.8,295.0,0.013,0.53,9.0
125.2,210.0,0.04,0.71,4.0
89.8,320.0,0.039,1.0,86.1
79.0,260.0,0.01,0.42,6.9
95.9,225.0,0.019,0.52,3.0
95.8,195.0,0.028,0.65,3.0
103.5,180.0,0.01,0.64,8.2
100.0,250.0,0.019,1.45,4.0
99.7,250.0,0.022,0.96,2.0
106.7,285.0,0.014,0.88,5.0
136.8,270.0,0.03,0.44,2.9
100.9,160.0,0.025,0.33,4.6
102.0,360.0,0.024,0.6,6.0
91.5,145.0,0.042,0.5,5.8
104.4,310.0,0.02,0.44,2.0
142.0,165.0,0.044,0.49,5.3
99.1,120.0,0.036,0.87,2.0
85.5,130.0,0.055,1.19,15.0
94.0,250.0,0.037,0.38,8.0
109.8,220.0,0.01,0.45,2.7
98.0,150.0,0.055,1.56,39.0
122.0,240.0,0.031,1.529,8.0
128.2,260.0,0.044,0.56,13.8
101.2,210.0,0.027,0.66,3.0
90.7,470.0,0.056,0.4,2.9
120.0,240.0,0.058,1.78,95.0
78.0,280.0,0.018,0.614,70.0
98.2,290.0,0.042,0.67,7.0
87.7,150.0,0.008,0.37,0.9
89.1,270.0,0.011,0.56,2.0
125.2,205.0,0.012,0.47,8.1
111.7,155.0,0.014,0.18,3.7
101.0,160.0,0.009,0.25,3.0
93.7,205.0,0.011,0.95,5.0
96.0,185.0,0.02,0.78,13.0
93.6,220.0,0.032,0.89,3.0
103.1,175.0,0.013,0.87,5.0
134.0,215.0,0.017,0.42,2.8
112.6,305.0,0.024,0.56,21.9
98.0,150.0,0.007,0.42,3.2
115.0,130.0,0.01,0.39,3.2
111.0,170.0,0.025,0.08,16.0
198.4,290.0,0.015,0.44,4.2
125.3,210.0,0.009,0.4,4.2
142.0,245.0,0.007,0.31,2.2
100.5,185.0,0.022,0.48,6.0
91.0,240.0,0.02,0.6,5.0
115.0,290.0,0.026,0.562,11.0
114.7,200.0,0.014,0.81,2.0
103.8,300.0,0.02,0.62,3.0
100.1,180.0,0.013,0.44,7.8
106.6,235.0,0.012,0.45,4.1
109.6,190.0,0.02,0.34,2.0
98.3,170.0,0.035,0.62,6.0
122.0,170.0,1.65,1.0,19.0
102.0,250.0,0.044,0.85,11.0
97.9,200.0,0.046,1.37,8.0
99.0,250.0,0.037,0.5,3.0
95.0,290.0,0.054,0.63,22.0
129.8,230.0,0.014,0.39,3.2
95.8,230.0,0.021,0.88,2.0
102.6,160.0,0.055,0.76,6.0
106.6,205.0,0.011,0.34,4.0
102.8,200.0,0.055,0.58,2.0
105.0,225.0,0.039,1.27,110.0
111.0,160.0,0.026,0.52,22.6
109.9,435.0,0.036,0.27,41.1
98.0,200.0,0.016,0.41,2.0
103.7,275.0,0.019,0.29,8.5
106.0,140.0,0.145,0.81,6.0
132.9,240.0,0.021,0.37,3.0
123.5,195.0,0.02,0.37,2.0
105.2,170.0,0.094,0.83,4.0
93.0,140.0,0.055,2.16,264.0
111.3,230.0,0.038,0.39,3.6
106.9,340.0,0.048,0.91,5.0
114.0,200.0,0.029,0.465,2.0
122.5,175.0,0.036,0.35,11.8
113.3,470.0,0.037,0.4,4.5
143.8,400.0,0.038,0.52,8.4
128.0,160.0,0.01,0.78,5.0
90.0,280.0,0.0008,0.91,8.0
119.0,110.0,0.076,0.11,11.0
131.9,285.0,0.061,0.35,19.0
104.9,260.0,0.011,0.82,50.0
118.0,305.0,0.022,0.54,8.4
149.0,220.0,0.022,1.44,11.0
114.5,240.0,0.014,0.49,17.6
136.1,210.0,0.055,0.58,60.0
105.0,240.0,0.126,1.03,2.0
125.2,130.0,0.011,0.44,5.6
122.4,150.0,0.021,0.53,2.0
128.0,200.0,0.035,0.716,4.0
120.0,210.0,0.0009,0.39,8.0
101.0,260.0,0.022,0.3,5.8
163.4,230.0,0.028,0.63,9.8
141.3,300.0,0.021,0.75,48.9
123.4,280.0,0.055,0.73,10.0
95.6,90.0,0.055,1.84,4.0
101.3,210.0,0.012,0.51,5.2
101.0,330.0,0.036,0.65,126.0
100.0,140.0,0.031,0.618,2.0
112.5,290.0,0.024,0.82,131.0
158.8,260.0,0.016,0.56,2.0
133.8,380.0,0.022,0.64,19.9
100.0,160.0,0.01,0.29,7.0
169.2,180.0,0.017,0.25,4.4
90.0,330.0,0.045,1.35,35.0
142.5,140.0,0.055,1.03,8.0
92.7,210.0,0.055,1.03,64.0
118.0,210.0,0.005,0.63,6.4
132.7,175.0,0.011,0.54,2.0
111.7,225.0,0.055,0.84,11.0
160.0,260.0,0.055,0.74,2.0
71.0,200.0,0.035,1.837,17.0
106.7,152.0,0.013,0.67,4.1
147.3,230.0,0.015,0.62,3.0
140.2,200.0,0.023,1.49,4.0
104.9,410.0,0.028,0.94,94.7
183.8,315.0,0.047,0.38,6.2
186.9,220.0,0.016,0.32,7.4
94.5,230.0,0.022,0.57,5.4
127.4,225.0,0.039,0.84,10.6
100.0,400.0,0.041,1.1,10.0
104.0,215.0,0.011,1.57,11.0
123.9,180.0,0.022,0.99,6.0
94.0,230.0,0.025,0.71,10.0
103.2,150.0,0.027,0.74,19.0
80.0,240.0,0.0009,0.87,17.0
94.9,255.0,0.055,1.13,8.0
111.0,205.0,0.014,0.5,11.8
98.2,130.0,0.055,1.16,9.0
98.3,190.0,0.016,0.83,15.0
119.3,145.0,0.019,0.82,4.0
94.5,350.0,0.036,1.35,117.0
114.0,140.0,0.019,0.53,6.2
98.8,390.0,0.059,4.54,457.0
128.1,22.0,0.018,0.75,26.0
201.9,255.0,0.023,0.71,9.0
101.7,230.0,0.013,0.49,12.0
68.0,230.0,0.058,1.4,46.0
79.0,200.0,0.021,0.2,12.0
91.0,320.0,0.025,0.9,27.0
138.8,200.0,0.011,0.59,3.0
117.9,100.0,0.014,0.65,5.0
106.5,220.0,0.007,0.51,7.2
87.7,210.0,0.01,0.5,8.6
94.0,250.0,0.055,0.97,36.0
100.0,220.0,0.009,0.52,5.8
84.5,280.0,0.013,0.2,6.0
92.6,240.0,0.022,0.75,8.0
111.7,215.0,0.007,0.55,4.8
98.4,180.0,0.055,0.99,9.0
81.0,160.0,0.012,0.8,9.0
88.6,225.0,0.055,1.38,122.0
93.6,310.0,0.036,1.45,197.0
112.6,310.0,0.016,0.62,15.0
81.0,220.0,0.001,0.9,10.0
117.0,150.0,0.008,0.41,5.1
78.0,215.0,0.018,0.84,8.0
102.5,290.0,0.01,0.49,3.0
161.8,170.0,0.006,0.43,3.5
124.2,210.0,0.006,0.37,3.8
90.9,190.0,0.055,0.96,9.0
85.0,170.0,0.013,0.2,6.0
106.5,310.0,0.014,0.65,28.5
115.0,250.0,0.005,0.47,10.4
113.7,170.0,0.015,0.95,20.0
87.6,130.0,0.005,0.47,4.7
150.9,265.0,0.011,0.47,2.0
87.7,220.0,0.022,0.88,3.0
73.0,220.0,0.027,0.73,15.0
92.0,205.0,0.009,0.5,8.0
84.0,270.0,0.011,0.703,14.0
149.1,125.0,0.011,0.49,2.0
119.0,165.0,0.008,0.4,1.9
97.6,260.0,0.011,0.63,10.0
87.5,220.0,0.032,0.95,74.0
124.5,200.0,0.011,0.52,15.0
117.2,160.0,0.03,0.43,5.1
96.9,265.0,0.011,0.61,3.0
93.4,400.0,0.158,0.8,2.0
104.2,265.0,0.009,0.5,7.7
85.0,120.0,0.004,0.76,6.0
118.0,240.0,0.055,0.72,2.0
102.1,195.0,0.022,0.91,3.0
138.2,140.0,0.011,0.07,2.5
101.3,200.0,0.106,1.15,8.0
109.6,125.0,0.26,4.72,7.4
110.4,450.0,0.04,0.66,58.7
132.9,300.0,0.145,1.76,34.0
111.7,245.0,0.198,4.1,7.0
105.0,250.0,0.36,3.75,17.6
94.5,200.0,0.033,0.74,4.0
125.5,365.0,0.055,0.59,25.3
116.7,230.0,0.083,0.87,9.1
140.5,320.0,0.046,0.33,16.0
114.5,410.0,0.062,0.83,18.8
109.0,200.0,0.039,0.79,4.6
104.0,170.0,0.083,0.3,2.0
198.0,310.0,0.087,1.13,6.7
122.1,285.0,0.052,2.23,5.1
152.3,250.0,0.072,4.3,1.7
98.0,220.0,0.055,4.3,10.0
89.5,370.0,0.066,1.41,16.0
108.4,140.0,0.034,0.71,5.1
137.6,305.0,0.053,0.7,4.2
113.9,245.0,0.06,1.84,6.5
102.0,190.0,0.049,0.86,33.2
110.9,350.0,0.044,0.96,34.3
108.0,330.0,0.193,12.49,14.1
126.0,160.0,0.083,3.2,3.3
135.4,295.0,0.12,1.67,5.3
117.6,220.0,0.072,1.35,14.4
113.4,270.0,0.109,2.8,12.5
143.2,150.0,0.059,1.2,12.0
139.8,660.0,0.056,0.91,72.6
121.4,170.0,0.123,1.65,9.9
116.2,330.0,0.097,1.73,4.2
115.9,390.0,0.033,0.75,37.6
101.0,310.0,0.141,1.46,16.6
147.2,450.0,0.027,0.55,10.0
126.3,360.0,0.026,0.58,5.8
108.0,440.0,0.035,0.02,14.5
121.1,405.0,0.038,2.2,421.0
151.3,150.0,0.066,1.2,4.3
131.4,320.0,0.092,1.15,6.8
117.9,230.0,0.078,2.25,4.0
111.0,460.0,0.027,0.82,69.6
153.9,300.0,0.062,1.78,4.1
84.6,270.0,0.15,3.5,12.3
133.4,430.0,0.076,1.31,11.4
98.3,270.0,0.166,1.48,7.3
110.8,210.0,0.173,1.83,12.7
110.5,325.0,0.07,0.98,0.5
105.8,435.0,0.079,2.6,392.0
112.0,250.0,0.085,0.84,7.5
98.7,170.0,0.041,2.35,794.0
95.1,700.0,0.176,1.51,12.4
118.0,210.0,0.245,3.6,17.1
94.0,255.0,0.555,2.9,7.0
118.7,220.0,0.054,0.7,15.2
96.5,255.0,0.303,3.3,6.7
114.0,240.0,0.065,1.13,9.0
90.6,300.0,0.064,1.31,137.0
101.1,340.0,0.078,2.3,442.0
111.5,150.0,0.141,2.2,15.4
107.0,160.0,0.001,0.925,7.3
179.2,220.0,0.066,1.66,3.8
132.6,120.0,0.2,3.09,3.2
137.8,360.0,0.11,1.8,27.8
97.5,190.0,0.111,2.5,14.1
109.3,260.0,0.025,0.57,9.4
130.4,325.0,0.07,0.98,29.9
65.0,195.0,0.382,3.3,17.0
108.0,220.0,0.416,5.4,61.9
104.8,250.0,0.083,1.96,13.4
95.5,370.0,0.053,1.55,227.0
112.8,320.0,0.066,1.04,2.9
104.0,150.0,0.121,1.38,8.0
121.8,120.0,0.157,0.99,19.8
105.4,320.0,0.075,1.52,6.5
141.4,240.0,0.103,1.24,3.1
101.6,170.0,0.036,0.43,2.5
142.3,100.0,0.091,1.56,13.4
99.4,150.0,0.021,0.31,2.0
113.2,240.0,0.056,0.38,4.9
94.8,220.0,0.055,0.62,2.0
115.0,230.0,0.028,0.67,3.0
130.6,460.0,0.019,0.34,2.8
99.7,150.0,0.031,1.34,43.0
126.9,140.0,0.048,0.7,18.6
98.7,190.0,0.055,0.72,4.0
134.0,360.0,0.038,0.697,5.0
110.5,210.0,0.06,0.36,5.1
92.0,340.0,0.164,0.74,4.0
126.0,260.0,0.084,0.9,12.0
103.0,280.0,0.015,0.368,3.0
99.9,250.0,0.027,0.7,2.0
112.8,230.0,0.009,0.33,1.1
98.5,190.0,0.018,0.4,2.0
130.3,105.0,0.005,0.26,2.5
107.4,280.0,0.037,0.72,29.2
95.6,270.0,0.037,1.83,76.0
102.1,225.0,0.014,0.66,2.0
94.0,150.0,0.021,1.08,28.0
119.0,280.0,0.07,0.82,4.0
152.4,185.0,0.031,0.34,1.5
110.0,180.0,0.015,0.39,18.6
113.0,195.0,0.017,0.4,5.0
113.0,230.0,0.027,0.34,4.9
119.0,115.0,0.018,0.32,2.9
113.0,140.0,0.011,0.56,35.3
156.8,300.0,0.05,0.61,17.9
113.0,240.0,0.048,0.42,5.0
161.1,90.0,0.009,0.23,3.0
99.0,280.0,0.028,0.68,4.0
101.9,130.0,0.014,0.78,2.0
105.2,310.0,0.011,0.51,2.0
107.0,260.0,0.021,0.5,5.0
128.0,220.0,0.393,0.36,4.0
96.4,180.0,0.016,0.44,31.1
115.9,210.0,0.012,0.36,3.5
100.4,255.0,0.025,0.33,2.0
100.0,205.0,0.04,1.1,9.0
143.0,270.0,0.069,0.94,23.0
123.5,285.0,0.027,1.14,13.0
140.6,140.0,0.02,0.3,2.6
99.8,120.0,0.037,0.63,2.0
104.4,150.0,0.018,0.43,2.0
108.0,320.0,0.052,0.6,5.0
94.0,350.0,0.051,0.93,64.0
108.0,180.0,0.06,0.72,13.0
118.9,380.0,0.015,0.22,1.4
104.6,120.0,0.055,0.54,2.0
162.4,110.0,0.04,0.34,3.4
60.9,130.0,0.062,0.78,6.0
121.0,250.0,0.035,0.83,24.0
117.6,320.0,0.023,0.37,3.6
115.0,200.0,0.015,0.38,2.3
98.3,75.0,0.022,0.7,6.0
120.5,200.0,0.031,0.67,2.0
130.0,235.0,0.035,0.43,6.5
122.2,150.0,0.018,0.48,2.3
131.8,300.0,0.039,1.94,276.0
104.4,160.0,0.042,0.82,2.0
132.6,130.0,0.054,0.38,10.4
124.1,215.0,0.029,0.5,6.9
120.5,175.0,0.051,0.46,5.0
110.6,100.0,0.022,0.88,5.0
133.0,100.0,0.04,1.16,9.0
139.4,90.0,0.069,0.61,4.2
100.7,40.0,0.055,1.83,3.0
107.0,380.0,0.113,0.789,3.0
110.0,260.0,0.124,0.62,15.0
120.0,150.0,0.094,0.08,4.0
101.1,450.0,0.032,1.32,304.0
114.7,140.0,0.018,0.46,12.0
148.0,130.0,0.027,0.38,4.4
103.0,175.0,0.025,0.55,4.0
105.1,210.0,0.044,0.77,2.0
118.5,260.0,0.036,0.98,238.0
119.9,115.0,0.026,0.36,2.0
-99.0,350.0,0.028,0.48,2.4
121.0,285.0,0.055,1.33,8.0
157.9,130.0,0.029,0.67,9.4
110.5,200.0,0.026,0.63,3.0
131.0,350.0,0.026,0.592,7.0
128.0,210.0,0.037,0.46,2.0
125.0,200.0,0.016,0.22,5.3
125.0,300.0,0.027,0.537,2.0
137.2,200.0,0.021,0.36,4.0
120.9,90.0,0.035,0.66,2.0
130.9,660.0,0.037,1.24,364.0
121.0,255.0,0.023,0.16,12.9
119.0,160.0,0.01,0.27,4.0
122.5,100.0,0.022,0.94,2.0
101.3,170.0,0.036,1.27,30.0
100.0,330.0,0.035,0.71,7.0
140.7,90.0,0.019,0.42,5.3
103.7,120.0,0.015,0.44,2.0
127.9,175.0,0.023,0.85,2.0
96.8,310.0,0.022,3.55,303.0
109.1,155.0,0.021,0.68,3.0
128.4,135.0,0.03,0.36,1.5
98.6,360.0,0.048,1.39,15.0
109.0,130.0,0.024,1.5,198.0
168.2,170.0,0.038,0.62,5.0
127.8,155.0,0.022,0.29,1.4
123.5,100.0,0.058,1.08,7.7
128.6,75.0,0.018,0.42,5.7
110.0,430.0,0.127,0.2,6.0
102.7,90.0,0.065,1.38,4.0
109.0,210.0,0.033,1.56,92.0
121.0,210.0,0.018,0.54,2.0
116.0,110.0,0.024,0.52,4.5
106.5,80.0,0.025,0.64,2.0
136.7,155.0,0.01,0.39,3.3
87.0,190.0,0.11,1.81,6.0
103.9,1000.0,0.033,0.8,3.0
105.0,220.0,0.093,1.0,11.0
110.7,250.0,0.011,0.55,10.0
113.0,240.0,0.024,0.542,3.0
108.4,260.0,0.033,0.59,6.0
134.0,200.0,0.05,0.44,8.2
109.0,170.0,0.012,0.4,7.8
124.0,100.0,0.026,0.91,101.0
105.2,150.0,0.025,0.47,2.0
132.3,140.0,0.012,0.34,2.9
103.5,120.0,0.012,0.42,2.0
133.7,50.0,0.011,0.58,3.0
101.0,250.0,0.013,0.2,9.0
118.8,140.0,0.018,0.68,10.0
123.0,300.0,0.012,0.7,5.0
129.1,230.0,0.016,0.61,5.2
151.2,245.0,0.006,0.44,6.4
141.0,140.0,0.019,0.33,3.6
81.9,80.0,0.019,0.57,2.0
119.4,200.0,0.006,0.36,0.9
108.0,140.0,0.012,0.58,19.0
102.2,265.0,0.038,0.75,10.0
97.7,225.0,0.033,1.12,24.0
96.8,200.0,0.022,1.08,2.0
119.3,210.0,0.03,0.49,2.9
137.0,220.0,0.021,0.34,3.0
132.0,130.0,0.012,0.32,7.6
58.4,130.0,0.012,0.29,2.0
141.3,90.0,0.009,0.27,2.3
129.1,100.0,0.005,0.33,1.5
130.0,120.0,0.013,0.74,6.0
95.9,210.0,0.022,0.83,2.0
84.8,1001.0,0.022,2.23,287.0
138.2,250.0,0.009,0.27,1.6
105.3,300.0,0.019,0.48,4.0
88.5,405.0,0.011,0.4,11.1
133.6,420.0,0.011,0.41,2.0
120.0,260.0,0.017,0.432,3.0
113.0,200.0,0.011,0.39,2.0
56.0,330.0,0.024,1.1,6.0
138.1,190.0,0.022,0.85,8.0
107.0,140.0,0.034,0.48,5.0
108.0,210.0,0.019,1.04,3.0
118.9,320.0,0.023,0.54,2.0
152.0,140.0,0.011,0.59,26.0
104.6,240.0,0.021,0.58,19.1
104.0,230.0,0.014,0.5,5.0
109.3,310.0,0.007,0.43,0.9
122.0,190.0,0.013,0.48,4.1
83.7,150.0,0.014,0.42,19.8
101.7,180.0,0.011,0.43,3.0
109.0,110.0,0.005,0.3,0.9
128.6,150.0,0.022,0.83,2.0
159.1,250.0,0.022,0.83,2.0
94.0,200.0,0.162,1.63,25.0
141.0,95.0,0.017,0.46,1.4
78.8,160.0,0.016,0.46,5.0
210.7,500.0,0.017,0.39,2.7
102.1,400.0,0.02,1.03,3.0
120.2,270.0,0.028,0.49,2.3
113.3,160.0,0.024,0.96,46.0
163.7,230.0,0.008,0.42,3.4
97.6,150.0,0.011,2.11,67.0
132.2,440.0,0.041,0.75,30.5
102.5,270.0,0.019,0.67,10.0
114.8,405.0,0.02,0.42,15.9
114.8,360.0,0.144,0.83,4.0
116.3,190.0,0.011,0.58,6.0
109.0,210.0,0.02,0.58,4.0
130.1,380.0,0.012,0.59,9.8
109.8,305.0,0.017,0.59,10.2
94.7,250.0,0.012,1.51,45.0
101.6,160.0,0.022,1.01,4.0
105.4,250.0,0.018,1.14,10.0
153.2,230.0,0.02,0.61,14.6
109.2,220.0,0.02,0.66,44.5
115.9,445.0,0.013,0.72,54.6
157.0,180.0,0.01,0.39,5.0
175.7,200.0,0.006,0.37,10.4
104.2,300.0,0.014,0.65,2.0
109.5,150.0,0.015,0.83,5.0
110.5,220.0,0.011,0.5,6.0
98.4,380.0,0.009,0.52,16.4
119.2,275.0,0.016,0.53,11.5
111.6,230.0,0.015,0.39,2.0
107.4,275.0,0.011,0.86,4.0
138.1,105.0,0.025,1.28,86.0
146.4,340.0,0.012,0.38,3.7
103.4,245.0,0.017,0.71,2.0
113.9,230.0,0.012,0.56,6.0
124.0,290.0,0.01,0.38,3.2
111.3,200.0,0.022,0.56,8.0
159.7,250.0,0.011,0.37,3.1
61.3,210.0,0.012,0.66,91.0
107.5,370.0,0.012,0.59,20.8
100.5,150.0,0.017,0.75,13.0
126.1,420.0,0.022,0.49,2.0
131.5,350.0,0.026,0.57,5.8
138.0,1120.0,0.019,0.21,2.0
106.6,360.0,0.028,0.94,5.0
144.5,190.0,0.018,0.21,6.3
122.4,215.0,0.025,0.59,19.1
110.0,150.0,0.011,0.61,30.0
152.0,170.0,0.032,0.55,3.6
103.3,400.0,0.04,3.6,16.0
99.0,420.0,0.021,0.94,19.0
118.4,685.0,0.042,0.95,12.3
149.2,290.0,0.012,0.55,8.8
117.5,300.0,0.022,0.94,22.0
130.6,280.0,0.011,0.68,2.0
123.7,320.0,0.018,0.42,6.8
-99.0,210.0,0.028,0.93,11.9
154.5,475.0,0.014,0.49,10.7
114.5,150.0,0.017,0.98,6.0
139.4,340.0,0.011,0.21,5.7
127.4,310.0,0.011,0.78,20.0
129.1,230.0,0.015,0.79,65.1
138.5,380.0,0.011,0.51,7.4
118.1,115.0,0.022,0.82,3.0
104.7,250.0,0.028,1.17,49.0
131.3,345.0,0.01,0.62,17.8
109.6,250.0,0.011,0.73,26.0
126.1,290.0,0.022,0.86,6.0
98.6,485.0,0.022,2.12,189.0
109.0,270.0,0.011,0.67,8.0
111.1,280.0,0.015,1.09,16.0
93.7,310.0,0.015,0.77,24.8
155.0,210.0,0.018,0.82,10.2
141.7,185.0,0.007,0.41,5.7
112.3,330.0,0.034,1.4,49.7
127.9,150.0,0.01,0.8,13.4
117.6,300.0,0.016,1.03,9.0
110.1,195.0,0.036,1.16,27.5
120.1,220.0,0.037,1.21,3.0
157.9,305.0,0.028,0.57,4.9
84.1,900.0,0.052,1.18,7.0
110.3,720.0,0.027,1.04,5.0
158.5,200.0,0.024,0.74,7.0
112.5,290.0,0.024,0.92,11.6
127.9,750.0,0.028,1.02,56.0
111.3,140.0,0.036,0.82,9.0
125.3,290.0,0.027,0.67,7.0
113.4,380.0,0.011,0.99,13.0
119.0,120.0,0.039,0.92,20.0
122.9,220.0,0.047,0.9,10.0
150.8,250.0,0.008,0.18,2.2
83.7,280.0,0.02,0.68,4.0
110.8,250.0,0.012,1.37,34.0
138.7,245.0,0.008,0.68,7.2
96.0,265.0,0.03,1.7,167.0
117.9,150.0,0.022,1.48,42.0
145.1,210.0,0.021,0.92,15.3
58.1,140.0,0.011,0.55,4.0
185.2,145.0,0.006,0.51,2.9
167.4,155.0,0.007,0.62,13.3
111.1,215.0,0.022,0.91,12.0
79.3,1001.0,0.022,1.48,254.0
157.8,270.0,0.007,0.52,3.9
107.2,320.0,0.014,0.82,14.0
148.5,510.0,0.007,0.81,46.4
158.7,220.0,0.011,1.38,121.0
113.0,320.0,0.015,0.67,27.0
128.8,400.0,0.011,1.05,12.0
143.9,210.0,0.019,0.92,8.0
132.4,110.0,0.011,0.6,42.0
111.5,170.0,0.009,0.85,35.6
80.2,195.0,0.015,0.77,15.1
60.8,280.0,0.018,0.61,23.1
102.5,225.0,0.011,0.73,5.0
107.5,340.0,0.013,0.8,16.6
121.8,240.0,0.011,0.98,7.0
165.2,300.0,0.011,0.93,4.0
144.8,200.0,0.016,0.54,4.0
84.9,305.0,0.022,0.98,7.0
195.3,325.0,0.008,0.38,2.9
109.0,380.0,0.011,0.29,2.0
116.7,600.0,0.008,0.38,5.6
103.1,285.0,0.011,0.69,18.0
134.6,680.0,0.004,0.41,1.8
94.3,350.0,0.029,1.62,25.0
126.0,120.0,0.031,0.89,36.9
116.3,340.0,0.007,0.29,2.9
105.3,150.0,0.011,0.44,2.0
96.4,175.0,0.007,0.44,0.9
109.5,310.0,0.011,0.38,2.0
133.1,290.0,0.007,0.55,4.7
110.8,260.0,0.016,0.6,13.4
100.0,120.0,0.011,0.85,2.0
100.7,210.0,0.011,0.59,2.0
106.7,120.0,0.012,0.55,2.0
156.6,185.0,0.015,0.52,3.2
113.0,370.0,0.018,0.94,92.6
112.3,250.0,0.013,0.91,90.3
150.5,210.0,0.006,0.4,4.4
162.2,130.0,0.003,0.37,17.6
103.6,200.0,0.011,0.42,2.0
106.7,80.0,0.011,1.32,5.0
101.8,200.0,0.011,0.38,2.0
105.0,150.0,0.004,0.35,2.8
118.5,205.0,0.008,0.51,3.6
106.7,295.0,0.011,0.41,2.0
104.7,185.0,0.011,0.77,2.0
134.7,205.0,0.011,2.65,187.0
146.6,240.0,0.006,0.39,4.3
100.6,100.0,0.007,0.84,2.0
102.1,210.0,0.011,0.65,2.0
118.5,140.0,0.005,0.35,4.4
105.3,130.0,0.004,0.42,2.0
146.2,190.0,0.005,0.37,2.8
61.9,290.0,0.011,0.37,10.0
111.3,295.0,0.003,0.4,1.5
98.0,150.0,0.011,0.85,88.0
122.5,285.0,0.011,0.36,2.0
129.6,380.0,0.01,0.33,4.2
130.8,230.0,0.009,0.34,1.4
134.3,200.0,0.004,0.3,8.6
114.0,280.0,0.01,0.41,4.5
100.6,150.0,0.006,0.7,14.0
133.0,490.0,0.011,0.32,3.8
95.8,350.0,0.025,1.5,15.0
100.6,380.0,0.011,0.9,40.0
116.3,110.0,0.002,0.58,4.5
150.7,140.0,0.008,0.47,6.2
101.9,125.0,0.011,0.66,4.0
124.4,330.0,0.008,0.41,12.1
-99.0,540.0,0.013,0.83,14.0
134.2,465.0,0.012,0.75,31.2
101.3,290.0,0.011,1.07,21.0
137.0,230.0,0.004,0.39,4.0
114.5,300.0,0.011,0.5,2.0
118.8,205.0,0.017,1.18,173.0
120.7,345.0,0.006,0.42,8.3
103.8,300.0,0.012,1.0,15.0
99.4,300.0,0.015,1.15,37.0
136.6,150.0,0.003,0.46,6.6
127.1,325.0,0.011,0.55,11.0
98.3,160.0,0.027,0.68,22.0
110.1,220.0,0.011,0.71,12.0
111.2,420.0,0.014,0.68,12.2
165.9,330.0,0.006,0.53,7.1
138.8,390.0,0.009,0.49,4.8
115.3,470.0,0.047,1.87,141.0
123.3,95.0,0.01,0.59,8.3
112.8,100.0,0.018,0.89,5.0
121.6,250.0,0.011,0.54,6.3
113.2,105.0,0.022,1.11,2.0
153.3,165.0,0.009,0.49,4.1
85.6,145.0,0.011,0.96,9.0
116.8,95.0,0.011,0.75,3.0
115.5,180.0,0.006,0.58,4.4
125.0,500.0,0.039,2.74,324.0
110.0,110.0,0.011,0.68,4.0
131.8,160.0,0.003,0.46,6.4
104.4,140.0,0.011,0.47,4.0
129.6,195.0,0.01,0.88,10.0
114.8,130.0,0.001,0.46,4.8
85.8,190.0,0.004,0.49,6.0
107.9,185.0,0.011,0.85,34.0
127.1,200.0,0.002,0.51,4.0
122.6,195.0,0.011,1.0,8.0
113.9,145.0,0.011,0.73,19.0
146.6,150.0,0.003,0.47,5.2
60.0,140.0,0.011,0.42,3.0
142.2,145.0,0.001,0.41,3.4
127.3,205.0,0.001,0.47,9.7
111.6,110.0,0.011,0.79,4.0
83.3,1001.0,0.011,1.3,78.0
139.5,120.0,0.001,0.36,2.1
117.2,110.0,0.011,0.51,5.0
121.4,300.0,0.001,0.35,5.4
139.9,150.0,0.011,0.44,2.0
119.6,190.0,0.006,0.64,8.6
113.4,175.0,0.011,0.7,8.0
126.0,150.0,0.011,0.44,3.0
143.9,40.0,0.011,0.42,3.0
113.2,195.0,0.001,0.35,26.4
111.7,140.0,0.002,0.43,3.6
69.1,100.0,0.007,0.49,8.8
107.2,240.0,0.011,0.55,5.0
108.9,270.0,0.006,0.8,8.4
106.8,150.0,0.011,0.58,9.0
151.4,90.0,0.011,0.8,2.0
145.6,130.0,0.002,0.43,1.8
83.9,145.0,0.011,0.78,6.0
98.9,620.0,0.001,0.33,13.0
117.3,655.0,0.03,0.98,4.7
114.0,470.0,0.014,0.44,4.0
144.6,310.0,0.009,0.25,97.4
127.1,440.0,0.029,0.74,98.5
135.0,380.0,0.016,0.813,29.0
108.2,275.0,0.02,0.44,5.9
120.0,470.0,0.021,0.38,14.0
128.0,520.0,0.04,1.11,25.0
117.0,215.0,0.0209999999999999,1.273,16.9
99.0,220.0,0.008,0.49,2.5
134.8,205.0,0.007,0.41,2.7
134.0,330.0,0.019,0.75,10.8
140.8,430.0,0.014,0.44,6.9
111.9,320.0,0.015,0.66,20.6
134.0,250.0,0.041,1.49,10.2
168.2,220.0,0.013,0.24,8.1
111.1,480.0,0.023,0.94,106.0
119.0,350.0,0.032,1.03,25.4
122.0,250.0,0.009,0.45,4.5
118.0,150.0,0.01,0.33,10.9
117.2,505.0,0.014,0.57,141.0
183.4,350.0,0.01,0.37,9.0
115.0,130.0,0.053,1.37,26.3
160.2,330.0,0.007,0.36,22.7
108.0,230.0,0.019,0.28,8.4
101.0,340.0,0.045,1.16,14.9
135.0,270.0,0.035,0.84,37.3
103.4,390.0,0.02,0.62,26.9
122.0,265.0,0.014,0.43,12.7
98.0,400.0,0.018,0.42,5.9
146.0,280.0,0.035,0.74,24.0
115.0,385.0,0.027,0.5,6.0
101.0,385.0,0.013,0.53,60.0
118.0,260.0,0.055,0.68,5.0
120.7,370.0,0.014,0.4,8.0
160.2,310.0,0.012,0.57,10.8
125.0,210.0,0.022,0.98,77.0
122.3,490.0,0.012,0.58,3.1
115.0,300.0,0.017,0.44,5.5
132.1,185.0,0.03,0.47,11.6
144.1,380.0,0.022,0.38,12.9
127.5,690.0,0.013,0.36,21.7
122.0,480.0,0.026,0.57,19.3
134.0,190.0,0.009,0.76,226.0
116.0,240.0,0.087,0.569,28.0
113.0,120.0,0.2,1.42,22.0
131.0,230.0,0.02,0.08,35.0
117.0,140.0,0.034,0.79,29.1
142.4,400.0,0.017,0.58,12.4
118.6,410.0,0.016,0.6,116.0
118.7,330.0,0.018,0.45,25.2
123.0,325.0,0.007,0.74,16.0
145.9,390.0,0.018,0.47,56.9
156.0,320.0,0.014,0.2,12.0
126.0,230.0,0.019,0.43,36.0
120.5,290.0,0.011,0.48,7.6
114.0,420.0,0.014,0.48,7.7
121.0,270.0,0.025,0.74,7.0
135.2,330.0,0.013,0.49,18.0
111.0,460.0,0.022,0.6,10.6
123.7,200.0,0.013,0.44,19.8
115.0,240.0,0.013,0.51,10.0
111.0,270.0,0.024,1.49,34.1
136.2,420.0,0.012,0.58,45.0
117.0,320.0,0.035,0.79,20.1
129.7,205.0,0.015,0.55,4.4
103.0,470.0,0.016,0.66,10.7
107.6,370.0,0.018,0.81,98.0
116.0,30.0,0.016,0.55,7.8
136.4,230.0,0.011,0.54,11.0
121.0,200.0,0.012,0.65,5.6
95.0,265.0,0.032,0.59,19.1
122.3,450.0,0.034,0.65,130.0
131.5,80.0,0.011,0.52,5.3
124.0,330.0,0.026,0.352,14.0
113.0,310.0,0.028,1.85,519.0
109.0,220.0,0.037,1.38,16.5
120.9,180.0,0.027,0.63,50.1
154.5,230.0,0.019,0.51,6.8
118.0,280.0,0.172,1.59,25.1
122.0,390.0,0.019,1.0459999999999998,7.3
116.7,240.0,0.012,0.49,4.1
124.0,465.0,0.016,0.45,6.3
129.0,160.0,0.028,0.48,11.4
108.3,490.0,0.023,0.71,103.0
111.3,500.0,0.009,0.57,54.9
130.0,260.0,0.068,0.51,22.9
150.6,270.0,0.012,0.45,8.1
86.0,180.0,0.018,0.55,6.7
122.0,230.0,0.012,0.757,16.5
141.9,300.0,0.022,0.45,7.3
144.0,275.0,0.009,0.8300000000000001,17.6
148.8,250.0,0.003,0.66,17.5
132.9,110.0,0.004,0.43,5.3
76.0,475.0,0.021,0.78,82.9
134.0,150.0,0.008,0.38,5.2
109.0,510.0,0.067,17.8,97.1
100.7,390.0,0.011,1.94,190.0
147.9,410.0,0.017,0.54,10.5
152.0,190.0,0.006,1.01,8.2
106.0,180.0,0.03,0.55,167.0
54.0,320.0,0.003,0.38,5.3
127.0,180.0,0.069,0.37,3.2
149.8,270.0,0.001,0.36,2.4
147.5,335.0,0.005,0.34,8.2
146.0,405.0,0.011,1.22,18.1
149.4,230.0,0.004,0.38,3.1
150.9,290.0,0.005,0.41,22.1
124.0,205.0,0.007,0.495,4.0
121.0,320.0,0.015,0.53,23.2
115.0,500.0,0.006,0.36,7.8
126.3,305.0,0.004,0.52,28.9
120.0,260.0,0.017,1.64,23.0
112.0,350.0,0.032,1.61,30.4
126.0,240.0,0.028,1.17,10.9
116.3,310.0,0.02,0.74,38.2
118.0,240.0,0.01,0.47,9.4
130.1,220.0,0.008,0.37,9.8
122.0,140.0,0.007,0.45,3.5
50.2,335.0,0.016,0.47,30.6
124.1,200.0,0.002,0.37,1.0
111.0,340.0,0.013,0.7,15.9
115.0,240.0,0.033,1.28,19.6
146.9,140.0,0.007,0.41,3.6
103.0,460.0,0.033,0.69,34.0
104.0,140.0,0.006,0.34,9.3
199.0,500.0,0.007,0.36,1.5
101.4,410.0,0.011,0.5,2.0
115.4,180.0,0.008,0.39,6.0
105.8,320.0,0.022,0.62,2.0
113.0,320.0,0.007,0.29,2.0
141.2,420.0,0.003,0.28,3.2
99.6,300.0,0.026,1.33,66.0
137.0,180.0,0.031,0.85,113.0
100.7,280.0,0.011,0.88,59.0
136.0,350.0,0.015,0.59,12.0
109.6,305.0,0.006,0.28,5.0
181.0,330.0,0.002,0.27,7.0
127.0,260.0,0.036,1.1,8.0
106.0,320.0,0.003,0.421,9.0
107.3,190.0,0.017,0.4,4.0
123.0,165.0,0.006,0.41,3.1
106.3,170.0,0.011,0.32,2.0
130.5,275.0,0.006,0.47,6.4
112.4,375.0,0.009,0.6,27.8
101.2,80.0,0.011,0.81,9.0
101.0,150.0,0.011,0.68,2.0
109.6,180.0,0.011,0.67,2.0
125.0,245.0,0.001,0.41,7.0
153.1,210.0,0.016,0.46,6.6
112.5,205.0,0.009,0.7,62.9
113.0,300.0,0.005,0.39,8.0
116.0,200.0,0.004,0.43,3.4
108.0,170.0,0.005,0.37,3.1
116.0,360.0,0.008,0.7,92.9
150.6,230.0,0.004,0.37,8.6
115.0,350.0,0.014,0.42,9.0
156.0,280.0,0.003,0.35,11.4
101.1,115.0,0.011,0.57,2.0
105.5,210.0,0.011,1.02,2.0
104.9,100.0,0.011,0.25,2.0
110.0,400.0,0.007,0.6,10.0
132.0,500.0,0.005,0.41,2.0
105.6,170.0,0.005,0.41,32.0
117.0,210.0,0.007,0.48,8.2
106.5,230.0,0.013,0.31,2.0
104.4,245.0,0.005,0.62,24.0
147.0,360.0,0.023,0.67,6.0
139.9,300.0,0.013,2.63,362.0
148.1,310.0,0.006,0.34,17.4
100.6,275.0,0.006,0.76,10.0
104.4,250.0,0.011,0.52,2.0
111.0,130.0,0.009,0.4,2.0
101.0,340.0,0.005,0.67,67.0
118.0,550.0,0.009,0.45,4.0
120.2,260.0,0.004,0.36,28.2
104.0,400.0,0.006,0.45,2.0
143.7,250.0,0.004,0.34,7.9
61.2,260.0,0.011,0.3,2.0
121.0,650.0,0.013,0.78,101.0
110.5,360.0,0.002,0.37,1.7
113.0,150.0,0.006,0.43,2.7
99.2,110.0,0.008,0.62,3.0
119.0,175.0,0.011,0.39,2.0
134.6,190.0,0.01,0.36,3.9
122.0,-99.0,0.01,0.37,2.2
128.0,200.0,0.019,1.26,15.0
105.9,330.0,0.014,0.78,41.0
132.0,150.0,0.005,0.36,55.2
124.5,190.0,0.004,0.29,6.5
113.7,275.0,0.011,0.45,12.9
104.2,100.0,0.008,0.73,53.0
131.0,280.0,0.002,0.54,26.0
140.0,155.0,0.009,0.32,19.0
99.5,250.0,0.023,1.82,14.0
114.0,590.0,0.007,0.42,5.0
113.0,440.0,0.019,0.45,10.0
127.0,160.0,0.007,0.08,5.0
101.9,350.0,0.011,1.12,113.0
114.3,260.0,0.018,0.61,9.1
132.9,390.0,0.008,0.54,14.2
102.5,245.0,0.011,0.44,5.0
100.7,280.0,0.011,0.55,22.0
114.4,200.0,0.008,0.56,155.0
127.1,470.0,0.009,0.42,27.4
-99.0,245.0,0.014,0.86,17.2
114.0,150.0,0.005,0.7,24.0
135.0,275.0,0.012,0.74,85.6
103.8,165.0,0.011,1.01,27.0
127.0,440.0,0.008,0.489,9.0
118.0,320.0,0.016,0.64,32.0
116.2,190.0,0.005,0.41,13.8
110.0,360.0,0.013,0.563,2.0
132.7,250.0,0.004,0.37,9.8
111.0,200.0,0.011,0.57,4.0
127.2,370.0,0.027,1.73,521.0
118.1,245.0,0.005,0.4,15.3
114.0,200.0,0.002,0.62,8.0
102.2,260.0,0.011,0.92,23.0
99.9,410.0,0.011,0.98,47.0
101.0,400.0,0.005,0.63,11.0
135.4,155.0,0.003,0.43,9.2
103.1,300.0,0.011,0.53,3.0
127.0,550.0,0.011,0.85,17.0
99.3,250.0,0.026,1.63,80.0
105.6,275.0,0.011,0.6,8.0
121.1,155.0,0.004,0.28,3.6
103.7,210.0,0.011,0.65,7.0
112.6,350.0,0.01,0.68,88.9
172.6,195.0,0.004,0.44,4.3
124.3,240.0,0.008,0.47,5.8
122.5,385.0,0.045,2.25,250.0
112.0,380.0,0.007,0.306,12.0
103.7,350.0,0.012,0.98,9.0
109.0,125.0,0.005,0.53,33.0
89.0,440.0,0.013,0.5,11.0
120.4,190.0,0.01,0.52,19.8
113.6,195.0,0.014,0.98,2.0
149.2,225.0,0.006,0.52,6.1
86.5,170.0,0.011,0.87,17.0
106.6,220.0,0.013,0.97,47.0
106.0,440.0,0.004,0.98,16.0
114.0,130.0,0.011,0.94,2.0
127.0,250.0,0.005,0.44,9.0
114.5,150.0,0.003,0.51,6.0
116.0,240.0,0.019,0.57,11.1
112.7,270.0,0.008,0.66,35.5
127.2,250.0,0.029,1.95,322.0
103.3,150.0,0.004,0.8,14.0
124.1,200.0,0.001,0.4,7.6
114.8,200.0,0.011,0.4,3.0
123.7,330.0,0.011,0.5,15.0
102.0,380.0,0.001,0.261,28.0
133.1,150.0,0.01,0.78,10.0
104.0,425.0,0.016,0.5,5.0
120.1,200.0,0.001,0.49,6.0
118.1,120.0,0.001,0.47,23.8
126.0,200.0,0.002,0.44,6.2
84.5,150.0,0.004,0.43,3.0
107.3,225.0,0.004,1.01,174.0
119.7,215.0,0.001,0.46,8.4
111.0,295.0,0.004,0.8,7.0
109.8,210.0,0.011,0.96,25.0
108.1,185.0,0.011,0.75,12.0
131.5,130.0,0.001,0.44,9.0
114.0,420.0,0.001,0.43,5.0
113.0,130.0,0.001,0.44,5.4
58.6,160.0,0.011,0.43,3.0
143.7,140.0,0.001,0.4,4.1
130.9,160.0,0.001,0.41,4.9
119.0,250.0,0.0009,0.79,10.0
107.3,220.0,0.011,0.73,8.0
87.1,1001.0,0.011,1.14,138.0
126.9,150.0,0.001,0.33,3.2
117.0,200.0,0.011,0.4,6.0
122.2,190.0,0.001,0.35,12.2
134.2,180.0,0.011,0.38,3.0
109.0,380.0,0.001,0.2,5.0
114.8,220.0,0.005,0.57,14.3
67.0,410.0,0.008,0.5,23.0
110.7,300.0,0.004,0.87,40.0
103.0,170.0,0.001,0.39,7.0
109.0,220.0,0.005,1.02,9.0
130.1,100.0,0.011,0.48,7.0
137.8,260.0,0.011,0.34,3.0
112.0,160.0,0.001,0.29,23.0
104.0,450.0,0.016,0.5,21.0
106.7,160.0,0.002,0.4,2.9
115.0,170.0,0.001,0.48,4.1
47.0,250.0,0.006,0.49,14.6
106.8,250.0,0.011,0.43,4.0
109.4,245.0,0.006,0.8,13.7
111.7,190.0,0.004,0.41,4.0
148.8,90.0,0.011,0.8,2.0
104.0,190.0,0.0009,0.24,10.0
141.2,265.0,0.008,0.44,2.7
77.2,145.0,0.011,0.6,11.0
95.7,175.0,0.007,0.4,1.8
97.7,210.0,0.011,0.61,3.0
199.3,200.0,0.009,0.37,3.9
103.0,220.0,0.01,0.44,4.3
95.2,130.0,0.012,0.67,5.0
105.0,130.0,0.013,0.28,2.0
124.2,210.0,0.006,0.4,4.2
93.4,175.0,0.011,0.55,6.1
98.1,950.0,0.017,0.2,15.0
120.1,155.0,0.022,0.76,26.6
132.0,125.0,0.012,0.405,5.0
106.0,340.0,0.007,0.25,1.8
96.0,180.0,0.003,0.1,4.0
119.0,220.0,0.021,0.98,4.0
104.0,420.0,0.006,0.29,3.4
75.0,220.0,0.015,0.85,17.4
103.0,180.0,0.004,0.45,3.4
113.0,240.0,0.009,0.41,2.3
117.3,255.0,0.011,0.66,6.3
109.4,125.0,0.006,0.63,7.6
124.0,160.0,0.002,0.27,2.0
138.9,180.0,0.01,0.32,2.0
119.0,260.0,0.016,1.01,54.3
110.0,160.0,0.014,0.69,3.8
109.0,220.0,0.007,0.45,3.2
87.0,450.0,0.016,0.65,7.1
109.0,190.0,0.008,0.32,17.1
108.6,250.0,0.019,0.64,65.5
132.7,200.0,0.005,0.4,3.6
113.0,150.0,0.014,0.68,10.1
143.5,210.0,0.007,0.36,0.5
85.0,360.0,0.008,0.28,6.3
108.0,180.0,0.014,0.69,9.5
96.0,130.0,0.018,0.47,6.9
96.5,210.0,0.006,0.47,5.5
105.5,220.0,0.009,0.49,2.5
91.0,555.0,0.017,0.54,4.3
95.2,190.0,0.009,0.7,2.0
128.0,210.0,0.006,0.36,2.6
93.7,110.0,0.016,0.58,3.0
97.4,260.0,0.004,0.4,2.0
127.0,130.0,0.009,0.39,16.0
105.0,210.0,0.008,0.54,3.0
117.0,145.0,0.006,0.44,6.8
87.1,170.0,0.012,1.15,8.0
150.1,155.0,0.005,0.4,3.8
112.0,190.0,0.022,1.19,16.0
148.6,215.0,0.008,0.39,2.7
107.9,220.0,0.004,0.33,2.7
108.0,190.0,0.006,0.42,2.7
78.5,130.0,0.005,0.63,2.0
98.4,220.0,0.011,0.2,2.0
195.1,175.0,0.01,0.54,5.8
138.4,225.0,0.011,0.33,3.3
90.3,385.0,0.021,1.7,92.4
98.8,150.0,0.016,1.01,9.0
129.9,175.0,0.003,0.34,3.0
114.7,240.0,0.003,0.29,0.9
110.4,240.0,0.009,0.4,2.2
90.9,110.0,0.018,1.57,7.0
125.0,210.0,0.005,0.59,2.0
130.2,210.0,0.013,0.34,2.6
114.0,80.0,0.015,0.605,2.0
103.0,220.0,0.006,0.4,16.0
115.0,260.0,0.007,0.08,2.0
91.2,200.0,0.011,0.82,23.0
108.3,260.0,0.012,0.58,4.4
98.1,165.0,0.006,0.56,5.0
124.5,330.0,0.007,0.42,6.2
99.2,150.0,0.011,0.39,5.0
108.0,190.0,0.007,0.48,8.9
122.0,160.0,0.011,0.45,8.9
-99.0,115.0,0.014,0.75,5.6
102.1,150.0,0.015,2.83,13.0
108.0,230.0,0.003,0.55,8.0
136.4,300.0,0.018,0.9,22.1
134.0,280.0,0.005,0.2,5.0
117.0,150.0,0.013,0.55,7.0
110.7,320.0,0.006,0.49,4.8
117.0,290.0,0.008,0.44,4.9
125.4,260.0,0.007,0.43,2.9
100.0,510.0,0.01,0.57,13.8
119.3,220.0,0.006,0.5,5.6
112.0,110.0,0.005,0.46,3.0
101.0,130.0,0.013,0.47,2.0
130.0,175.0,0.004,0.34,3.5
117.0,230.0,0.006,8.354,2.0
107.0,260.0,0.006,0.4,2.2
124.2,210.0,0.013,0.48,2.6
107.2,270.0,0.011,0.72,13.1
112.0,430.0,0.011,0.46,13.2
107.0,275.0,0.008,0.4,4.8
122.9,130.0,0.008,0.69,4.3
114.9,210.0,0.007,0.43,1.0
110.0,110.0,0.005,0.35,1.7
111.7,120.0,0.037,0.66,161.0
102.7,160.0,0.01,0.45,4.5
123.0,150.0,0.011,0.278,59.0
107.0,200.0,0.009,0.5,2.3
110.0,110.0,0.024,0.44,5.1
113.7,185.0,0.016,0.52,8.8
121.0,140.0,0.01,0.54,24.8
97.0,110.0,0.013,0.44,9.2
97.1,280.0,0.016,0.44,14.4
83.4,215.0,0.026,0.53,6.4
116.0,420.0,0.016,0.51,6.4
108.0,270.0,0.019,0.57,5.6
107.0,255.0,0.006,0.47,10.1
99.0,200.0,0.014,0.56,6.2
110.4,295.0,0.006,0.4,5.0
138.0,220.0,0.013,0.44,9.2
109.0,160.0,0.006,0.41,11.0
106.2,120.0,0.009,0.58,10.3
117.3,360.0,0.007,0.55,7.6
94.5,230.0,0.01,0.39,36.4
87.0,100.0,0.006,0.59,26.5
90.0,440.0,0.026,1.12,62.7
86.0,145.0,0.011,0.47,12.4
118.0,260.0,0.006,0.34,3.4
94.0,380.0,0.061,25.0,803.0
107.0,110.0,0.006,0.33,2.6
103.9,190.0,0.012,0.79,54.7
104.0,220.0,0.009,0.38,12.0
106.0,215.0,0.004,0.42,5.5
103.5,165.0,0.003,0.45,6.9
112.5,145.0,0.005,0.38,3.2
103.0,190.0,0.006,0.44,1.9
122.9,295.0,0.005,0.33,5.1
104.3,405.0,0.005,0.29,5.9
108.2,305.0,0.009,0.6,5.6
88.0,400.0,0.006,0.42,6.3
108.7,200.0,0.002,0.56,13.9
98.0,140.0,0.006,0.39,6.8
102.0,480.0,0.012,0.52,5.5
98.0,190.0,0.007,0.69,4.9
119.0,265.0,0.012,0.48,6.6
96.3,385.0,0.008,0.47,14.6
98.0,240.0,0.004,0.4,6.7
94.4,360.0,0.006,0.43,4.0
106.0,230.0,0.002,0.3,47.1
141.2,210.0,0.005,0.39,7.9
115.4,195.0,0.002,0.28,1.0
98.0,150.0,0.007,0.81,11.1
74.0,110.0,0.007,0.4,4.5
99.0,470.0,0.018,0.64,4.1
100.5,450.0,0.011,0.31,4.0
163.0,600.0,0.004,0.48,8.9
96.7,680.0,0.005,0.31,10.6
100.4,300.0,0.008,0.48,4.0
133.0,350.0,0.003,0.29,4.8
95.0,400.0,0.011,0.62,30.0
127.1,380.0,0.021,0.66,40.4
111.3,815.0,0.006,0.18,5.9
98.0,185.0,0.011,0.2,4.0
126.3,140.0,0.003,0.26,4.3
101.8,185.0,0.011,0.2,2.0
182.8,145.0,0.004,0.42,17.8
127.4,295.0,0.009,0.33,5.5
112.2,370.0,0.007,0.57,34.8
96.5,220.0,0.007,0.36,14.5
100.4,115.0,0.021,0.66,4.0
112.5,125.0,0.036,0.63,2.0
109.3,110.0,0.012,0.42,5.0
148.2,260.0,0.019,0.04,3.2
109.0,330.0,0.007,0.87,86.7
185.7,260.0,0.006,0.46,8.0
104.9,210.0,0.003,0.09,3.5
113.3,285.0,0.005,0.88,107.0
139.0,240.0,0.003,0.18,2.2
101.4,180.0,0.006,0.45,3.0
155.4,265.0,0.001,0.18,2.6
104.5,110.0,0.011,0.61,14.0
109.1,290.0,0.011,0.28,17.0
101.1,310.0,0.005,0.28,16.0
106.7,240.0,0.011,0.2,2.0
104.6,250.0,0.003,0.34,7.0
120.2,210.0,0.003,0.41,11.9
98.1,100.0,0.004,0.44,25.0
98.9,240.0,0.005,1.63,137.0
138.9,335.0,0.002,0.26,9.8
106.3,150.0,0.011,0.26,6.0
100.9,160.0,0.022,0.28,22.0
118.2,355.0,0.001,0.24,7.2
107.2,230.0,0.011,0.2,2.0
141.8,230.0,0.004,0.23,7.2
137.3,160.0,0.005,0.45,49.7
111.9,345.0,0.004,0.34,5.9
108.3,125.0,0.011,0.45,22.0
98.3,500.0,0.011,0.2,4.0
123.2,860.0,0.005,0.44,17.2
156.0,630.0,0.005,0.34,14.0
93.4,160.0,0.014,1.02,104.0
127.8,240.0,0.002,0.3,5.8
114.7,605.0,0.006,0.41,53.9
97.1,80.0,0.004,0.67,23.0
95.3,400.0,0.017,1.19,14.0
130.8,765.0,0.005,0.37,27.4
95.5,310.0,0.011,1.11,252.0
99.7,120.0,0.005,0.37,15.0
129.8,200.0,0.004,0.43,25.8
121.3,295.0,0.005,0.4,30.0
-99.0,225.0,0.006,0.5,31.8
103.2,150.0,0.006,1.04,48.0
129.5,385.0,0.007,0.67,39.6
112.0,210.0,0.011,0.28,2.0
135.5,420.0,0.003,0.28,13.3
123.3,1100.0,0.027,4.67,2310.0
115.0,390.0,0.005,0.48,26.2
103.0,255.0,0.002,0.7,48.0
99.6,230.0,0.005,0.87,31.0
132.8,240.0,0.001,0.26,9.8
119.1,160.0,0.004,0.63,35.0
111.7,100.0,0.003,0.42,2.0
107.8,240.0,0.011,0.4,12.0
113.3,220.0,0.003,0.44,19.6
159.9,270.0,0.003,0.25,8.9
128.0,295.0,0.004,0.26,5.2
118.1,410.0,0.006,1.09,101.0
117.6,330.0,0.003,0.31,6.2
94.0,150.0,0.014,3.39,470.0
132.7,300.0,0.008,0.55,35.0
100.0,255.0,0.005,0.39,12.1
113.4,190.0,0.004,0.3,13.8
108.8,165.0,0.004,0.3,7.0
105.9,80.0,0.007,0.43,12.0
144.2,245.0,0.003,0.41,8.2
-99.0,210.0,0.011,0.2,4.0
111.3,230.0,0.005,0.38,33.0
149.4,220.0,0.003,0.22,4.0
111.4,195.0,0.011,0.24,10.0
94.4,650.0,0.006,0.53,65.7
124.8,270.0,0.003,0.21,7.2
112.6,190.0,0.003,0.4,19.0
103.1,225.0,0.007,0.51,47.8
118.9,140.0,0.011,0.21,11.0
123.4,180.0,0.01,0.58,10.0
117.1,240.0,0.001,0.32,30.9
86.2,230.0,0.004,0.22,3.0
109.4,130.0,0.006,0.38,14.0
109.3,235.0,0.001,0.28,9.6
115.5,170.0,0.003,0.4,5.0
103.5,180.0,0.006,1.05,31.0
125.6,260.0,0.004,0.24,9.2
124.1,125.0,0.007,0.28,7.4
98.8,320.0,0.006,0.26,46.4
112.4,150.0,0.011,0.2,4.0
95.6,120.0,0.011,0.43,43.3
128.5,220.0,0.002,0.2,6.4
124.8,255.0,0.001,0.24,4.9
116.5,100.0,0.003,0.42,5.0
107.6,180.0,0.002,0.59,21.0
159.7,120.0,0.005,0.39,18.0
120.9,210.0,0.011,0.21,10.0
135.0,240.0,0.001,0.17,5.4
146.4,200.0,0.011,0.2,4.0
114.7,315.0,0.001,0.21,10.3
124.3,250.0,0.003,0.31,8.3
111.5,195.0,0.002,0.47,15.0
90.4,145.0,0.004,0.43,55.7
152.7,190.0,0.005,0.33,9.2
96.3,200.0,0.004,0.88,55.0
104.4,150.0,0.009,0.5,58.9
91.7,130.0,0.012,1.83,241.0
146.8,115.0,0.011,0.25,5.0
133.3,210.0,0.011,0.96,6.0
112.0,250.0,0.003,0.54,58.3
106.0,240.0,0.003,0.29,5.6
106.5,235.0,0.011,0.2,8.0
103.1,45.0,0.003,0.28,10.0
138.7,325.0,0.005,0.52,38.4
102.2,245.0,0.003,0.99,25.9
98.8,150.0,0.044,1.09,7.0
68.9,190.0,0.031,0.77,14.0
140.3,220.0,0.008,0.27,5.8
102.9,270.0,0.005,0.51,23.0
80.1,360.0,0.011,0.43,4.0
188.1,245.0,0.024,0.89,6.5
94.8,300.0,0.011,0.49,33.2
97.8,190.0,0.016,0.83,2.0
126.7,210.0,0.003,0.34,1.8
91.6,470.0,0.022,0.83,2.0
124.7,380.0,0.025,0.55,24.4
100.4,235.0,0.013,0.36,8.8
90.6,260.0,0.026,0.51,2.0
131.3,85.0,0.005,0.62,3.9
101.2,190.0,0.011,0.33,2.0
118.7,230.0,0.004,0.48,1.9
101.9,200.0,0.007,0.53,9.3
98.0,240.0,0.004,0.74,20.0
97.9,250.0,0.004,0.58,2.0
97.6,270.0,0.011,0.44,7.0
141.0,180.0,0.028,0.31,2.6
111.2,380.0,0.011,0.65,12.3
165.2,250.0,0.004,0.82,7.0
103.4,290.0,0.01,0.74,17.7
167.1,240.0,0.013,0.39,5.6
96.8,300.0,0.009,0.75,2.0
152.4,275.0,0.004,0.37,1.8
99.6,370.0,0.011,0.79,3.0
108.2,210.0,0.011,0.34,2.0
86.8,290.0,0.009,0.54,16.0
105.2,140.0,0.012,0.32,2.0
100.9,320.0,0.009,0.87,64.0
108.2,240.0,0.005,0.47,2.9
96.7,250.0,0.012,0.53,3.0
96.0,370.0,0.008,1.12,35.0
133.2,260.0,0.005,0.37,3.4
50.2,90.0,0.011,0.6,2.0
99.8,150.0,0.005,0.55,6.0
113.3,200.0,0.005,0.31,3.1
97.9,140.0,0.011,0.37,12.0
148.4,190.0,0.006,0.31,3.7
168.6,250.0,0.007,0.41,12.1
129.0,290.0,0.004,0.36,2.3
112.8,80.0,0.008,0.65,2.0
98.2,80.0,0.011,0.36,11.0
128.2,305.0,0.011,0.24,5.7
108.0,260.0,0.011,0.4,7.1
90.4,250.0,0.018,1.71,34.0
126.0,175.0,0.007,0.31,8.6
104.0,390.0,0.011,0.4,4.7
93.6,100.0,0.008,0.55,2.0
91.4,300.0,0.026,1.81,6.0
125.8,300.0,0.015,0.67,4.1
91.8,350.0,0.011,1.76,196.0
105.0,220.0,0.006,0.52,5.8
98.1,280.0,0.011,0.57,2.0
130.3,210.0,0.004,0.41,3.2
121.8,305.0,0.007,0.56,22.3
-99.0,310.0,0.012,0.71,3.2
99.1,300.0,0.013,1.14,8.0
130.5,240.0,0.011,0.58,9.6
110.5,270.0,0.011,0.47,2.0
154.0,270.0,0.003,0.38,2.1
121.4,310.0,0.013,1.31,127.0
114.0,145.0,0.006,0.56,3.8
100.4,350.0,0.011,0.6,3.0
97.6,200.0,0.011,0.89,2.0
129.2,130.0,0.001,0.36,2.9
110.9,370.0,0.011,1.06,10.0
107.1,280.0,0.013,0.91,2.0
100.8,215.0,0.011,0.66,2.0
105.0,370.0,0.01,0.65,5.8
155.5,180.0,0.012,0.5,3.3
127.0,210.0,0.007,0.47,1.4
110.1,345.0,0.025,1.2,38.3
107.7,140.0,0.012,0.5,2.4
83.4,250.0,0.033,1.42,23.0
106.4,160.0,0.012,0.49,3.5
95.2,345.0,0.011,0.8,2.0
99.2,280.0,0.017,0.58,30.0
132.7,160.0,0.006,0.62,2.1
-99.0,165.0,0.02,0.54,2.0
98.3,233.0,0.013,0.54,4.7
131.0,200.0,0.009,0.21,2.0
89.6,275.0,0.029,0.76,19.0
109.7,150.0,0.005,0.5,8.8
112.9,100.0,0.011,0.44,2.0
110.4,175.0,0.01,0.64,10.0
109.4,250.0,0.005,0.45,5.6
86.7,155.0,0.005,0.26,2.0
90.8,270.0,0.015,1.08,7.0
100.6,165.0,0.004,0.47,3.0
94.2,200.0,0.011,1.05,13.0
117.1,270.0,0.008,0.45,2.2
101.8,120.0,0.011,0.38,6.0
117.9,135.0,0.003,0.42,2.2
114.0,150.0,0.002,0.47,2.8
94.1,340.0,0.011,0.93,7.0
101.2,220.0,0.011,0.97,2.0
109.7,250.0,0.011,0.47,2.0
133.9,150.0,0.001,0.43,2.0
128.2,200.0,0.011,0.53,2.0
108.3,255.0,0.002,0.36,5.0
113.3,240.0,0.004,0.49,2.1
96.2,375.0,0.019,0.78,16.0
136.4,115.0,0.011,0.46,2.0
127.2,220.0,0.011,0.53,3.0
106.8,235.0,0.009,0.45,16.4
102.7,195.0,0.003,0.37,5.6
99.1,200.0,0.011,0.43,3.0
98.7,195.0,0.049,0.44,2.0
139.7,215.0,0.004,0.51,5.7
104.2,240.0,0.001,0.5,2.8
95.3,275.0,0.005,0.96,2.0
71.1,270.0,0.011,0.97,2.0
131.6,400.0,0.008,0.52,2.4
104.0,340.0,0.009,0.46,13.9
229.3,250.0,0.01,0.5,20.7
113.2,380.0,0.012,0.43,2.5
99.4,250.0,0.016,0.65,36.0
138.5,390.0,0.008,0.5,9.4
91.9,275.0,0.029,0.83,6.0
124.6,460.0,0.031,0.85,102.0
111.6,510.0,0.016,0.59,27.3
84.3,160.0,0.011,0.47,2.0
109.3,505.0,0.009,0.63,8.6
101.2,200.0,0.001,0.41,1.5
121.5,210.0,0.005,0.44,3.7
106.9,810.0,0.012,0.6,18.1
90.6,385.0,0.014,0.94,2.0
93.6,225.0,0.011,0.84,2.0
126.2,250.0,0.011,0.8,2.0
151.4,390.0,0.022,0.56,15.2
110.4,550.0,0.021,0.69,40.4
169.6,990.0,0.011,0.89,16.0
114.0,305.0,0.01,0.55,10.7
160.0,450.0,0.008,0.4,3.8
99.5,400.0,0.015,0.93,4.0
154.8,345.0,0.006,0.46,7.6
101.7,420.0,0.015,0.23,6.0
101.3,285.0,0.011,0.3,2.0
99.3,290.0,0.01,0.54,21.9
104.1,240.0,0.008,0.23,5.0
95.6,240.0,0.011,0.92,6.0
112.7,395.0,0.012,0.6,8.9
100.1,280.0,0.017,1.0,2.0
99.0,645.0,0.023,1.37,29.0
139.2,340.0,0.008,0.5,7.2
105.7,200.0,0.018,0.62,3.0
95.6,640.0,0.022,0.55,2.0
113.5,280.0,0.006,0.34,6.7
109.8,200.0,0.007,0.43,4.4
154.1,225.0,0.009,0.42,6.8
103.5,250.0,0.007,0.42,2.9
103.6,160.0,0.011,0.83,8.0
135.6,400.0,0.014,0.56,8.5
129.8,380.0,0.014,0.37,4.6
131.5,210.0,0.009,0.42,5.1
89.7,310.0,0.029,1.39,39.0
130.2,160.0,0.009,0.34,6.2
116.0,465.0,0.017,0.53,13.3
101.7,120.0,0.012,0.73,4.0
94.8,400.0,0.026,1.18,11.0
131.4,425.0,0.022,0.56,9.1
101.1,195.0,0.011,0.58,29.3
119.6,400.0,0.06,0.62,4.8
101.7,250.0,0.011,0.64,5.0
143.2,145.0,0.009,0.43,6.6
122.5,560.0,0.011,0.45,18.5
-99.0,345.0,0.016,0.89,32.6
101.2,500.0,0.011,0.9,16.0
130.6,700.0,0.015,1.02,83.7
120.2,250.0,0.006,0.39,3.9
131.0,510.0,0.007,0.48,17.6
120.1,600.0,0.022,1.8,464.0
118.3,310.0,0.009,0.48,8.2
102.0,300.0,0.011,0.72,11.0
97.2,450.0,0.013,0.75,16.0
149.3,295.0,0.001,0.51,4.9
115.4,220.0,0.011,0.9,4.0
116.2,290.0,0.019,0.73,2.0
104.3,215.0,0.004,0.51,3.6
109.1,480.0,0.02,0.79,140.0
153.8,400.0,0.08,0.57,6.7
135.3,230.0,0.007,0.47,3.9
114.7,400.0,0.011,2.21,2.0
119.3,310.0,0.013,0.85,26.7
128.4,135.0,0.02,0.72,19.7
111.5,175.0,0.014,0.61,12.0
99.5,510.0,0.022,1.0,4.0
123.5,200.0,0.011,1.04,12.0
126.5,310.0,0.018,0.63,14.0
-99.0,145.0,0.023,1.07,9.0
94.1,285.0,0.013,0.92,40.0
64.6,450.0,0.022,0.86,21.0
121.4,155.0,0.014,0.74,37.2
137.0,300.0,0.011,0.55,4.0
130.8,220.0,0.01,0.89,10.0
134.1,280.0,0.005,0.71,20.5
86.8,150.0,0.004,0.59,6.7
96.4,265.0,0.015,0.92,6.0
134.0,235.0,0.008,0.54,5.3
112.7,200.0,0.012,0.73,2.0
94.7,380.0,0.011,0.93,11.0
146.6,135.0,0.006,0.65,15.5
114.6,120.0,0.007,0.61,11.4
140.3,220.0,0.005,0.54,6.3
125.5,225.0,0.004,0.53,5.9
104.6,340.0,0.011,1.01,2.0
106.1,325.0,0.011,0.95,8.0
135.0,270.0,0.011,0.5,3.0
145.9,160.0,0.008,0.65,11.1
145.2,160.0,0.011,0.52,5.0
116.6,340.0,0.006,0.53,22.7
109.3,340.0,0.006,0.72,29.4
111.1,350.0,0.011,0.93,30.0
171.2,145.0,0.011,0.6,2.0
154.2,190.0,0.011,0.65,4.0
105.0,280.0,0.009,0.59,14.6
104.0,520.0,0.003,0.63,10.8
82.9,315.0,0.011,0.74,4.0
69.5,425.0,0.011,0.72,40.7
104.2,120.0,0.003,0.55,6.0
67.9,335.0,0.011,0.73,7.0
143.5,205.0,0.003,0.44,1.4
