Chloride,Nitrite,Nitrate,Phosphorus,Nitrogen
209.0,0.003,0.118,0.47,3.28
92.4,0.049,0.591,0.31,3.18
168.0,0.009,0.109,0.33,2.74
115.0,0.047,0.598,0.47,3.72
78.1,0.011,0.588,0.51,3.76
42.7,0.033,0.835,0.47,3.82
44.9,0.005,0.538,0.43,3.52
20.9,0.008,0.2,0.47,3.3
40.0,0.004,0.237,0.28,2.72
175.0,0.011,1.49,0.2,3.6
264.0,0.011,0.738,0.22,3.1
486.0,0.029,1.01,0.5,3.89
747.0,0.056,1.09,0.21,3.28
169.0,0.013,0.981,0.47,3.88
63.0,0.009,1.2,0.27,3.41
815.0,0.028,0.771,0.22,3.14
487.0,0.019,0.793,0.46,3.77
1180.0,0.034,0.646,0.47,3.75
48.4,0.007,0.334,0.46,3.55
28.7,0.013,0.195,0.49,3.32
196.0,0.055,0.704,0.31,3.27
53.7,0.007,0.274,0.3,2.78
160.0,0.024,1.49,0.19,3.59
197.0,0.028,0.776,0.46,3.77
316.0,0.039,0.954,0.43,3.69
334.0,0.061,1.13,0.29,3.48
78.9,0.02,1.73,0.48,4.06
51.4,0.006,0.213,0.47,3.3
168.0,0.027,1.23,0.25,3.5
33.6,0.005,0.129,0.45,3.17
48.9,0.005,0.121,0.42,3.04
65.6,0.011,0.596,0.46,3.67
170.0,0.023,0.61,0.47,3.72
207.0,0.016,0.196,0.21,2.44
667.0,0.034,1.06,0.3,3.49
543.0,0.011,0.332,0.47,3.57
209.0,0.028,0.474,0.47,3.66
18.6,0.017,0.185,0.27,2.61
43.2,0.012,0.189,0.46,3.27
49.0,0.011,0.228,0.34,2.81
153.0,0.014,0.4,0.21,2.83
375.0,0.013,0.594,0.42,3.51
194.0,0.002,0.005,0.27,2.49
365.0,0.01,0.346,0.38,3.39
41.3,0.005,0.163,0.5,3.31
12.4,0.007,0.144,0.37,2.95
50.0,0.005,0.122,0.29,2.62
440.0,0.009,0.332,0.28,2.97
93.3,0.006,0.132,0.47,3.28
179.0,0.001,0.005,0.46,3.11
47.6,0.006,0.356,0.47,3.59
815.0,0.015,0.18,0.46,3.27
38.5,0.008,0.173,0.27,2.61
13.8,0.011,0.177,0.46,3.26
177.0,0.009,0.225,0.45,3.22
46.9,0.005,0.093,0.44,3.07
20.9,0.012,0.302,0.33,2.86
35.9,0.005,0.15,0.47,3.29
66.4,0.027,0.908,0.47,3.87
48.2,0.008,0.303,0.46,3.43
160.0,0.018,1.72,0.44,3.87
64.9,0.033,0.878,0.46,3.82
237.0,0.016,1.33,0.44,3.79
177.0,0.014,1.05,0.48,3.89
68.8,0.018,1.26,0.45,3.86
132.0,0.015,0.667,0.28,3.14
30.3,0.007,0.271,0.3,2.78
51.6,0.005,0.093,0.45,3.16
184.0,0.012,0.682,0.33,3.33
95.7,0.01,0.44,0.47,3.65
205.0,0.025,0.665,0.43,3.56
384.0,0.043,0.79,0.47,3.82
67.3,0.016,1.33,0.45,3.86
102.0,0.043,4.12,0.46,5.19
326.0,0.047,2.67,0.46,4.55
312.0,0.05,1.24,0.52,4.11
32.4,0.017,0.785,0.47,3.82
47.1,0.011,0.436,0.17,2.59
50.1,0.011,0.271,0.46,3.36
151.0,0.055,4.81,0.49,5.23
121.0,0.018,1.83,0.27,3.77
62.7,0.017,2.73,0.29,4.6
664.0,0.039,1.73,0.27,3.72
155.0,0.045,3.74,0.45,5.08
347.0,0.047,2.49,0.47,4.6
36.2,0.007,0.301,0.43,3.32
47.8,0.003,0.449,1.28,6.41
186.0,0.022,1.19,0.47,3.93
120.0,0.02,2.18,0.48,4.18
50.2,0.003,0.257,0.45,3.26
81.6,0.01,1.44,0.47,4.0
25.7,0.007,0.101,0.47,3.28
260.0,0.028,1.28,0.47,3.98
552.0,0.026,0.823,1.28,6.46
732.0,0.034,1.03,0.46,3.83
102.0,0.015,0.766,0.47,3.81
48.8,0.007,0.419,0.27,2.92
47.5,0.007,0.176,0.19,2.37
206.0,0.016,0.432,0.19,2.81
65.8,0.011,0.741,0.43,3.62
140.0,0.01,0.707,0.29,3.21
276.0,0.038,0.911,0.43,3.67
58.5,0.016,0.961,0.46,3.83
147.0,0.016,0.438,0.21,2.81
239.0,0.014,0.526,0.29,3.08
75.5,0.091,5.38,0.54,6.09
182.0,0.006,0.18,0.45,3.21
24.5,0.016,0.448,0.25,2.89
105.0,0.009,0.273,0.45,3.3
41.8,0.004,0.16,0.47,3.29
132.0,0.032,0.637,0.47,3.74
48.4,0.005,0.361,0.47,3.59
44.1,0.026,1.17,0.29,3.47
98.0,0.021,0.484,0.45,3.56
66.6,0.012,1.09,0.47,3.9
48.0,0.009,0.321,0.47,3.56
19.0,0.012,0.2,0.47,3.3
39.3,0.009,0.235,0.47,3.32
281.0,0.013,0.305,0.37,3.17
95.0,0.012,0.458,0.45,3.56
175.0,0.01,0.393,0.47,3.61
360.0,0.014,0.696,0.18,2.85
117.0,0.006,0.152,0.52,3.34
528.0,0.01,0.666,0.47,3.76
239.0,0.006,0.047,0.47,3.25
48.4,0.008,0.391,0.35,3.17
429.0,0.018,0.284,0.45,3.3
46.2,0.009,0.378,0.48,3.58
40.5,0.008,0.328,0.49,3.57
135.0,0.001,0.024,0.22,2.41
270.0,0.015,0.87,0.47,3.87
210.0,0.016,0.571,0.33,3.25
99.4,0.003,0.195,0.47,3.3
48.3,0.005,0.446,0.24,2.87
42.9,0.003,0.234,0.39,3.11
43.7,0.006,0.802,0.5,3.83
150.0,0.008,0.328,0.29,2.95
14.6,0.004,0.131,0.47,3.28
46.0,0.008,0.603,0.48,3.73
362.0,0.027,0.673,0.41,3.53
15.8,0.008,0.166,0.3,2.69
43.3,0.011,0.333,0.39,3.4
236.0,0.009,0.474,0.47,3.66
88.0,0.006,0.237,0.49,3.33
330.0,0.018,0.874,0.49,3.87
48.5,0.008,0.862,0.45,3.75
131.0,0.019,0.543,0.47,3.71
1150.0,0.028,0.8,0.28,3.32
742.0,0.029,0.998,0.3,3.47
108.0,0.007,0.378,0.31,3.03
47.0,0.005,0.464,0.27,2.95
360.0,0.023,1.07,0.47,3.9
26.5,0.007,0.165,0.29,2.66
48.3,0.01,0.539,0.48,3.71
75.5,0.008,0.873,0.47,3.87
263.0,0.014,0.556,0.47,3.71
51.8,0.004,0.468,0.31,3.1
543.0,0.018,0.591,0.42,3.51
755.0,0.033,0.718,0.47,3.78
50.1,0.004,0.255,0.19,2.46
29.8,0.005,0.081,0.43,3.03
124.0,0.006,0.186,0.47,3.3
305.0,0.012,0.263,0.44,3.2
204.0,0.016,0.36,0.39,3.41
69.8,0.008,0.651,0.47,3.75
107.0,0.003,0.1,0.47,3.28
503.0,0.041,0.67,0.47,3.76
738.0,0.038,0.539,0.48,3.72
52.5,0.013,0.312,0.47,3.56
296.0,0.007,0.019,0.49,3.21
210.0,0.013,0.104,0.47,3.29
13.8,0.02,0.184,0.45,3.21
43.5,0.009,0.301,0.47,3.45
640.0,0.012,0.264,0.15,2.25
135.0,0.012,0.35,0.23,2.89
372.0,0.058,0.65,0.47,3.76
45.1,0.013,0.524,0.47,3.71
194.0,0.018,0.047,0.18,2.28
101.1,0.06,0.4,0.47,3.62
323.0,0.025,0.58,0.21,2.97
44.4,0.009,0.244,0.31,2.79
23.5,0.014,0.239,0.29,2.74
138.0,0.027,0.66,0.45,3.65
166.0,0.021,0.929,0.47,3.88
89.5,0.06,1.46,0.3,3.62
237.0,0.012,0.64,0.21,3.03
86.9,0.006,0.21,0.29,2.71
782.0,0.053,0.69,0.46,3.73
122.0,0.046,0.53,0.5,3.73
336.0,0.009,0.1,0.31,2.68
205.0,0.555,1.01,0.44,3.68
343.0,0.014,0.279,0.34,2.84
90.4,0.016,0.1,0.47,3.29
140.0,0.064,0.59,0.47,3.72
371.0,0.096,1.36,0.34,3.61
42.4,0.011,0.484,0.28,3.02
218.0,0.002,0.005,0.43,2.97
114.0,0.012,0.77,0.26,3.2
128.0,0.002,0.142,0.47,3.29
94.5,0.011,0.33,0.19,2.83
374.0,0.012,0.166,0.47,3.3
146.0,0.012,0.11,0.46,3.24
301.0,0.001,0.54,0.33,3.24
118.0,0.042,0.19,0.5,3.33
346.0,0.108,1.49,1.28,6.56
12.7,0.006,0.141,0.46,3.25
926.0,0.079,0.64,0.27,3.1
39.6,0.005,0.271,0.46,3.36
97.2,0.019,0.1,0.47,3.29
147.0,0.003,0.005,0.47,3.17
36.5,0.009,0.393,0.47,3.61
78.5,0.008,0.12,0.47,3.28
300.0,0.024,0.79,0.28,3.32
194.0,0.382,1.07,0.46,3.82
99.5,0.015,0.1,0.47,3.29
41.0,0.006,0.305,0.47,3.45
122.0,0.01,0.27,0.47,3.38
192.0,0.007,0.42,0.21,2.81
14.2,0.008,0.168,0.47,3.29
322.0,0.006,0.59,0.45,3.61
258.0,0.066,1.1,0.47,3.9
94.8,0.011,0.38,0.43,3.45
243.0,0.01,0.365,0.46,3.56
175.0,0.009,0.5,0.47,3.68
104.0,0.006,0.277,0.47,3.39
96.4,0.017,0.8,0.37,3.53
93.6,0.003,0.11,0.49,3.3
51.7,0.012,0.467,0.49,3.67
187.9,0.028,0.51,0.52,3.74
68.7,0.016,0.1,0.47,3.29
244.8,0.416,0.45,0.46,3.61
234.0,0.014,0.8,0.49,3.82
411.0,0.096,0.49,0.47,3.67
99.8,0.007,0.41,0.47,3.63
13.7,0.004,0.11,0.46,3.24
42.2,0.003,0.221,0.47,3.3
153.0,0.018,0.56,0.45,3.61
236.0,0.025,0.822,0.47,3.82
355.0,0.36,0.84,0.46,3.75
77.8,0.004,0.13,0.47,3.28
164.0,0.019,0.474,0.29,3.06
37.1,0.009,0.341,0.47,3.58
240.0,0.02,1.25,0.48,3.99
121.0,0.015,1.04,0.43,3.69
1352.0,0.034,1.12,0.5,3.91
188.0,0.055,1.13,0.47,3.9
89.1,0.005,0.51,0.28,3.04
370.0,0.049,1.69,0.29,3.67
130.0,0.018,1.01,0.44,3.7
398.5,0.045,1.3,0.42,3.71
319.0,0.021,1.5,0.5,4.07
62.6,0.014,0.616,0.37,3.41
34.9,0.029,3.0,0.47,4.88
95.4,0.007,1.41,0.46,3.93
76.5,0.03,2.15,0.47,4.15
52.7,0.008,0.384,0.31,3.04
95.5,0.01,0.52,0.48,3.71
1610.0,0.026,1.71,0.14,3.44
23.0,0.008,0.242,0.28,2.73
83.0,0.039,2.24,0.44,4.09
140.0,0.008,0.68,0.48,3.76
1370.0,0.037,1.89,0.47,4.08
403.0,0.021,1.29,0.32,3.59
2420.0,0.063,1.6,0.46,4.0
1610.0,0.07,1.88,0.47,4.09
726.0,0.03,1.35,0.47,3.99
366.0,0.027,1.75,0.15,3.47
126.0,0.009,1.79,0.47,4.06
1320.0,0.052,1.7,0.42,3.76
243.0,0.022,2.01,0.47,4.15
2430.0,0.193,1.25,0.47,3.98
48.1,0.004,0.75,0.29,3.31
122.0,0.024,2.85,0.46,4.57
123.0,0.022,2.76,0.47,4.6
191.0,0.027,4.61,0.47,5.22
60.4,0.004,0.64,0.28,3.13
44.6,0.009,1.29,0.47,3.97
62.9,0.006,0.64,0.47,3.75
105.0,0.015,3.05,0.47,4.98
127.0,0.008,1.33,0.49,3.99
733.0,0.038,3.07,0.15,4.97
842.0,0.031,1.76,0.29,3.67
314.0,0.016,2.21,0.44,4.07
449.0,0.026,1.93,0.3,3.76
86.9,0.012,3.1,0.49,4.98
1300.0,0.072,1.96,0.47,4.11
679.0,0.12,2.06,0.13,3.77
936.0,0.048,2.42,0.29,4.45
51.8,0.011,0.63,0.45,3.63
30.5,0.004,0.74,0.29,3.26
51.7,0.006,0.76,0.3,3.33
206.0,0.011,3.46,0.46,4.98
147.0,0.014,2.41,0.47,4.55
959.0,0.099,1.99,0.34,3.92
526.0,0.065,2.62,0.43,4.56
131.0,0.011,2.57,0.32,4.55
637.0,0.029,1.27,0.48,3.99
105.0,0.005,0.9,0.47,3.87
715.0,0.039,2.11,0.29,3.96
367.0,0.028,1.6,0.48,4.06
86.1,0.015,1.95,0.5,4.1
8400.0,0.113,0.47,0.16,2.58
1880.0,0.087,1.97,0.47,4.12
118.0,0.007,2.01,0.52,4.21
516.0,0.031,1.77,0.45,3.94
105.0,0.016,2.09,0.21,4.01
831.0,0.03,1.62,0.45,3.93
711.0,0.038,2.51,0.43,4.58
92.7,0.004,0.81,0.47,3.82
201.0,0.019,1.43,0.51,4.05
106.0,0.009,1.79,0.47,4.06
515.0,0.035,1.08,0.29,3.47
264.0,0.026,1.63,0.52,4.14
47.6,0.005,0.78,0.5,3.83
30.3,0.008,0.39,0.27,2.91
45.1,0.007,0.58,0.45,3.61
266.0,0.014,0.98,0.47,3.88
62.9,0.005,1.29,0.3,3.57
87.1,0.008,1.39,0.32,3.6
406.0,0.026,1.71,0.47,4.06
444.0,0.029,0.8,0.47,3.82
381.0,0.027,1.23,0.47,4.03
80.6,0.013,0.76,0.49,3.82
591.0,0.075,1.73,0.47,4.06
726.0,0.033,0.75,0.49,3.82
201.0,0.025,0.72,0.45,3.68
186.0,0.029,0.88,0.49,3.88
398.0,0.031,0.75,0.21,3.12
85.8,0.006,0.25,0.45,3.24
37.4,0.006,0.99,0.29,3.44
48.1,0.003,0.22,0.28,2.7
82.5,0.016,1.47,0.26,3.67
47.1,0.002,0.42,0.46,3.59
89.6,0.026,1.96,0.47,4.11
32.3,0.005,0.18,0.24,2.53
219.0,0.035,0.57,0.49,3.72
152.0,0.039,1.1,0.47,3.9
96.1,0.006,0.14,0.38,3.01
326.0,0.127,2.09,0.49,4.17
68.9,0.011,1.31,0.19,3.39
81.0,0.007,1.1,0.17,3.03
149.0,0.026,0.94,0.37,3.57
242.0,0.001,0.005,0.22,2.39
146.0,0.004,0.005,0.19,2.26
46.7,0.008,0.253,0.22,2.52
155.0,0.02,0.28,1.02,4.96
105.9,0.019,0.34,0.47,3.58
13.4,0.012,0.165,0.29,2.66
83.8,0.005,0.12,0.29,2.62
326.0,0.024,0.72,0.29,3.23
629.0,0.017,0.356,0.17,2.63
397.0,0.019,0.18,0.47,3.3
474.0,0.02,1.26,0.47,3.98
46.0,0.011,0.282,0.2,2.48
59.7,0.069,3.22,0.45,4.99
153.0,0.025,1.55,0.46,4.0
88.8,0.007,0.67,0.47,3.76
102.3,0.021,0.37,0.47,3.59
138.0,0.077,1.02,0.31,3.5
106.0,0.024,0.953,0.52,3.95
16.7,0.009,0.204,0.45,3.21
192.0,0.021,0.75,0.51,3.84
292.0,0.013,0.83,0.46,3.77
297.0,0.012,0.536,0.47,3.71
62.3,0.006,0.658,0.32,3.29
255.0,0.012,0.13,0.51,3.34
374.0,0.158,2.24,0.38,4.0
441.011,0.065,0.92,0.47,3.88
83.1,0.001,0.04,0.47,3.23
47.7,0.003,0.257,0.48,3.36
274.0,0.004,0.014,0.27,2.5
92.7,0.004,0.25,0.29,2.75
10.4,0.004,0.127,0.31,2.7
111.0,0.004,0.115,0.47,3.28
129.0,0.013,0.64,0.47,3.75
139.0,0.009,0.18,0.47,3.3
289.0,0.013,0.59,0.43,3.53
107.7,0.011,0.37,0.59,3.87
460.0,0.249,2.33,0.28,4.18
292.0,0.017,0.78,0.5,3.83
164.0,0.007,0.21,0.47,3.3
70.0,0.001,0.08,0.19,2.33
469.0,0.036,1.23,0.32,3.63
101.0,0.007,0.395,0.49,3.62
93.7,0.017,0.74,0.3,3.3
41.7,0.005,0.118,0.46,3.24
97.7,0.008,0.42,0.29,3.01
94.1,0.015,0.23,0.42,3.14
77.3,0.002,0.21,0.29,2.71
124.0,0.011,0.53,0.29,3.08
20.8,0.01,0.232,0.26,2.57
66.0,0.006,0.346,0.43,3.46
96.1,0.01,0.489,0.21,2.91
243.0,0.013,0.584,0.47,3.72
51.4,0.004,0.605,0.47,3.72
193.0,0.006,0.181,0.36,2.84
258.0,0.015,1.45,0.44,3.82
204.9,0.021,0.75,0.47,3.81
77.5,0.003,0.62,0.47,3.73
103.7,0.006,0.41,0.47,3.63
674.0,0.037,1.15,0.46,3.87
91.7,0.009,0.397,0.38,3.38
49.3,0.003,0.182,0.47,3.3
242.0,0.015,1.21,0.47,3.95
79.9,0.016,0.44,0.47,3.65
24.0,0.005,0.141,0.49,3.3
166.0,0.015,2.74,0.29,4.6
321.0,0.045,1.78,0.47,4.06
60.4,0.018,0.75,0.3,3.34
62.7,0.01,0.97,0.47,3.88
79.2,0.004,0.38,0.47,3.59
59.0,0.015,1.25,0.41,3.72
29.3,0.011,0.514,0.39,3.44
133.0,0.022,1.34,0.29,3.57
124.0,0.014,3.63,0.5,5.03
74.1,0.011,1.74,0.47,4.06
193.0,0.026,1.37,0.27,3.55
77.8,0.006,0.65,0.43,3.55
97.8,0.007,0.51,0.47,3.68
72.1,0.014,1.95,0.47,4.09
50.8,0.009,0.368,0.47,3.59
63.9,0.018,1.67,0.47,4.06
228.0,0.035,1.59,0.5,4.08
68.3,0.005,1.94,0.47,4.08
291.0,0.393,2.19,0.28,4.0
750.0,0.728,1.46,0.28,3.65
337.0,0.679,2.13,0.48,4.14
225.0,0.013,1.97,0.38,3.86
47.2,0.002,0.71,0.49,3.79
45.8,0.007,0.54,0.47,3.71
177.0,0.016,2.02,0.47,4.15
122.0,0.018,1.92,0.29,3.76
96.2,0.063,0.74,0.44,3.63
767.0,0.054,0.63,0.47,3.75
43.5,0.006,0.5,0.32,3.19
407.0,0.014,2.64,0.49,4.56
271.0,0.023,1.36,0.28,3.57
982.0,0.892,0.86,0.6,4.27
271.0,0.013,1.62,0.47,4.06
449.0,0.053,1.63,0.19,3.63
78.1,0.005,1.61,0.47,4.06
348.0,0.051,1.84,0.16,3.59
56.1,0.009,1.97,0.29,3.84
891.0,0.061,0.07,0.5,3.29
379.0,0.043,1.64,0.46,4.0
51.3,0.007,0.94,0.29,3.41
429.0,0.04,1.62,0.31,3.67
37.3,0.002,0.31,0.47,3.54
50.9,0.002,0.66,0.21,3.03
983.0,0.33,2.2,0.33,3.95
130.0,0.004,0.59,0.26,3.01
406.0,0.036,1.33,0.28,3.56
607.0,0.037,1.86,0.42,3.82
1830.0,0.131,2.39,0.46,4.51
3220.0,0.14,1.78,0.47,4.06
1660.0,0.839,1.72,0.33,3.69
2510.0,0.164,1.58,0.34,3.69
55.1,0.003,1.48,0.47,4.04
458.0,0.021,1.64,0.49,4.06
79.5,0.002,1.71,0.2,3.65
40.1,0.004,0.29,0.48,3.4
47.1,0.005,0.7,0.47,3.78
2790.0,0.093,1.38,0.27,3.55
900.0,0.038,1.13,0.47,3.9
51.7,0.006,0.99,0.31,3.48
231.0,0.011,0.57,0.28,3.06
598.0,0.023,0.98,0.47,3.88
6910.0,0.194,0.35,0.47,3.6
3270.0,0.066,0.04,0.47,3.25
8350.0,0.306,3.9,0.45,5.14
2850.0,0.156,0.89,0.47,3.87
4830.0,0.0008,0.002,0.29,2.53
53.8,0.006,1.15,0.47,3.92
5050.0,0.2,0.51,0.48,3.69
97.6,0.019,1.36,0.51,4.04
923.0,0.124,1.42,0.29,3.57
268.0,0.017,1.7,0.49,4.06
568.0,0.036,2.43,0.29,4.57
50.8,0.018,0.7,0.18,2.85
153.0,0.01,0.91,0.46,3.82
51.6,0.029,0.93,0.29,3.4
27.4,0.008,0.65,0.46,3.71
215.0,0.038,1.64,0.47,4.06
1960.0,0.083,1.6,0.45,3.94
474.0,0.052,1.47,0.48,4.04
1080.0,0.085,1.33,0.43,3.79
1490.0,0.072,1.86,0.47,4.09
1160.0,0.126,1.4,0.43,3.8
267.0,0.019,1.83,0.38,3.75
72.5,0.013,2.17,0.47,4.17
95.0,0.016,2.14,0.33,3.95
531.0,0.037,1.72,0.44,3.87
48.5,0.009,0.33,0.17,2.58
101.0,0.017,0.55,0.48,3.71
214.0,0.017,0.64,0.38,3.47
212.0,0.017,0.371,0.51,3.62
190.0,0.042,0.99,0.46,3.83
38.3,0.011,0.281,0.31,2.8
123.0,0.007,0.25,0.27,2.68
594.0,0.045,0.83,0.46,3.77
25.4,0.06,0.971,0.49,3.89
562.0,0.041,1.39,0.24,3.53
1331.0,0.11,0.99,0.5,3.9
682.0,0.038,0.733,0.19,2.98
73.0,0.013,1.06,0.45,3.77
110.0,0.005,0.72,0.25,3.09
326.0,0.024,0.788,0.29,3.32
283.0,0.035,1.2,0.3,3.5
166.0,0.045,0.87,0.3,3.4
152.0,0.03,0.396,0.31,3.06
106.0,0.004,0.17,0.47,3.29
338.0,0.025,0.58,0.28,3.07
101.3,0.014,0.33,0.47,3.57
18.7,0.019,0.169,0.47,3.3
263.0,0.033,0.606,0.48,3.73
46.2,0.016,0.234,0.47,3.32
178.0,0.004,0.05,0.26,2.51
445.0,0.019,0.333,0.48,3.57
57.7,0.024,0.694,0.45,3.67
1039.0,0.085,0.72,0.45,3.69
111.0,0.013,0.69,0.25,3.06
419.0,0.037,0.39,0.47,3.62
429.0,0.064,1.64,0.35,3.69
277.0,0.018,0.68,0.47,3.76
177.0,0.181,1.58,0.45,3.94
348.0,0.0009,15.3,0.52,8.17
108.0,0.008,0.21,0.34,2.81
1413.0,0.1,0.54,0.47,3.72
602.0,0.008,0.517,0.31,3.14
527.0,0.0009,14.2,0.47,8.23
13.6,0.011,0.173,0.28,2.65
102.2,0.074,0.5,0.5,3.7
178.0,0.209,0.59,0.49,3.73
43.5,0.008,0.384,0.47,3.58
140.0,0.027,0.569,0.28,3.06
141.0,0.04,0.584,0.28,3.08
110.0,0.004,0.13,0.46,3.24
191.0,0.093,1.16,1.29,6.48
47.0,0.013,0.743,0.47,3.81
353.0,0.172,0.55,0.47,3.72
97.2,0.003,0.1,0.43,3.06
96.5,0.025,0.32,0.22,2.74
11.5,0.009,0.154,0.46,3.25
248.0,0.012,0.42,0.31,3.08
221.0,0.005,0.005,0.47,3.17
191.0,0.008,0.08,0.26,2.52
144.0,0.009,0.093,0.46,3.23
47.8,0.005,0.252,0.38,3.11
114.0,0.009,0.9,0.47,3.87
285.0,0.006,0.01,0.17,2.19
331.0,0.082,1.42,0.48,4.0
425.0,0.007,0.131,0.51,3.33
244.0,0.021,0.51,0.29,3.08
44.1,0.006,0.451,0.47,3.66
86.7,0.001,0.002,0.47,3.16
924.0,0.131,0.62,0.29,3.17
48.4,0.003,0.258,0.49,3.36
181.0,0.027,0.5,0.47,3.68
114.0,0.008,0.188,0.47,3.3
117.0,0.006,0.226,0.45,3.22
191.0,0.012,0.06,0.32,2.67
11.0,0.008,0.164,0.47,3.29
103.4,0.019,0.38,0.47,3.59
2780.0,0.652,16.2,0.16,10.89
1.3,0.0009,0.002,0.19,2.25
333.0,0.017,0.16,0.47,3.29
521.0,0.05,0.76,0.21,3.12
156.0,0.034,0.79,0.45,3.72
280.0,0.005,0.161,0.47,3.29
250.0,0.098,1.36,0.51,4.04
39.6,0.006,0.502,0.22,2.95
78.5,0.001,0.01,0.49,3.19
325.0,0.004,0.06,0.27,2.54
103.0,0.003,0.11,0.47,3.28
18.6,0.006,156.0,0.47,15.18
123.0,0.019,0.52,0.47,3.71
200.0,0.008,0.175,0.46,3.26
137.0,0.008,0.182,0.31,2.72
184.0,0.011,0.16,0.33,2.76
45.9,0.003,0.323,0.33,3.07
103.7,0.01,0.38,0.3,3.02
695.0,0.094,0.82,0.47,3.83
381.0,0.027,0.436,0.47,3.64
65.2,0.0009,0.002,0.3,2.56
187.0,0.08,0.96,0.3,3.45
140.0,0.162,1.2,0.47,3.93
37.4,0.007,0.463,0.47,3.66
256.0,0.033,0.37,0.48,3.59
105.7,0.007,0.52,0.51,3.75
84.6,0.005,0.17,0.47,3.29
108.0,0.027,0.427,0.17,2.61
41.0,0.013,0.27,0.48,3.39
122.0,0.007,0.36,0.21,2.86
36.6,0.019,0.38,0.49,3.59
83.0,0.039,0.546,0.29,3.09
122.0,0.02,0.41,0.44,3.48
83.4,0.017,0.43,0.47,3.64
121.0,0.061,0.77,0.46,3.77
149.0,0.048,0.85,0.34,3.46
285.0,0.041,0.39,0.47,3.62
34.8,0.002,0.493,0.45,3.56
57.8,0.001,0.04,0.44,3.02
144.0,0.07,0.73,0.22,3.1
59.3,0.005,0.58,0.47,3.72
341.0,0.019,0.89,0.29,3.38
144.0,0.007,0.44,0.31,3.08
1452.0,0.171,0.94,0.13,2.88
781.0,0.052,1.17,0.47,3.92
588.0,1.65,1.45,0.66,4.6
660.0,0.051,1.07,0.46,3.85
250.0,0.078,1.06,0.47,3.9
544.0,0.069,1.24,1.29,6.67
452.0,0.035,1.13,0.47,3.9
214.0,0.023,0.89,0.47,3.87
477.0,0.044,1.16,0.49,3.93
55.6,0.005,0.74,0.27,3.16
46.7,0.008,0.27,0.38,3.14
1150.0,0.093,1.19,0.46,3.88
628.0,0.079,0.42,0.3,3.06
497.0,0.03,1.04,0.47,3.88
55.9,0.006,0.57,0.33,3.25
66.2,0.008,1.1,0.5,3.91
840.0,0.055,1.24,0.45,3.91
1370.0,0.06,3.45,0.47,4.99
240.0,0.009,1.05,0.35,3.53
475.0,0.052,1.61,0.43,3.86
4360.0,0.847,0.93,0.62,4.41
2730.0,0.145,1.58,0.45,3.94
1330.0,0.175,0.91,0.21,3.21
2760.0,0.246,1.31,1.31,6.59
56.1,0.006,0.89,0.28,3.35
480.0,0.012,1.06,0.47,3.89
2110.0,0.112,7.22,0.28,6.92
29.8,0.007,0.6,0.51,3.76
60.8,0.006,0.66,0.47,3.76
467.0,0.049,4.06,0.28,5.33
1210.0,0.077,2.06,0.47,4.16
1680.0,0.109,1.55,0.31,3.66
1540.0,0.058,1.31,0.48,3.99
617.0,0.05,1.16,0.49,3.93
1420.0,0.12,1.57,0.34,3.68
1830.0,0.1,2.07,0.41,3.99
903.0,0.084,1.33,0.29,3.56
104.0,0.021,3.82,0.47,5.08
203.0,0.036,3.11,0.2,5.01
1080.0,0.04,1.78,0.31,3.67
41.7,0.006,0.81,0.47,3.82
270.0,0.032,3.54,0.43,5.13
66.1,0.006,0.62,0.46,3.69
59.0,0.004,0.81,0.47,3.82
322.0,0.024,3.56,0.35,5.17
453.0,0.047,4.06,0.47,5.13
176.0,0.007,1.16,0.46,3.86
1300.0,0.076,1.35,0.47,4.0
1040.0,0.043,1.17,0.48,3.93
2410.0,0.13,1.23,0.45,3.91
1760.0,0.089,1.66,0.47,4.06
2200.0,0.244,1.73,0.47,4.06
559.0,0.02,2.18,0.47,4.17
214.0,0.007,3.76,0.34,5.25
1580.0,0.094,1.79,1.25,6.57
88.4,0.007,2.29,0.47,4.32
133.0,0.011,0.252,0.23,2.55
605.0,0.021,1.27,0.32,3.6
53.6,0.005,0.33,0.47,3.57
28.5,0.003,0.091,1.31,6.42
102.5,0.009,0.5,0.18,2.82
928.0,0.153,0.61,0.44,3.55
327.0,0.07,0.999,0.44,3.71
520.0,0.035,0.6,0.51,3.76
67.2,0.006,0.769,0.43,3.63
290.0,0.011,0.387,0.47,3.6
22.8,0.005,0.1,0.23,2.5
54.7,0.005,0.224,0.49,3.31
148.0,0.011,0.402,0.44,3.48
111.4,0.006,0.52,0.47,3.71
441.0,0.032,0.67,0.37,3.43
69.9,0.005,0.623,0.49,3.74
503.0,0.011,0.431,0.47,3.64
1369.0,0.113,0.9,0.47,3.88
151.0,0.018,0.619,0.43,3.54
262.0,0.009,0.129,0.47,3.28
111.1,0.011,0.44,0.34,3.19
18.8,0.012,0.156,0.48,3.3
1301.0,0.136,0.67,0.26,3.09
389.0,0.012,0.184,0.44,3.14
61.6,0.014,0.745,0.3,3.33
321.0,0.068,0.62,0.28,3.13
102.0,0.035,0.49,0.47,3.67
85.1,0.088,0.35,0.42,3.46
99.2,0.032,0.69,0.29,3.19
108.0,0.032,1.27,0.29,3.56
48.1,0.006,0.17,0.47,3.29
17.5,0.008,0.17,0.5,3.32
94.7,0.036,0.39,0.47,3.62
255.0,0.0009,1.22,0.31,3.55
92.4,0.057,0.87,0.49,3.88
488.0,0.0319,0.83,0.47,3.82
177.0,0.016,0.685,0.47,3.76
194.0,0.055,0.5,0.29,3.08
45.8,0.012,0.58,0.47,3.72
43.7,0.061,1.67,0.5,4.08
184.1,0.067,0.51,0.47,3.69
90.3,0.004,0.36,0.47,3.59
47.7,0.003,0.144,0.47,3.29
17.8,0.005,0.159,0.47,3.29
94.6,0.003,0.03,0.46,3.17
68.1,0.025,0.45,0.47,3.66
95.5,0.005,0.353,1.29,6.43
124.0,0.012,1.01,0.5,3.89
103.4,0.008,0.35,0.47,3.59
560.0,0.055,0.48,0.43,3.48
246.0,0.018,0.57,0.47,3.71
362.0,0.099,1.66,0.31,3.67
143.0,0.018,0.444,0.47,3.65
135.0,0.012,0.62,0.45,3.62
285.0,0.011,0.03,0.46,3.17
192.0,0.013,0.61,0.47,3.72
79.1,0.0009,0.02,0.5,3.22
53.2,0.006,0.472,0.47,3.66
71.3,0.009,0.42,0.29,3.01
58.0,0.017,0.34,0.47,3.58
56.6,0.041,1.29,0.26,3.51
67.2,0.027,0.71,0.25,3.08
83.8,0.013,0.27,0.21,2.5
34.3,0.018,0.499,0.28,3.04
39.1,0.008,0.045,0.49,3.26
80.7,0.005,0.53,0.16,2.58
227.0,0.019,1.12,0.48,3.9
71.3,0.007,1.06,0.29,3.47
173.7,0.032,0.68,0.42,3.54
106.6,0.012,0.51,0.34,3.25
18.9,0.006,0.117,0.19,2.35
239.0,0.005,0.069,0.47,3.25
98.8,0.006,0.101,0.48,3.29
113.0,0.003,0.1,0.48,3.29
131.0,0.009,0.01,0.47,3.17
50.3,0.008,0.318,0.47,3.56
886.0,0.049,0.42,0.21,2.84
131.0,0.01,0.45,0.21,2.84
202.0,0.009,0.34,0.46,3.56
320.0,0.055,1.39,0.47,3.99
376.0,0.008,0.174,0.44,3.12
68.1,0.014,1.17,0.49,3.93
108.0,0.017,0.53,0.47,3.71
84.1,0.005,0.79,0.47,3.82
273.0,0.032,0.46,0.44,3.49
43.2,0.022,1.72,0.59,4.41
105.0,0.014,0.36,0.47,3.59
88.8,0.017,0.81,0.37,3.53
57.5,0.005,0.136,0.47,3.29
81.8,0.055,5.51,0.38,6.46
71.1,0.028,1.77,0.28,3.7
74.5,0.044,3.07,0.46,4.98
166.0,0.035,2.66,0.26,4.49
122.0,0.025,0.89,0.47,3.87
270.0,0.053,1.54,0.5,4.07
451.0,0.055,0.78,0.43,3.63
109.0,0.023,0.95,0.47,3.88
73.4,0.014,1.81,0.47,4.07
66.3,0.014,2.41,0.47,4.55
275.0,0.048,1.91,0.47,4.08
191.4,0.053,1.27,0.47,3.98
283.0,0.018,0.67,0.29,3.18
176.0,0.034,2.38,0.45,4.49
576.0,0.03,1.56,0.32,3.67
114.0,0.011,0.37,0.32,3.07
65.1,0.008,0.51,0.44,3.52
64.9,0.005,0.79,0.35,3.46
1330.0,0.061,1.33,0.24,3.51
994.0,0.05,0.76,0.31,3.36
714.0,0.034,0.5,0.29,3.08
1060.0,0.05,0.55,0.47,3.72
897.0,0.039,0.72,0.46,3.74
436.0,0.027,0.71,0.47,3.78
515.0,0.035,1.29,0.18,3.28
263.0,0.022,1.33,0.48,3.99
67.3,0.022,3.07,0.47,4.98
84.3,0.013,1.91,1.29,6.58
56.3,0.009,0.67,0.47,3.76
373.0,0.024,1.12,0.3,3.5
307.0,0.022,1.08,0.45,3.78
57.6,0.02,1.03,0.29,3.46
1230.0,0.063,1.95,0.47,4.1
148.0,0.006,0.64,0.45,3.64
44.2,0.008,0.31,0.29,2.89
2610.0,0.043,8.34,0.35,7.28
3330.0,0.047,1.1,0.21,3.28
2870.0,0.024,0.98,0.31,3.47
1020.0,0.012,0.84,0.47,3.83
4840.0,0.08,0.94,0.47,3.89
136.0,0.007,1.36,0.21,3.47
65.4,0.013,1.31,0.2,3.4
483.0,0.014,1.48,0.47,4.04
1260.0,0.028,1.32,0.5,3.99
1370.0,0.033,2.43,0.23,4.5
299.0,0.016,1.67,0.49,4.06
178.0,0.006,0.77,0.47,3.82
43.1,0.004,0.45,0.32,3.14
391.0,0.017,1.85,0.37,3.78
59.0,0.003,0.94,0.45,3.76
64.8,0.004,0.77,0.46,3.76
544.0,0.008,1.26,0.46,3.92
4300.0,0.038,1.38,0.34,3.61
1030.0,0.01,0.97,0.28,3.39
2370.0,0.037,1.96,0.47,4.11
1980.0,0.058,1.49,0.47,4.05
1880.0,0.04,1.72,0.49,4.07
155.0,0.002,1.42,0.47,3.99
87.5,0.005,1.43,0.45,3.88
740.0,0.009,1.54,0.47,4.05
122.0,0.001,0.59,0.47,3.72
341.0,0.0009,1.25,0.32,3.58
34.5,0.002,0.31,0.46,3.53
167.0,0.009,0.91,0.33,3.47
201.0,0.006,0.99,0.14,2.93
54.9,0.001,0.51,0.47,3.68
49.1,0.002,0.72,0.48,3.79
1030.0,0.019,1.81,0.47,4.07
758.0,0.0009,0.55,0.33,3.24
717.0,0.0009,0.75,0.3,3.34
346.0,0.004,1.02,0.29,3.45
1320.0,0.015,0.75,0.43,3.62
71.6,0.003,1.24,0.46,3.97
719.0,0.055,1.75,0.5,4.07
113.0,0.005,1.31,0.46,3.92
344.0,0.007,0.95,0.51,3.92
230.0,0.011,0.47,0.47,3.66
155.0,0.016,0.584,0.21,2.97
145.0,0.002,0.38,0.46,3.56
49.8,0.004,0.611,0.49,3.73
48.8,0.007,0.334,0.47,3.57
219.0,0.027,1.31,0.51,4.03
52.4,0.005,0.314,0.46,3.55
628.0,0.047,1.0,0.32,3.5
399.0,0.028,0.968,0.49,3.88
677.0,0.025,1.52,0.47,4.05
542.0,0.01,0.73,0.33,3.38
289.0,0.005,1.03,0.47,3.88
461.0,0.01,2.0,0.28,3.96
221.0,0.013,1.06,0.48,3.89
106.0,0.002,1.27,0.47,3.98
87.0,0.005,1.23,0.27,3.53
163.0,0.009,0.03,0.45,3.1
55.8,0.012,0.397,0.3,3.03
385.0,0.023,0.604,0.27,3.04
55.7,0.008,0.659,0.46,3.71
20.6,0.007,0.138,0.45,3.18
155.0,0.018,0.373,0.34,3.13
114.0,0.005,0.13,0.49,3.3
241.0,0.027,0.79,0.4,3.62
462.0,0.011,0.54,0.21,2.94
587.0,0.02,0.621,0.47,3.73
763.0,0.04,0.937,0.29,3.41
690.0,0.075,1.76,0.27,3.72
0.066,0.005,0.011,0.43,3.0
297.0,0.033,0.93,0.37,3.57
61.5,0.009,0.954,0.47,3.88
187.0,0.028,0.533,0.47,3.71
237.0,0.023,0.45,0.47,3.66
105.0,0.014,0.456,0.21,2.84
49.2,0.007,0.398,0.43,3.46
142.0,0.022,0.298,0.45,3.38
131.0,0.015,0.338,1.29,6.38
29.6,0.014,0.214,0.38,3.09
52.6,0.008,0.177,0.45,3.19
326.0,0.05,1.28,0.47,3.98
157.0,0.028,0.568,0.45,3.61
72.1,0.019,1.19,0.47,3.93
81.4,0.019,1.78,0.47,4.06
309.0,0.085,2.02,0.28,3.99
316.0,0.019,0.581,0.16,2.6
453.0,0.163,1.7,0.47,4.06
411.0,0.01,0.196,0.32,2.75
157.0,0.025,0.432,0.47,3.64
189.0,0.033,0.877,0.43,3.67
485.0,0.053,0.632,0.44,3.56
172.0,0.017,0.109,0.17,2.28
392.0,0.004,0.01,0.19,2.26
55.6,0.007,0.453,0.49,3.67
52.2,0.005,0.1,1.29,6.42
152.0,0.004,0.01,0.47,3.17
14.3,0.008,0.132,0.29,2.63
98.4,0.003,0.159,0.37,2.95
391.0,0.019,0.695,0.33,3.34
56.2,0.006,0.563,0.47,3.72
177.0,0.008,0.09,0.21,2.36
80.6,0.002,0.041,0.49,3.26
452.0,0.194,1.8,0.47,4.07
268.0,0.065,2.31,0.48,4.33
517.0,0.006,0.062,0.35,2.73
309.0,0.018,0.303,0.46,3.43
349.0,0.009,0.501,0.38,3.42
167.0,0.02,0.32,0.47,3.56
169.0,0.014,0.651,0.49,3.76
128.0,0.01,0.269,0.21,2.5
405.0,0.14,1.62,0.2,3.65
167.0,0.021,0.934,0.47,3.88
249.0,0.008,0.73,0.49,3.79
85.5,0.014,0.377,0.45,3.51
91.3,0.003,0.159,0.38,3.02
385.0,0.022,0.806,0.47,3.82
357.0,0.006,0.294,0.21,2.51
264.0,0.001,0.01,0.19,2.26
161.0,0.069,2.35,0.51,4.41
353.0,0.012,0.74,0.47,3.81
59.8,0.004,0.603,0.5,3.73
80.9,0.001,0.12,0.46,3.24
97.3,0.003,0.126,0.48,3.29
82.0,0.008,0.327,0.48,3.57
415.0,0.004,0.142,0.47,3.29
401.0,0.008,0.428,0.5,3.64
50.2,0.004,0.366,0.45,3.52
11.9,0.006,0.138,0.47,3.29
148.0,0.021,0.734,0.45,3.68
138.0,0.003,0.015,0.33,2.68
54.1,0.009,0.531,0.23,2.96
47.3,0.002,0.636,0.5,3.75
362.0,0.013,0.906,0.45,3.75
78.3,0.001,0.005,0.46,3.11
172.0,0.007,0.236,0.48,3.33
146.0,0.015,0.432,0.33,3.17
627.0,0.014,0.588,0.47,3.72
375.0,0.131,1.81,0.46,4.03
436.0,0.02,0.534,0.28,3.04
259.0,0.121,2.41,0.23,4.4
52.1,0.004,0.417,0.37,3.32
98.4,0.003,0.134,0.28,2.61
54.9,0.005,0.23,0.5,3.34
103.0,0.008,0.151,0.47,3.29
168.0,0.004,0.339,0.33,3.17
106.0,0.003,0.084,0.29,2.61
26.6,0.004,0.114,0.47,3.28
127.0,0.009,0.508,0.36,3.27
287.0,0.027,1.02,0.46,3.83
66.6,0.007,0.709,0.49,3.79
79.3,0.004,0.554,0.46,3.67
129.0,0.011,0.497,0.46,3.63
208.0,0.039,1.94,0.19,3.74
289.0,0.014,0.531,0.47,3.71
317.0,0.042,1.21,0.47,3.96
306.0,0.01,0.448,0.25,2.89
123.0,0.008,0.329,0.33,3.05
215.0,0.007,0.523,0.47,3.71
101.0,0.003,0.122,0.46,3.24
129.0,0.01,0.11,0.47,3.28
53.6,0.011,0.404,0.28,2.98
53.4,0.007,0.686,0.5,3.77
19.4,0.008,0.188,0.47,3.3
331.0,0.01,0.573,0.47,3.71
300.0,0.004,0.238,0.22,2.51
118.0,0.003,0.078,0.46,3.2
77.5,0.005,0.768,0.45,3.7
154.0,0.01,0.581,0.18,2.82
59.4,0.008,0.89,0.31,3.43
359.0,0.018,1.03,0.49,3.89
129.0,0.009,0.498,0.29,3.07
146.0,0.019,0.697,0.49,3.78
458.0,0.056,2.05,0.32,3.96
571.0,0.013,0.486,0.29,3.06
447.0,0.01,0.296,0.48,3.44
255.0,0.083,2.26,0.29,4.07
652.0,0.049,1.81,0.27,3.76
720.0,0.043,1.39,0.47,3.99
631.0,0.037,1.12,1.04,5.31
378.0,0.024,0.939,0.39,3.62
732.0,0.054,1.03,0.47,3.88
51.5,0.005,0.718,0.3,3.26
626.0,0.026,1.12,0.47,3.9
41.2,0.007,0.276,0.14,2.21
170.0,0.005,0.555,0.47,3.71
329.0,0.016,1.07,0.47,3.9
423.0,0.016,1.96,0.48,4.11
269.0,0.015,0.871,0.47,3.87
184.0,0.009,0.86,0.5,3.88
52.0,0.006,0.519,0.5,3.72
423.0,0.017,1.19,0.25,3.35
70.2,0.006,1.27,0.45,3.86
119.0,0.006,1.3,0.47,3.97
431.0,0.015,1.64,0.45,3.93
409.0,0.019,0.865,0.47,3.87
150.0,0.006,1.07,0.47,3.9
508.0,0.001,1.2,0.29,3.48
1220.0,0.025,0.835,0.28,3.33
59.8,0.007,0.984,0.47,3.88
1100.0,0.036,1.15,0.21,3.27
266.0,0.005,0.885,0.5,3.88
51.1,0.007,0.888,0.49,3.88
1630.0,0.044,1.06,0.26,3.38
163.0,0.009,0.678,0.27,3.09
1230.0,0.098,0.783,0.3,3.35
628.0,0.014,1.37,0.39,3.68
251.0,0.009,0.6,0.48,3.72
638.0,0.106,2.52,0.3,4.56
157.0,0.008,0.47,0.47,3.66
1300.0,0.061,1.77,0.49,4.07
27.4,0.009,0.292,0.47,3.43
51.5,0.006,0.643,0.47,3.75
999.0,0.02,0.932,0.45,3.76
52.0,0.007,0.937,0.5,3.89
26.3,0.009,0.302,0.3,2.8
371.0,0.008,0.584,0.47,3.72
49.7,0.006,0.689,0.49,3.78
253.0,0.009,0.672,0.48,3.76
387.0,0.019,0.798,0.22,3.16
227.0,0.008,0.451,0.49,3.67
1400.0,0.038,0.808,0.47,3.82
60.1,0.003,0.984,0.28,3.41
889.0,0.029,1.08,0.44,3.71
832.0,0.013,1.1,0.33,3.52
134.0,0.004,1.06,0.47,3.89
5330.0,0.108,1.18,0.21,3.28
2440.0,0.072,2.33,0.47,4.34
1360.0,0.033,1.02,0.47,3.88
4420.0,0.094,1.11,0.46,3.85
2930.0,0.105,1.48,0.48,4.06
43.0,0.002,0.584,0.26,3.01
132.0,0.01,1.47,0.52,4.12
45.3,0.005,0.555,0.47,3.71
33.6,0.006,0.464,0.47,3.66
105.0,0.004,0.555,0.47,3.71
617.0,0.011,0.999,0.29,3.44
291.0,0.01,0.924,0.47,3.87
259.0,0.01,2.15,0.47,4.15
157.0,0.017,1.23,0.46,3.97
86.7,0.007,1.58,0.46,4.0
176.0,0.036,0.745,0.48,3.81
19.1,0.016,0.684,0.47,3.76
120.0,0.008,1.44,0.47,4.0
372.0,0.033,0.795,0.33,3.44
568.0,0.041,1.28,0.47,3.98
265.0,0.016,0.555,0.48,3.71
465.0,0.033,0.899,0.29,3.38
625.0,0.042,0.651,0.47,3.76
263.0,0.013,0.865,0.38,3.59
414.0,0.016,1.32,0.26,3.51
526.0,0.012,0.842,0.47,3.83
83.1,0.006,1.05,0.47,3.89
111.0,0.005,1.25,0.24,3.45
228.0,0.011,0.788,0.52,3.88
141.0,0.022,1.28,0.44,3.78
49.3,0.003,0.441,0.47,3.65
444.0,0.026,0.928,0.16,2.9
121.0,0.008,0.921,0.28,3.37
200.0,0.012,0.483,0.22,2.92
782.0,0.021,0.409,0.49,3.63
116.0,0.002,0.206,0.5,3.32
52.9,0.004,0.292,0.48,3.44
32.5,0.004,0.189,0.47,3.3
691.0,0.07,2.04,0.35,3.96
240.0,0.013,1.58,0.46,4.0
527.0,0.017,0.815,0.47,3.82
68.9,0.013,0.669,0.47,3.75
340.0,0.03,1.05,0.29,3.47
467.0,0.013,0.622,0.15,2.62
111.0,0.004,0.603,0.52,3.79
258.0,0.015,0.452,0.29,3.03
220.0,0.027,0.718,0.45,3.68
375.0,0.078,2.09,0.11,3.73
521.0,0.021,1.2,0.38,3.65
53.4,0.007,0.323,0.29,2.95
153.0,0.029,1.29,0.48,3.98
213.0,0.012,0.399,0.28,2.97
23.5,0.008,0.257,0.49,3.36
261.0,0.024,2.18,0.28,4.0
138.0,0.02,1.22,0.47,3.96
117.0,0.001,0.108,0.45,3.16
50.2,0.006,0.373,0.31,3.03
534.0,0.061,1.71,0.47,4.06
729.0,0.026,0.751,0.46,3.76
56.8,0.01,0.386,0.48,3.6
52.4,0.008,0.352,0.47,3.59
521.0,0.021,1.85,0.5,4.09
24.9,0.014,0.256,0.19,2.46
86.3,0.059,2.3,0.47,4.33
111.0,0.003,0.147,0.44,3.1
149.0,0.015,1.31,0.45,3.86
114.0,0.023,0.488,0.47,3.66
95.8,0.012,0.474,0.47,3.66
62.9,0.006,0.594,0.42,3.51
86.8,0.008,0.877,0.37,3.55
37.2,0.049,0.528,0.48,3.72
91.0,0.031,0.798,0.49,3.83
105.0,0.03,0.42,0.46,3.6
32.8,0.041,0.454,0.47,3.66
62.2,0.059,0.347,0.46,3.56
88.2,0.026,0.443,0.48,3.66
83.9,0.04,0.528,0.49,3.72
53.1,0.007,0.293,0.47,3.43
52.8,0.009,0.445,0.46,3.61
101.0,0.016,0.407,0.32,3.13
122.0,0.01,0.0,0.48,3.18
13.4,0.008,0.167,0.45,3.19
90.7,0.103,0.22,0.45,3.23
98.1,0.008,0.076,0.16,2.22
184.0,0.003,0.01,0.47,3.17
86.2,0.001,0.019,0.5,3.22
191.0,0.016,0.492,0.46,3.62
48.6,0.007,0.518,0.22,2.95
577.0,0.008,0.262,0.45,3.27
224.0,0.009,0.131,0.37,2.94
287.0,0.007,0.46,0.47,3.66
114.0,0.054,1.81,0.47,4.07
154.0,0.013,0.595,0.28,3.08
348.0,0.117,1.26,0.45,3.87
479.0,0.007,0.102,0.27,2.56
52.3,0.01,0.421,0.3,3.05
19.5,0.013,0.248,0.29,2.75
117.0,0.014,0.434,0.5,3.65
99.0,0.013,0.09,0.33,2.73
80.7,0.005,0.14,0.34,2.76
56.2,0.014,0.461,0.45,3.56
46.1,0.008,0.243,0.47,3.32
93.7,0.011,0.531,0.47,3.71
180.0,0.011,1.03,0.49,3.89
64.3,0.009,0.808,0.28,3.32
69.2,0.005,0.343,0.47,3.58
77.6,0.015,0.518,0.47,3.71
65.3,0.006,0.376,0.45,3.51
21.2,0.003,0.205,0.11,2.09
83.3,0.006,0.125,0.47,3.28
79.4,0.015,0.506,0.48,3.68
61.6,0.004,0.537,0.49,3.72
327.0,0.008,0.397,0.49,3.62
122.0,0.017,0.416,0.46,3.59
172.0,0.025,1.83,0.46,4.02
123.0,0.01,0.676,0.47,3.76
226.0,0.009,0.302,0.51,3.49
96.0,0.002,0.136,0.49,3.3
17.8,0.01,0.176,0.32,2.75
90.7,0.005,0.07,0.5,3.28
49.0,0.007,0.363,0.49,3.59
51.0,0.007,0.437,0.47,3.64
49.3,0.005,0.287,0.46,3.37
23.5,0.003,0.243,0.51,3.37
69.1,0.003,0.925,0.19,3.14
100.0,0.008,0.256,0.44,3.19
85.9,0.003,0.056,0.37,2.9
89.6,0.015,0.52,1.22,6.37
54.7,0.006,0.555,0.49,3.72
75.7,0.002,0.081,0.47,3.25
67.8,0.002,0.16,0.37,2.95
270.0,0.007,0.754,0.18,2.89
148.0,0.06,0.818,0.39,3.59
101.0,0.043,0.617,0.46,3.68
133.0,0.036,0.629,0.47,3.74
134.0,0.032,0.638,0.45,3.64
59.5,0.039,0.689,0.29,3.19
180.0,0.037,0.629,0.46,3.7
108.0,0.053,1.03,0.34,3.52
21.1,0.006,0.131,0.19,2.35
99.1,0.004,0.12,0.23,2.5
157.0,0.011,2.1,0.38,3.97
53.0,0.005,0.265,0.33,2.82
73.4,0.013,0.309,0.47,3.51
80.6,0.006,0.255,0.52,3.41
51.4,0.005,0.372,0.29,2.97
108.0,0.011,0.525,0.15,2.54
80.2,0.006,0.534,0.42,3.5
72.1,0.005,0.747,0.31,3.35
294.0,0.009,0.812,0.48,3.82
76.3,0.007,0.705,0.18,2.85
60.4,0.004,0.537,0.45,3.6
72.7,0.009,0.305,0.44,3.34
135.0,0.007,0.456,0.4,3.46
22.6,0.003,0.242,0.11,2.09
120.0,0.009,0.275,0.28,2.74
596.0,0.013,0.656,0.47,3.76
165.0,0.011,0.55,0.21,2.94
318.0,0.007,0.359,0.31,3.06
283.0,0.033,0.86,0.49,3.88
255.0,0.008,0.43,0.47,3.64
361.0,0.066,1.32,0.28,3.55
55.1,0.008,0.412,0.19,2.82
24.7,0.006,0.193,0.42,3.11
52.1,0.003,0.541,1.03,5.07
93.7,0.006,0.666,0.47,3.76
95.7,0.003,0.172,0.46,3.26
89.6,0.015,0.749,0.46,3.76
160.0,0.008,2.23,0.45,4.11
81.1,0.007,1.26,0.33,3.59
82.3,0.008,1.3,0.1,3.06
128.0,0.014,0.694,0.41,3.56
31.7,0.003,0.294,0.47,3.43
63.8,0.009,1.12,0.47,3.9
107.0,0.016,0.697,0.28,3.15
62.8,0.012,0.942,0.46,3.82
67.6,0.005,0.804,0.47,3.82
118.0,0.012,0.547,0.47,3.71
178.0,0.012,0.66,0.45,3.65
114.0,0.009,0.518,0.12,2.44
225.0,0.009,1.21,0.31,3.54
215.0,0.034,1.91,0.34,3.77
277.0,0.031,1.25,0.31,3.57
127.0,0.012,0.771,0.28,3.28
292.0,0.011,0.556,0.47,3.71
36.9,0.007,0.336,0.47,3.58
54.4,0.006,0.55,0.37,3.38
51.5,0.005,0.706,0.48,3.78
210.0,0.015,1.14,0.37,3.6
214.0,0.011,1.31,0.48,3.98
1030.0,0.014,2.55,0.21,4.49
287.0,0.007,0.605,0.46,3.68
125.0,0.007,1.81,0.47,4.07
1390.0,0.028,1.56,0.5,4.08
128.0,0.007,1.72,0.45,3.93
101.0,0.014,1.81,0.43,3.88
258.0,0.007,1.25,0.47,3.98
401.0,0.015,1.34,0.46,3.94
396.0,0.016,1.28,0.28,3.55
36.6,0.005,0.522,0.47,3.71
68.2,0.008,1.33,0.28,3.56
381.0,0.023,1.01,0.47,3.88
1040.0,0.013,1.12,0.26,3.4
963.0,0.021,1.14,0.47,3.9
965.0,0.083,1.72,0.28,3.71
349.0,0.013,0.89,0.42,3.65
1740.0,0.052,1.77,0.25,3.71
1980.0,0.026,0.988,0.28,3.41
592.0,0.013,1.15,0.48,3.93
1200.0,0.011,1.71,0.47,4.06
53.8,0.007,1.03,0.47,3.88
55.4,0.007,0.786,0.4,3.61
293.0,0.011,1.15,0.46,3.86
23.5,0.005,0.26,0.47,3.35
286.0,0.006,0.573,0.36,3.29
3400.0,0.06,1.16,0.47,3.93
1040.0,0.02,1.28,0.46,3.92
25.5,0.006,0.51,0.39,3.44
157.0,0.007,1.45,0.47,4.01
361.0,0.016,0.941,0.47,3.88
468.0,0.013,1.25,0.25,3.46
773.0,0.02,1.28,0.47,3.97
166.0,0.006,1.4,0.27,3.55
50.7,0.007,1.04,0.46,3.83
1030.0,0.09,1.01,0.45,3.78
2880.0,0.081,1.4,0.44,3.81
2520.0,0.198,1.27,0.51,4.03
5410.0,0.149,0.995,0.47,3.88
3440.0,0.056,1.11,0.47,3.9
18200.0,0.155,1.04,0.32,3.52
822.0,0.03,0.884,0.39,3.61
46.5,0.018,0.91,0.19,3.14
57.4,0.007,0.776,0.47,3.82
233.0,0.023,1.64,0.47,4.06
67.3,0.008,0.751,0.51,3.84
241.0,0.021,1.84,0.46,4.02
321.0,0.018,1.18,0.41,3.69
609.0,0.027,2.57,0.48,4.58
202.0,0.011,1.47,0.48,4.04
235.0,0.011,1.87,0.46,4.04
208.0,0.01,2.0,0.29,3.92
1720.0,0.051,1.71,0.49,4.07
86.3,0.009,1.82,0.31,3.71
244.0,0.017,1.92,0.47,4.08
665.0,0.026,1.65,0.35,3.69
572.0,0.025,1.79,0.29,3.68
45.1,0.006,0.629,0.48,3.74
3390.0,0.094,1.45,0.5,4.04
1500.0,0.109,1.31,0.28,3.55
670.0,0.025,1.17,0.47,3.92
1870.0,0.037,1.35,0.23,3.51
2070.0,0.062,1.77,0.47,4.06
637.0,0.023,1.17,0.34,3.53
1670.0,0.04,1.8,0.5,4.08
149.0,0.022,1.61,0.28,3.7
148.0,0.017,1.86,0.5,4.09
142.0,0.01,1.04,0.47,3.88
236.0,0.016,2.78,0.45,4.57
48.9,0.008,0.697,0.47,3.77
43.0,0.005,0.55,0.28,3.05
50.8,0.008,0.521,0.47,3.71
306.0,0.018,1.64,0.47,4.06
78.3,0.011,2.28,0.47,4.26
46.0,0.005,0.81,0.47,3.82
94.0,0.007,1.44,0.19,3.43
107.0,0.008,2.1,0.47,4.16
129.0,0.011,1.99,0.29,3.92
122.0,0.009,2.01,0.15,3.8
289.0,0.018,1.91,0.28,3.8
642.0,0.026,2.0,0.41,3.95
3150.0,0.063,0.846,0.34,3.46
3000.0,0.047,1.86,0.39,3.79
2030.0,0.037,1.86,0.46,4.04
1540.0,0.022,1.42,0.35,3.62
1030.0,0.016,1.4,0.29,3.57
502.0,0.015,0.916,0.2,3.16
1400.0,0.141,1.49,0.47,4.05
65.2,0.004,0.082,0.46,3.2
257.0,0.014,1.15,0.47,3.92
161.0,0.004,0.385,0.47,3.59
50.5,0.004,0.158,0.28,2.64
48.0,0.004,0.01,0.48,3.19
226.0,0.011,0.58,0.47,3.72
170.0,0.011,0.635,0.28,3.13
94.0,0.003,0.94,0.47,3.88
139.0,0.007,1.58,0.45,3.93
301.0,0.013,0.794,0.28,3.32
127.0,0.004,1.29,0.27,3.52
146.0,0.004,1.2,0.31,3.51
460.0,0.021,2.01,0.45,4.07
90.2,0.007,0.846,0.5,3.84
302.0,0.011,0.966,0.42,3.66
43.7,0.003,0.533,0.47,3.71
284.0,0.048,0.588,0.45,3.61
212.0,0.02,0.526,0.5,3.72
369.0,0.024,0.699,0.29,3.2
292.0,0.038,0.913,0.2,3.16
228.0,0.04,0.547,0.47,3.71
159.0,0.021,0.731,0.47,3.79
213.0,0.038,0.749,0.33,3.41
44.3,0.014,0.465,0.46,3.62
58.0,0.006,0.183,0.33,2.76
144.0,0.041,2.72,0.44,4.62
49.8,0.004,0.276,0.47,3.39
94.3,0.008,0.652,0.47,3.76
84.8,0.033,2.08,0.45,4.09
69.7,0.049,1.67,0.47,4.06
152.0,0.018,1.01,0.38,3.63
127.0,0.024,0.616,0.47,3.72
109.0,0.02,1.29,0.46,3.92
160.0,0.015,1.06,0.48,3.89
90.9,0.01,1.54,0.47,4.05
76.0,0.011,1.37,0.45,3.87
85.3,0.014,1.78,0.27,3.72
41.1,0.003,0.267,0.47,3.38
69.5,0.01,0.99,0.21,3.25
114.0,0.054,1.68,0.48,4.06
206.0,0.026,0.584,0.3,3.15
221.0,0.028,0.612,0.47,3.73
109.0,0.032,1.04,0.48,3.89
282.0,0.037,0.903,0.29,3.39
145.0,0.016,0.714,0.15,2.66
190.0,0.027,1.04,0.47,3.88
55.0,0.008,0.293,0.47,3.43
84.5,0.034,0.328,0.19,2.79
56.6,0.01,0.37,0.47,3.59
124.0,0.005,0.349,0.47,3.59
390.0,0.015,0.15,0.46,3.26
16.8,0.012,0.136,0.48,3.3
134.0,0.01,0.368,0.46,3.56
55.6,0.016,0.61,0.32,3.26
454.0,0.033,1.12,0.46,3.84
23.8,0.005,0.276,0.34,2.84
110.0,0.006,0.325,0.47,3.57
233.0,0.012,0.104,0.21,2.38
211.0,0.013,0.23,0.37,3.03
112.0,0.003,0.124,0.25,2.52
83.4,0.013,0.915,0.22,3.21
223.0,0.024,0.416,0.47,3.63
140.0,0.042,0.556,0.46,3.67
247.0,0.036,0.561,0.29,3.09
166.0,0.053,0.562,0.28,3.06
83.0,0.079,0.687,0.16,2.68
164.0,0.038,0.567,0.15,2.54
165.0,0.05,0.597,0.49,3.73
97.7,0.035,0.657,0.49,3.76
512.0,0.003,0.029,0.51,3.28
11.6,0.01,0.186,0.45,3.21
125.0,0.002,0.157,0.51,3.33
55.6,0.008,0.407,0.47,3.63
56.1,0.012,0.394,0.47,3.61
189.0,0.011,0.13,0.39,3.02
250.0,0.004,0.022,0.33,2.68
272.0,0.005,0.106,0.47,3.28
82.4,0.005,0.699,0.47,3.78
412.0,0.006,0.326,0.47,3.57
52.5,0.01,0.779,0.51,3.85
104.0,0.001,0.057,0.47,3.24
19.0,0.001,0.109,0.47,3.28
106.0,0.001,0.006,0.47,3.17
253.0,0.004,0.011,0.26,2.48
56.2,0.008,0.156,0.46,3.25
633.0,0.013,0.353,0.47,3.59
478.0,0.114,1.55,0.4,3.75
204.0,0.014,0.338,0.44,3.47
200.0,0.012,0.614,0.47,3.72
305.0,0.303,1.15,0.5,3.92
665.0,0.014,0.341,0.32,3.14
357.0,0.01,0.478,0.21,2.89
47.2,0.004,0.371,0.48,3.59
67.5,0.021,0.441,0.47,3.65
127.0,0.01,0.042,0.5,3.28
13.2,0.009,0.194,0.48,3.3
74.9,0.017,0.577,0.14,2.53
102.0,0.005,0.263,0.45,3.27
54.2,0.008,0.465,0.47,3.66
44.9,0.005,0.48,0.43,3.48
144.0,0.005,0.021,0.47,3.19
165.0,0.011,0.823,0.48,3.82
68.4,0.002,0.647,0.15,2.64
121.0,0.006,0.103,0.45,3.16
92.8,0.001,0.011,0.48,3.19
158.0,0.007,0.238,0.38,3.1
86.6,0.001,0.031,0.47,3.23
20.6,0.001,0.078,0.47,3.25
161.0,0.019,0.622,0.46,3.68
307.0,0.067,1.16,0.47,3.93
306.0,0.005,0.423,0.45,3.54
274.0,0.008,0.128,0.32,2.73
207.0,0.111,0.87,0.46,3.83
152.0,0.011,0.202,0.22,2.49
51.0,0.007,0.381,0.47,3.58
124.0,0.006,0.065,0.47,3.25
52.2,0.007,0.43,0.3,3.05
109.0,0.003,0.24,0.27,2.67
252.0,0.006,0.01,0.47,3.17
109.0,0.002,0.011,0.47,3.17
11.7,0.011,0.136,0.46,3.25
165.0,0.009,0.12,0.49,3.3
79.8,0.001,0.011,0.29,2.54
51.1,0.009,0.706,0.47,3.77
110.0,0.02,0.393,0.47,3.61
39.8,0.008,0.656,0.46,3.71
64.0,0.021,0.553,0.47,3.71
20.0,0.003,0.298,0.49,3.46
162.0,0.009,0.179,0.47,3.3
76.6,0.001,0.022,0.48,3.2
196.0,0.011,0.523,0.45,3.61
220.0,0.011,0.35,0.38,3.38
122.0,0.011,0.254,0.47,3.34
131.0,0.013,0.456,0.46,3.62
190.0,0.04,0.822,0.5,3.83
181.0,0.083,0.841,0.43,3.66
171.0,0.011,0.353,0.47,3.59
140.0,0.017,2.66,0.47,4.57
48.5,0.006,0.413,0.46,3.59
53.1,0.038,2.27,0.45,4.21
28.0,0.009,0.387,0.47,3.6
96.6,0.005,0.312,0.24,2.75
77.7,0.013,1.32,0.47,3.98
52.3,0.006,0.301,0.51,3.49
71.7,0.009,0.887,0.29,3.38
70.2,0.021,1.2,0.47,3.93
60.8,0.016,0.784,0.43,3.63
75.0,0.018,1.08,0.54,4.02
40.9,0.007,0.329,0.31,2.99
56.7,0.015,0.631,0.5,3.75
107.0,0.02,0.623,0.38,3.46
102.0,0.023,0.762,0.47,3.81
55.9,0.011,0.682,0.29,3.18
101.0,0.04,2.26,0.47,4.27
116.0,0.024,0.782,0.47,3.82
130.0,0.062,1.37,0.52,4.07
174.0,0.031,1.22,0.45,3.84
160.0,0.044,1.1,0.29,3.47
69.5,0.035,1.67,0.48,4.06
107.0,0.002,0.119,0.46,3.24
52.8,0.006,0.699,0.24,3.05
20.5,0.008,0.225,0.35,2.84
108.0,0.009,0.363,1.02,4.99
97.1,0.004,0.478,0.47,3.66
57.5,0.009,0.514,0.49,3.69
220.0,0.006,0.818,0.5,3.83
86.8,0.004,0.686,0.21,3.03
61.6,0.006,0.722,0.23,3.07
84.1,0.005,0.667,0.24,3.05
236.0,0.02,0.614,0.47,3.72
166.0,0.009,0.562,0.45,3.61
71.7,0.016,0.394,0.5,3.62
178.0,0.009,0.88,0.52,3.94
36.6,0.005,0.309,0.47,3.51
110.0,0.01,0.623,0.47,3.73
295.0,0.024,0.972,0.47,3.88
211.0,0.024,0.62,0.28,3.12
264.0,0.013,0.504,0.5,3.69
171.0,0.023,0.527,0.47,3.71
175.0,0.294,0.574,0.48,3.71
265.0,0.066,0.749,0.5,3.83
157.0,0.015,0.528,0.47,3.71
56.5,0.004,0.637,0.54,3.86
109.0,0.004,0.877,0.27,3.29
51.5,0.002,0.698,0.47,3.78
80.9,0.007,2.66,0.28,4.55
29.5,0.006,0.588,0.45,3.61
179.0,0.01,3.67,0.23,5.15
84.9,0.012,2.43,0.44,4.6
84.3,0.004,1.89,0.43,3.92
67.3,0.006,1.73,0.29,3.67
34.1,0.001,0.563,0.34,3.27
407.0,0.015,1.96,0.47,4.11
176.0,0.01,1.87,0.47,4.08
75.4,0.006,1.99,0.46,4.1
82.5,0.005,1.44,0.47,4.0
176.0,0.014,1.63,0.36,3.69
85.5,0.005,2.14,0.44,4.06
447.0,0.034,2.02,0.47,4.15
290.0,0.06,1.3,0.47,3.98
195.0,0.019,1.11,0.46,3.84
143.0,0.008,1.11,0.49,3.9
549.0,0.047,1.49,0.44,3.86
356.0,0.011,1.45,0.38,3.69
355.0,0.02,1.71,0.46,4.0
1330.0,0.052,1.24,0.46,3.97
205.0,0.02,0.697,1.29,6.43
105.0,0.022,1.01,0.47,3.88
974.0,0.042,1.78,0.29,3.67
209.0,0.019,0.346,0.46,3.56
385.0,0.039,1.43,0.47,4.0
60.3,0.022,0.772,0.18,2.9
157.0,0.031,1.13,0.28,3.47
125.0,0.031,1.09,0.39,3.64
65.8,0.022,1.02,0.45,3.77
142.0,0.025,1.08,0.51,3.94
49.0,0.021,0.545,0.47,3.71
691.0,0.048,0.906,0.46,3.82
883.0,0.029,1.04,0.47,3.88
194.0,0.031,1.13,0.47,3.9
760.0,0.041,1.08,0.21,3.28
772.0,0.145,1.41,0.46,3.94
690.0,0.041,0.967,0.28,3.39
467.0,0.038,0.992,0.43,3.69
1160.0,0.066,0.955,0.43,3.69
213.0,0.029,0.936,0.47,3.88
747.0,0.044,0.907,0.28,3.35
906.0,0.062,1.6,0.47,4.06
311.0,0.008,0.92,0.5,3.88
691.0,0.019,1.44,0.29,3.57
42.2,0.003,0.38,0.47,3.59
479.0,0.01,0.943,0.45,3.76
59.4,0.002,0.994,0.47,3.88
59.1,0.002,0.85,0.29,3.37
324.0,0.004,0.603,0.46,3.68
228.0,0.005,1.24,0.29,3.59
434.0,0.007,1.24,0.47,4.02
81.4,0.003,1.23,0.46,3.97
440.0,0.009,1.15,0.32,3.51
859.0,0.022,1.03,0.45,3.77
244.0,0.004,1.31,0.47,3.98
44.6,0.002,0.594,0.31,3.18
926.0,0.018,1.3,0.17,3.24
1140.0,0.054,1.54,0.28,3.69
1270.0,0.047,0.758,0.47,3.82
1540.0,0.049,1.68,0.33,3.67
536.0,0.028,1.0,0.47,3.88
1340.0,0.036,1.05,0.29,3.47
469.0,0.016,0.706,0.48,3.78
1590.0,0.044,0.957,0.26,3.32
923.0,0.12,1.27,0.47,3.99
30.5,0.007,0.351,0.3,3.04
