,pH,Month,Year,CensusYear,Total Rain (mm) 0day Total,Total Rain (mm) -3day Total,Total Rain (mm) -1day Total,TotalNitrogen,Nitrogen_Kjeldahl,TotalPhosphorus
2,8.54,7,2016,2016,0.0,0.0,0.0,0.29100000000000004,0.21,0.0187
3,8.31,11,2012,2011,0.0,0.0,0.0,1.342,0.25,0.01
4,8.0,5,2012,2011,0.0,0.0,0.0,1.449,0.81,0.05
5,8.33,9,2014,2016,0.0,18.5,18.1,0.42,0.42,0.014
6,8.37,7,2011,2011,0.0,23.6,0.0,1.557,0.65,0.041
7,8.39,5,2008,2006,0.0,14.2,0.0,0.6659999999999999,0.02,0.036000000000000004
8,8.58,9,2015,2016,0.0,4.8,0.6,0.721,0.35,0.0207
14,7.84,1,2015,2016,0.0,2.0,2.0,0.845,0.52,0.048
17,8.31,5,2017,2016,0.0,1.1,0.6,0.601,0.49,0.0122
19,8.45,7,2005,2006,0.0,8.4,0.0,0.77,0.18,0.011
20,8.04,1,2015,2016,0.0,1.8,0.8,1.02,0.48,0.026
23,8.22,5,2012,2011,0.0,0.0,0.0,0.8460000000000001,0.29,0.01
24,7.91,4,2015,2016,13.8,43.40000000000001,43.40000000000001,1.925,1.26,0.315
26,8.4,10,2019,2016,11.4,11.4,11.4,1.233,0.67,0.01
28,8.35,5,2014,2016,1.2,3.2,3.2,1.28,0.48,0.023
29,8.35,7,2007,2006,0.0,11.6,0.0,1.148,0.53,0.049
30,8.37,4,2009,2011,5.1,25.1,5.1,1.5139999999999998,0.35,0.016
32,8.21,1,2017,2016,0.0,0.4,0.0,1.7409999999999999,0.36,0.0197
33,8.29,10,2016,2016,0.6,5.799999999999999,5.199999999999998,0.4410000000000001,0.2,0.0237
35,8.48,7,2011,2011,0.0,23.6,0.0,0.922,0.22,0.005
37,8.33,9,2010,2011,0.0,10.8,0.0,0.912,0.31,0.019
39,8.35,7,2013,2011,1.4,7.6,6.199999999999998,0.7709999999999999,0.38,0.016
40,8.47,7,2005,2006,0.0,8.4,0.0,1.115,0.33,0.012
42,8.19,11,2005,2006,0.0,39.1,19.1,3.741,1.03,0.127
44,6.65,12,2018,2016,0.0,0.0,0.0,1.347,0.75,0.0189
45,8.45,6,2006,2006,1.0,18.8,2.8,0.985,0.22,0.018000000000000002
49,8.66,9,2011,2011,18.0,18.0,18.0,1.1229999999999998,0.61,0.043
50,8.31,5,2007,2006,0.0,0.0,0.0,2.3230000000000004,0.67,0.02
51,8.94,2,2018,2016,10.0,19.4,19.4,2.4930000000000003,1.85,0.318
54,8.42,7,2003,2001,0.0,2.2,0.0,1.007,0.41,0.03
57,8.2,8,2006,2006,3.4,3.4,3.4,2.044,0.81,0.115
60,8.05,5,2018,2016,21.3,21.3,21.3,2.131,1.57,0.0849
62,8.27,9,2017,2016,0.0,0.0,0.0,1.893,0.71,0.0156
64,8.21,3,2013,2011,0.0,0.0,0.0,1.05,0.4,0.077
65,8.3,6,2018,2016,6.8,6.8,6.8,0.696,0.49,0.0248
66,8.38,4,2007,2006,0.0,5.5,0.0,1.022,0.4,0.021
67,8.33,10,2011,2011,2.8,3.0,2.8,1.169,0.28,0.016
68,8.44,9,2014,2016,5.2,7.2,5.2,0.84,0.32,0.015
69,8.11,1,2015,2016,0.0,1.8,0.8,1.28,0.38,0.02
71,8.3,4,2018,2016,0.0,0.0,0.0,1.382,0.7,0.07400000000000001
74,8.23,5,2008,2006,0.0,14.2,0.0,1.1829999999999998,0.02,0.036000000000000004
79,8.56,11,2016,2016,0.0,1.0,0.0,0.521,0.28,0.0209
80,8.25,11,2012,2011,0.0,0.0,0.0,1.665,0.31,0.009000000000000001
81,8.06,6,2019,2016,0.0,1.0,0.0,2.6430000000000002,0.48,0.0233
83,7.66,9,2018,2016,0.0,27.6,6.6,1.3909999999999998,0.68,0.0391
84,8.09,1,2015,2016,0.0,1.8,0.8,1.28,0.38,0.02
85,8.21,2,2017,2016,2.4,2.4,2.4,1.1009999999999998,0.49,0.0344
86,8.13,2,2016,2016,0.0,1.0,1.0,0.6010000000000001,0.2,0.0173
88,8.42,5,2009,2011,3.8,3.8,3.8,1.1949999999999998,0.29,0.01
89,8.54,11,2016,2016,0.0,1.0,0.0,1.061,0.34,0.0137
90,8.24,6,2019,2016,0.0,2.8,0.0,1.0749999999999995,0.5,0.017
93,8.25,9,2019,2016,0.0,21.0,21.0,0.784,0.75,0.0551
94,8.03,6,2016,2016,1.2,1.7999999999999998,1.7999999999999998,2.06,0.73,0.0258
96,8.19,6,2015,2016,64.0,64.0,64.0,0.8460000000000001,0.33,0.0131
98,8.36,11,2009,2011,0.0,0.0,0.0,0.33799999999999997,0.21,0.011
100,8.41,8,2012,2011,0.0,24.5,24.5,0.398,0.32,0.003
103,8.52,6,2008,2006,0.0,3.0,0.0,0.7909999999999999,0.26,0.014
104,7.41,9,2019,2016,0.0,21.0,21.0,0.994,0.97,0.0285
105,8.3,8,2004,2006,0.6,0.6,0.6,0.767,0.41,0.033
108,8.4,9,2014,2016,5.2,7.2,5.2,0.93,0.37,0.018000000000000002
112,8.27,8,2003,2001,0.0,2.2,0.0,1.7619999999999998,0.58,0.02
114,8.41,5,2010,2011,5.8,9.4,6.8,0.718,0.26,0.01
116,8.23,7,2017,2016,0.0,4.6,3.0,2.341,2.06,0.0929
117,8.32,10,2009,2011,0.0,0.0,0.0,1.04,0.36,0.008
119,8.22,5,2005,2006,0.0,6.800000000000002,1.4,1.1840000000000002,0.3,0.009000000000000001
120,8.51,3,2011,2011,0.0,11.0,0.0,1.442,0.54,0.076
121,8.46,7,2008,2006,21.8,73.6,22.6,0.983,0.36,0.015
122,8.38,6,2012,2011,0.0,7.0,0.0,0.484,0.42,0.016
127,8.42,6,2008,2006,0.0,3.0,0.0,1.019,0.27,0.009000000000000001
128,7.11,10,2018,2016,0.0,0.0,0.0,0.8059999999999999,0.74,0.0234
129,8.36,4,2013,2011,0.4,1.0,0.4,1.2819999999999998,0.28,0.013
131,8.16,7,2019,2016,0.0,96.0,0.0,1.247,0.56,0.0291
132,8.49,5,2011,2011,24.6,29.200000000000006,24.6,1.364,0.62,0.027000000000000003
133,8.11,1,2017,2016,0.0,0.4,0.0,1.4509999999999998,0.56,0.0447
134,8.28,8,2009,2011,0.0,35.6,9.0,0.993,0.51,0.029
135,8.41,2,2017,2016,2.4,2.4,2.4,2.051,0.56,0.042
136,7.98,2,2016,2016,0.0,1.0,1.0,1.501,0.2,0.0228
138,8.35,8,2017,2016,0.0,0.2,0.0,0.271,0.2,0.01
139,8.42,7,2011,2011,0.0,23.6,0.0,1.711,0.9,0.084
140,8.33,8,2010,2011,0.0,16.2,12.6,0.7779999999999999,0.21,0.013
141,7.74,8,2014,2016,0.0,0.0,0.0,1.68,0.5,0.035
142,8.39,8,2005,2006,0.0,0.6,0.0,0.728,0.16,0.008
143,8.27,11,2012,2011,0.0,0.0,0.0,1.3840000000000001,0.26,0.01
145,8.22,11,2010,2011,0.0,4.6,4.6,1.52,0.71,0.07200000000000001
146,8.4,7,2004,2006,0.0,8.8,3.0,1.3330000000000002,0.41,0.037000000000000005
147,8.48,3,2018,2016,0.0,0.0,0.0,0.39,0.66,0.02685
149,8.29,3,2019,2016,0.0,0.0,0.0,0.8909999999999999,0.62,0.0759
150,8.31,10,2013,2011,11.8,20.6,11.8,0.39,0.35,0.016
153,8.26,3,2017,2016,1.0,1.0,1.0,0.711,0.25,0.0164
154,8.43,8,2005,2006,0.0,1.5,0.0,0.748,0.16,0.021
156,8.36,5,2007,2006,0.0,0.0,0.0,1.2080000000000002,0.56,0.028
157,8.03,1,2016,2016,0.0,6.0,0.0,0.6709999999999999,0.29,0.0146
158,8.18,4,2012,2011,0.0,12.0,1.8,0.298,0.26,0.012
159,8.24,9,2015,2016,0.0,11.0,0.0,1.6880000000000002,0.5,0.0234
161,8.41,6,2009,2011,0.0,0.0,0.0,1.109,0.4,0.027000000000000003
162,8.4,7,2017,2016,0.0,4.6,3.0,0.631,0.44,0.0202
163,8.61,12,2017,2016,0.0,4.0,4.0,2.156,0.58,0.0174
165,8.45,5,2011,2011,24.6,29.200000000000006,24.6,0.952,0.37,0.012
170,8.33,10,2014,2016,0.0,6.6,0.0,1.0,0.45,0.033
171,7.54,2,2015,2016,0.0,0.0,0.0,2.0,0.26,0.006
172,8.5,7,2011,2011,0.0,23.6,0.0,0.893,0.34,0.017
173,8.36,10,2010,2011,6.0,6.0,6.0,1.104,0.22,0.012
174,8.31,6,2007,2006,0.0,5.0,0.0,0.47,0.35,0.025
177,8.26,7,2007,2006,2.4,2.4,2.4,1.736,1.17,0.168
178,8.25,10,2013,2011,6.2,16.8,6.2,1.29,0.66,0.035
180,8.37,5,2008,2006,0.0,14.2,0.0,0.753,0.02,0.04
181,8.41,7,2008,2006,21.8,73.6,22.6,1.13,0.5,0.057
184,8.21,9,2003,2001,0.0,0.0,0.0,0.81,0.28,0.018000000000000002
185,8.18,6,2013,2011,0.0,38.8,3.6,2.01,0.83,0.134
187,8.36,4,2010,2011,0.0,0.0,0.0,0.721,0.31,0.015
190,7.7,11,2018,2016,0.0,15.6,0.0,1.656,0.43,0.0154
191,8.34,9,2014,2016,5.2,7.2,5.2,0.97,0.28,0.014
192,8.44,8,2011,2011,0.0,15.6,15.4,0.8849999999999999,0.3,0.025
194,8.5,7,2010,2011,0.0,10.0,0.0,0.6819999999999999,0.35,0.015
200,8.46,10,2017,2016,10.8,10.8,10.8,0.6010000000000001,0.46,0.0227
203,8.31,8,2018,2016,4.0,17.8,17.8,0.63,0.43,0.079
204,8.34,7,2010,2011,0.0,16.0,0.0,1.287,0.64,0.051
208,8.38,5,2008,2006,0.0,14.2,0.0,0.5630000000000001,0.02,0.047
209,8.12,5,2015,2016,0.0,0.0,0.0,1.113,0.44,0.021
212,7.49,8,2014,2016,0.0,0.0,0.0,1.04,0.51,0.027000000000000003
214,8.35,6,2014,2016,3.8,4.6,3.8,1.21,0.62,0.038
215,8.24,9,2019,2016,0.0,21.0,21.0,0.5820000000000001,0.39,0.01
217,8.4,8,2008,2006,0.0,0.0,0.0,0.8200000000000001,0.43,0.023
221,8.01,11,2017,2016,0.4,15.7,0.4,2.193,0.99,0.0394
222,8.5,10,2017,2016,10.8,10.8,10.8,0.436,0.37,0.01
223,8.35,10,2016,2016,0.6,5.799999999999999,5.199999999999998,0.35100000000000003,0.24,0.0243
224,8.32,12,2012,2011,0.0,9.8,0.0,1.048,0.36,0.012
227,8.24,6,2013,2011,0.0,0.0,0.0,1.084,0.47,0.069
228,8.11,10,2019,2016,11.4,11.4,11.4,1.2209999999999999,0.44,0.0201
231,8.38,5,2010,2011,5.8,9.4,6.8,1.0239999999999998,0.4,0.011
232,8.1,1,2019,2016,0.0,0.0,0.0,3.094,0.61,0.0365
235,8.47,11,2007,2006,0.0,3.0,3.0,1.974,0.55,0.038
236,8.1,9,2019,2016,0.0,21.0,21.0,1.511,0.74,0.0189
239,8.15,9,2016,2016,0.0,5.9,0.5,5.501,3.19,0.042
240,8.4,8,2016,2016,9.0,56.2,29.4,0.354,0.26,0.026
244,6.79,10,2018,2016,0.0,0.0,0.0,4.198,2.99,0.248
247,8.62,5,2011,2011,2.8,27.4,7.8,1.126,0.47,0.038
248,8.66,10,2015,2016,8.4,11.0,8.4,0.8810000000000001,0.32,0.0111
249,8.17,7,2015,2016,0.0,1.8,0.0,1.618,0.5,0.0268
251,8.34,9,2013,2011,0.0,4.4,0.0,2.2,0.05,0.02
252,8.34,10,2002,2001,0.0,0.0,0.0,0.219,0.19,0.008
253,8.33,4,2018,2016,0.0,0.0,0.0,1.1640000000000001,0.55,0.0294
255,8.18,12,2015,2016,0.0,5.800000000000002,5.4,1.1809999999999998,0.4,0.0196
256,8.26,5,2012,2011,0.0,0.0,0.0,0.72,0.29,0.013
257,8.05,12,2016,2016,0.0,0.0,0.0,1.915,0.82,0.0355
258,7.86,3,2015,2016,0.0,7.2,0.0,0.856,0.44,0.032
260,8.01,7,2018,2016,9.5,49.1,12.5,1.55,1.05,0.0715
262,8.4,7,2005,2006,0.0,1.1,0.0,0.436,0.3,0.037000000000000005
263,8.34,7,2018,2016,9.5,49.1,12.5,1.003,0.86,0.0422
264,8.42,12,2015,2016,7.9,8.9,8.3,0.5710000000000001,0.2,0.0138
265,8.41,7,2004,2006,1.0,13.5,4.5,0.904,0.29,0.031
266,8.24,12,2019,2016,1.8,16.2,16.2,2.303,1.46,0.0869
267,8.36,10,2004,2006,0.0,5.6,0.0,0.215,0.19,0.011
268,8.52,4,2007,2006,0.0,8.9,0.0,1.3090000000000002,0.53,0.021
269,8.19,3,2016,2016,3.2,13.0,13.0,3.0010000000000003,1.72,0.903
272,8.3,7,2017,2016,0.0,4.6,3.0,2.4410000000000003,1.32,0.481
275,7.87,6,2015,2016,0.0,29.6,29.6,2.793,1.3,0.134
277,8.44,9,2008,2006,0.3,25.6,14.4,1.265,0.7,0.095
279,8.32,6,2009,2011,0.0,0.0,0.0,1.491,0.76,0.054000000000000006
281,8.68,9,2011,2011,18.0,18.0,18.0,1.1249999999999998,0.38,0.026
284,8.43,11,2010,2011,0.0,18.0,0.0,0.94,0.3,0.029
285,8.27,4,2013,2011,2.7,9.1,6.5,0.98,0.26,0.02
286,8.23,4,2018,2016,0.0,0.0,0.0,1.344,0.61,0.0465
287,8.34,4,2009,2011,5.1,25.1,5.1,1.54,0.5,0.027000000000000003
288,7.81,6,2015,2016,0.0,64.0,64.0,1.7180000000000002,0.91,0.121
289,8.41,8,2006,2006,3.4,3.4,3.4,0.983,0.24,0.01
290,6.55,1,2019,2016,0.0,0.0,0.0,3.784,0.8,0.0167
292,8.37,8,2008,2006,6.8,60.8,7.6,1.81,0.78,0.042
293,8.52,10,2008,2006,0.0,19.2,3.4,0.883,0.25,0.009000000000000001
295,8.27,8,2003,2001,0.0,2.2,0.0,0.993,0.33,0.014
297,7.76,8,2014,2016,0.0,0.0,0.0,0.9,0.3,0.017
298,8.14,11,2010,2011,0.0,4.6,4.6,1.86,0.54,0.02
300,8.39,6,2012,2011,0.0,26.8,6.4,0.973,0.35,0.023
301,8.29,9,2005,2006,20.4,84.80000000000003,20.4,0.85,0.29,0.019
303,8.1,4,2016,2016,0.0,0.0,0.0,2.596,0.48,0.0177
305,8.34,4,2008,2006,0.0,0.0,0.0,2.008,0.41,0.029
310,8.39,5,2008,2006,0.0,14.2,0.0,0.66,0.02,0.06
311,8.34,5,2005,2006,0.0,7.3,3.0,1.965,0.61,0.026
312,8.2,10,2004,2006,0.0,0.0,0.0,1.726,0.8,0.018000000000000002
314,8.34,7,2016,2016,0.0,0.0,0.0,0.341,0.2,0.0161
315,8.37,10,2011,2011,2.8,3.0,2.8,1.779,0.34,0.015
316,8.63,9,2011,2011,18.0,18.0,18.0,1.327,0.4,0.016
317,8.22,1,2016,2016,0.0,3.2,0.0,2.8310000000000004,0.32,0.012
318,8.35,4,2008,2006,0.0,0.0,0.0,2.668,0.36,0.022
321,7.96,9,2017,2016,0.8,0.8,0.8,0.456,0.39,0.0149
323,8.27,10,2011,2011,2.8,3.0,2.8,1.661,0.73,0.041
324,8.1,12,2019,2016,1.8,16.2,16.2,2.305,1.37,0.142
328,8.35,9,2013,2011,0.0,4.4,0.0,0.65,0.05,0.014
329,8.26,4,2012,2011,0.0,9.8,0.6,1.078,0.3,0.012
330,8.36,9,2013,2011,0.0,30.8,0.0,0.87,0.64,0.023
333,7.85,2,2018,2016,10.0,19.4,19.4,2.504,1.88,0.247
334,8.31,9,2006,2006,9.1,17.9,17.9,1.228,0.61,0.053
336,7.8,3,2015,2016,0.0,5.199999999999998,0.0,1.92,0.72,0.049
337,8.37,11,2009,2011,0.0,0.0,0.0,0.8240000000000001,0.23,0.006
343,8.4,9,2004,2006,0.0,0.0,0.0,0.7879999999999999,0.17,0.019
346,8.4,6,2017,2016,14.2,25.6,16.0,0.551,0.39,0.01
348,8.42,5,2017,2016,0.0,2.8,0.0,2.141,0.75,0.0209
350,8.29,9,2009,2011,0.0,0.0,0.0,0.7799999999999999,0.19,0.009000000000000001
352,8.05,7,2018,2016,0.0,7.2,7.2,0.68,0.64,0.046
353,8.37,11,2013,2011,0.6,14.6,14.6,0.48,0.42,0.042
354,8.33,5,2015,2016,0.0,0.0,0.0,0.46,0.39,0.013
355,7.35,8,2017,2016,8.0,8.2,8.0,7.167999999999998,5.61,0.041
357,8.22,8,2003,2001,0.0,2.2,0.0,1.547,0.76,0.069
361,8.14,5,2018,2016,32.2,32.2,32.2,0.8580000000000001,0.79,0.01
363,8.39,6,2019,2016,0.0,2.8,0.0,0.653,0.38,0.0118
368,8.37,10,2009,2011,4.6,5.0,5.0,0.354,0.3,0.006
373,8.35,3,2019,2016,0.0,0.0,0.0,1.124,0.88,0.0484
374,8.28,11,2012,2011,0.0,0.0,0.0,1.0490000000000002,0.33,0.011
376,8.44,8,2011,2011,0.0,15.6,0.0,0.536,0.26,0.02
378,8.14,5,2018,2016,32.2,32.2,32.2,0.754,0.71,0.01
380,8.42,6,2014,2016,3.8,4.6,3.8,0.76,0.29,0.015
382,8.37,7,2008,2006,21.8,73.6,22.6,1.569,0.67,0.053
385,8.3,4,2013,2011,0.4,1.0,0.4,1.062,0.26,0.016
386,8.19,6,2014,2016,6.2,6.2,6.2,0.68,0.49,0.031
389,8.47,6,2008,2006,0.0,3.0,0.0,1.658,0.95,0.049
391,8.24,9,2019,2016,0.8,19.6,19.6,2.06,1.83,0.319
393,8.24,3,2017,2016,0.0,0.2,0.0,3.451,0.63,0.0194
395,8.4,10,2005,2006,3.0,3.0,3.0,0.713,0.14,0.005
397,8.28,10,2005,2006,3.0,3.0,3.0,2.231,0.51,0.012
398,8.16,8,2018,2016,0.0,16.4,16.4,0.76,0.64,0.098
400,8.25,8,2013,2011,0.0,0.0,0.0,1.95,0.56,0.023
401,8.53,11,2007,2006,0.0,0.5,0.0,0.4290000000000001,0.27,0.009000000000000001
402,7.91,1,2015,2016,0.0,2.2,2.0,2.0500000000000003,0.68,0.017
403,8.44,9,2006,2006,9.1,17.9,17.9,0.914,0.29,0.038
406,8.33,9,2003,2001,0.4,28.2,0.4,0.923,0.46,0.023
407,8.37,10,2013,2011,6.2,16.8,6.2,0.55,0.43,0.024
412,8.43,9,2006,2006,9.1,17.9,17.9,0.99,0.25,0.017
413,8.18,11,2017,2016,0.0,11.0,0.0,2.0210000000000004,0.92,0.0565
415,8.43,10,2005,2006,3.0,3.0,3.0,0.982,0.25,0.006999999999999999
416,8.38,7,2004,2006,1.0,13.5,4.5,0.8210000000000001,0.29,0.036000000000000004
417,8.39,6,2007,2006,0.0,0.0,0.0,1.217,0.45,0.04
418,8.28,4,2008,2006,0.0,0.0,0.0,3.942,0.52,0.017
419,7.76,10,2019,2016,6.0,17.4,17.4,2.468,1.9,0.12
427,8.42,7,2012,2011,25.0,25.0,25.0,0.411,0.3,0.014
428,7.63,11,2018,2016,0.0,15.6,0.0,0.942,0.48,0.0124
429,8.15,9,2005,2006,20.4,84.80000000000003,20.4,2.7110000000000003,0.95,0.056
432,8.25,4,2012,2011,0.0,9.8,0.6,0.5670000000000001,0.29,0.014
433,8.26,4,2007,2006,0.0,8.9,0.0,1.25,0.44,0.02
438,7.96,4,2015,2016,13.8,43.40000000000001,43.40000000000001,1.54,0.8,0.66
439,8.15,10,2003,2001,0.0,0.0,0.0,1.0779999999999998,0.17,0.006999999999999999
440,8.25,9,2019,2016,5.0,26.0,5.0,2.887,1.66,0.0305
441,8.39,9,2008,2006,0.3,25.6,14.4,1.202,0.575,0.0675
445,8.29,9,2019,2016,0.8,19.6,19.6,0.6599999999999999,0.6,0.059
446,8.33,6,2010,2011,3.4,3.8,3.4,1.198,0.42,0.018000000000000002
448,8.34,9,2003,2001,0.0,0.0,0.0,0.7759999999999999,0.21,0.022
449,8.21,6,2019,2016,0.0,2.8,0.0,1.4369999999999998,0.81,0.0184
451,8.04,9,2019,2016,0.0,21.0,21.0,1.1059999999999999,1.04,0.052000000000000005
453,8.38,6,2010,2011,25.8,64.5,64.5,1.1779999999999995,0.47,0.044
455,8.33,6,2019,2016,0.0,2.8,0.0,0.991,0.87,0.0185
456,8.39,4,2016,2016,0.0,0.0,0.0,1.871,0.49,0.0165
457,8.28,9,2013,2011,0.0,4.4,0.0,1.14,0.05,0.016
462,7.93,10,2016,2016,4.8,10.599999999999998,5.4,3.049,1.43,0.0389
463,8.4,10,2016,2016,0.0,9.6,7.6,0.317,0.09,0.008
464,8.33,7,2012,2011,0.0,0.0,0.0,1.68,0.49,0.042
466,7.78,2,2016,2016,0.0,1.0,0.0,2.818,0.71,0.0278
467,8.14,9,2005,2006,20.4,84.80000000000003,20.4,2.135,0.91,0.065
468,8.38,6,2010,2011,3.4,3.8,3.4,1.176,0.42,0.019
470,8.45,8,2010,2011,0.0,25.4,0.8,0.73,0.35,0.019
471,7.86,8,2014,2016,0.0,0.0,0.0,0.79,0.37,0.016
472,8.23,11,2005,2006,0.0,39.1,19.1,4.059,0.85,0.096
474,8.38,9,2014,2016,5.2,7.2,5.2,1.22,0.43,0.041
475,8.53,11,2007,2006,0.0,3.0,3.0,1.6740000000000002,0.59,0.022
478,8.38,4,2009,2011,5.1,25.1,5.1,1.405,0.34,0.015
481,8.33,9,2008,2006,0.3,25.6,14.4,1.18,0.54,0.07200000000000001
483,8.35,8,2009,2011,0.0,35.6,9.0,1.4909999999999999,0.53,0.044
486,8.35,10,2009,2011,0.0,0.0,0.0,0.938,0.19,0.006
491,8.29,4,2018,2016,0.0,0.0,0.0,0.8019999999999999,0.21,0.0414
492,8.3,10,2008,2006,0.0,19.2,3.4,1.103,0.3,0.01
493,8.4,9,2004,2006,0.0,0.0,0.0,0.32,0.22,0.014
496,8.29,6,2012,2011,0.0,26.8,6.4,0.8220000000000001,0.4,0.03
498,8.3,9,2009,2011,0.0,0.0,0.0,0.954,0.21,0.009000000000000001
499,8.46,5,2010,2011,0.0,0.0,0.0,0.531,0.29,0.01
502,8.38,10,2011,2011,2.8,3.0,2.8,1.761,0.39,0.021
505,8.2,1,2019,2016,0.0,0.0,0.0,1.838,0.63,0.0245
509,8.71,3,2018,2016,0.0,0.0,0.0,0.742,0.41,0.0184
510,8.29,6,2013,2011,0.0,38.8,3.6,1.347,0.56,0.057
515,8.35,8,2005,2006,0.0,0.6,0.0,0.66,0.45,0.029
517,8.28,9,2004,2006,0.0,0.0,0.0,1.1049999999999998,0.28,0.017
519,8.49,12,2015,2016,7.9,8.9,8.3,1.1609999999999998,0.29,0.01
520,8.67,9,2011,2011,18.0,18.0,18.0,0.961,0.48,0.03
522,8.04,5,2012,2011,0.0,0.0,0.0,0.768,0.47,0.023
524,8.39,7,2010,2011,0.0,16.0,0.0,1.074,0.39,0.019
525,8.47,5,2007,2006,0.0,0.0,0.0,0.984,0.26,0.009000000000000001
528,8.39,4,2007,2006,0.0,8.9,0.0,1.355,0.29,0.01
530,8.4,6,2019,2016,0.0,2.8,0.0,0.594,0.3,0.02
532,6.99,4,2019,2016,6.0,51.8,6.0,2.065,0.94,0.108
533,8.4,4,2017,2016,0.0,0.0,0.0,0.531,0.26,0.0284
534,8.31,6,2005,2006,0.0,0.0,0.0,0.9279999999999999,0.83,0.083
535,8.28,5,2008,2006,0.0,14.2,0.0,0.438,0.02,0.04
536,8.3,1,2019,2016,0.0,0.0,0.0,1.085,0.53,0.0325
537,8.44,4,2011,2011,13.0,27.3,27.3,1.611,0.61,0.08199999999999999
538,8.59,7,2006,2006,0.0,12.2,0.0,0.396,0.28,0.033
539,8.38,8,2008,2006,6.8,60.8,7.6,2.553,0.63,0.046
541,7.8,12,2015,2016,0.0,8.9,7.9,1.495,0.68,0.028
543,8.45,9,2006,2006,9.1,17.9,17.9,1.058,0.38,0.026
544,8.44,6,2016,2016,0.6,0.6,0.6,0.802,0.34,0.0151
547,8.43,8,2011,2011,0.0,15.6,15.4,1.006,0.22,0.013
548,7.67,10,2018,2016,0.0,0.0,0.0,1.085,0.54,0.0217
550,8.37,10,2004,2006,0.0,0.4,0.0,1.1840000000000002,0.57,0.015
552,8.25,2,2017,2016,2.4,2.4,2.4,1.041,0.4,0.0288
553,8.16,1,2018,2016,14.5,15.0,15.0,1.1209999999999998,0.62,0.087
555,8.58,11,2007,2006,0.0,3.0,3.0,1.087,0.21,0.008
557,8.33,7,2004,2006,1.0,13.5,4.5,1.1840000000000002,0.36,0.035
559,8.47,8,2007,2006,0.0,10.7,0.0,0.312,0.24,0.026
560,8.49,11,2017,2016,0.0,15.3,0.4,0.981,0.61,0.0302
561,8.37,5,2010,2011,5.8,9.4,6.8,0.758,0.35,0.01
562,8.41,7,2019,2016,0.0,96.0,0.0,0.585,0.47,0.0142
563,8.24,10,2003,2001,0.0,0.0,0.0,0.946,0.27,0.006999999999999999
564,6.92,4,2019,2016,0.0,34.0,6.0,3.362,0.91,0.0233
565,8.26,5,2009,2011,54.1,63.3,63.3,0.988,0.44,0.015
566,8.22,11,2005,2006,0.0,28.4,19.0,3.4890000000000003,0.78,0.099
567,7.78,7,2014,2016,2.0,2.0,2.0,0.74,0.4,0.022
568,8.48,7,2010,2011,0.0,14.4,11.4,0.462,0.38,0.021
570,8.25,6,2017,2016,10.0,29.5,10.4,2.8510000000000004,0.82,0.0319
574,7.82,4,2015,2016,13.8,43.40000000000001,43.40000000000001,5.308,4.67,1.54
575,8.38,6,2005,2006,0.0,0.0,0.0,0.7020000000000001,0.27,0.021
576,7.24,2,2019,2016,0.0,7.0,1.0,1.7120000000000002,1.03,0.0907
577,8.34,11,2010,2011,0.0,4.6,4.6,1.01,0.39,0.008
578,8.3,7,2003,2001,0.0,3.2,0.0,1.075,0.51,0.068
579,8.32,9,2007,2006,29.0,29.0,29.0,1.0279999999999998,0.31,0.011
583,8.51,7,2007,2006,2.4,2.4,2.4,0.6920000000000001,0.25,0.019
584,8.11,2,2017,2016,2.4,2.4,2.4,0.871,0.48,0.0233
585,7.93,10,2007,2006,7.8,15.2,15.2,1.2,0.68,0.079
586,8.31,1,2014,2016,0.0,0.0,0.0,1.23,0.47,0.018000000000000002
587,8.38,5,2009,2011,3.8,3.8,3.8,1.2439999999999998,0.27,0.013
589,8.34,7,2004,2006,0.0,8.8,3.0,1.065,0.3,0.032
591,8.38,10,2014,2016,0.0,6.6,0.0,0.99,0.43,0.021
592,8.38,11,2017,2016,0.0,15.3,0.4,1.071,0.7,0.0104
593,8.49,7,2006,2006,0.6,2.0,0.6,0.636,0.2,0.006
594,8.25,8,2005,2006,0.0,1.5,0.0,1.5689999999999995,0.42,0.028
595,8.38,8,2010,2011,0.0,16.2,12.6,0.89,0.35,0.02
596,8.46,7,2019,2016,0.0,96.0,0.0,0.5529999999999999,0.4,0.0197
598,8.0,2,2015,2016,0.0,0.0,0.0,1.62,0.36,0.021
599,8.3,8,2018,2016,38.4,38.4,38.4,1.7109999999999999,1.44,0.205
601,8.21,1,2018,2016,14.5,15.0,15.0,1.651,0.66,0.0242
602,8.4,1,2015,2016,0.0,22.5,0.0,0.94,0.55,0.054000000000000006
603,8.18,3,2019,2016,0.0,0.0,0.0,0.794,0.5,0.0337
605,8.4,9,2007,2006,29.0,29.0,29.0,0.7120000000000001,0.2,0.011
606,8.52,6,2011,2011,30.6,32.4,32.4,0.8540000000000001,0.44,0.026
609,8.29,8,2019,2016,1.8,8.8,2.0,1.4509999999999998,0.63,0.0323
610,8.2,11,2012,2011,0.0,0.0,0.0,2.614,0.5,0.018000000000000002
611,8.33,4,2008,2006,0.0,0.0,0.0,2.1790000000000003,0.42,0.021
612,8.33,4,2008,2006,0.0,16.7,9.9,0.887,0.33,0.013
613,8.32,9,2004,2006,0.0,0.0,0.0,2.613,0.78,0.027000000000000003
615,8.54,8,2007,2006,0.0,2.0,0.0,0.546,0.31,0.024
621,8.47,12,2016,2016,0.0,0.0,0.0,0.542,0.2,0.01
626,8.03,7,2018,2016,9.4,27.9,10.0,1.481,0.81,0.0299
627,8.22,9,2018,2016,6.6,27.6,27.6,1.07,0.67,0.0248
631,8.27,5,2013,2011,2.4,2.4,2.4,1.3250000000000002,0.77,0.027000000000000003
634,8.45,1,2011,2011,0.0,0.0,0.0,1.24,0.42,0.032
635,8.26,8,2013,2011,0.0,0.0,0.0,0.79,0.36,0.027000000000000003
636,8.23,9,2009,2011,0.0,2.8,2.8,0.6839999999999999,0.24,0.01
638,7.83,2,2018,2016,10.2,35.2,35.2,1.6209999999999998,1.03,0.107
639,8.18,9,2019,2016,0.0,21.0,21.0,1.5140000000000002,1.09,0.0601
641,8.19,8,2009,2011,0.0,35.6,9.0,1.654,0.76,0.057
643,8.29,5,2012,2011,0.0,0.0,0.0,0.902,0.23,0.015
644,8.06,9,2018,2016,6.6,27.6,27.6,1.631,0.91,0.0545
646,8.21,5,2005,2006,0.0,6.800000000000002,1.4,0.921,0.23,0.011
648,8.38,5,2017,2016,0.0,1.1,0.6,0.7609999999999999,0.34,0.01
649,8.52,4,2011,2011,13.0,27.3,27.3,1.4049999999999998,0.35,0.017
650,8.31,11,2017,2016,0.4,15.7,0.4,2.401,0.95,0.0163
654,6.83,12,2018,2016,0.0,0.0,0.0,1.1440000000000001,0.63,0.0115
655,7.96,8,2017,2016,0.0,0.2,0.0,0.5660000000000001,0.5,0.0143
659,8.75,12,2017,2016,0.0,0.0,0.0,1.101,0.56,0.0137
661,6.99,10,2018,2016,0.0,0.0,0.0,0.355,0.3,0.0126
662,8.4,11,2010,2011,0.0,4.6,4.6,1.115,0.34,0.024
663,8.42,5,2014,2016,1.2,3.2,3.2,0.94,0.31,0.032
664,8.15,4,2007,2006,0.0,8.9,0.0,1.63,0.41,0.014
666,8.43,7,2010,2011,0.0,16.0,0.0,0.935,0.31,0.02
668,8.11,10,2016,2016,4.0,10.0,4.2,4.79,2.77,0.0341
669,8.38,10,2005,2006,3.0,3.0,3.0,1.232,0.34,0.009000000000000001
671,8.47,6,2007,2006,0.0,0.0,0.0,1.073,0.32,0.02
672,8.42,6,2014,2016,3.8,4.6,3.8,0.84,0.36,0.021
675,7.97,8,2015,2016,1.2,1.2,1.2,2.03,0.47,0.0294
677,8.1,10,2015,2016,0.8,9.2,9.2,2.094,0.99,0.11
678,8.28,8,2003,2001,0.0,2.2,0.0,2.388,0.69,0.08800000000000001
679,8.21,2,2010,2011,0.0,0.0,0.0,1.2990000000000002,0.42,0.046
680,7.89,10,2019,2016,11.4,11.4,11.4,1.244,1.22,0.0126
681,8.52,3,2018,2016,0.0,0.0,0.0,0.8150000000000001,0.37,0.0281
682,8.42,9,2008,2006,0.3,25.6,14.4,1.098,0.625,0.103
683,8.31,8,2006,2006,3.4,3.4,3.4,0.7040000000000001,0.39,0.024
685,8.37,11,2004,2006,0.0,3.1,0.0,0.32,0.24,0.012
687,8.48,4,2014,2016,0.0,8.2,6.0,0.99,0.23,0.015
688,8.66,5,2011,2011,12.0,31.3,14.2,1.317,1.04,0.16399999999999998
692,8.46,9,2019,2016,0.8,19.6,19.6,0.35,0.29,0.025
695,7.95,5,2013,2011,2.4,2.4,2.4,2.0469999999999997,1.31,0.08800000000000001
698,8.3,7,2014,2016,2.2,14.4,14.4,0.96,0.43,0.04
700,8.27,7,2017,2016,0.0,4.6,3.0,1.041,0.9,0.125
701,8.32,2,2017,2016,2.8,2.8,2.8,0.79,0.5,0.0209333333333333
702,8.44,5,2008,2006,0.0,3.7,3.7,0.256,0.25,0.008
703,8.04,9,2018,2016,6.6,27.6,27.6,0.971,0.88,0.0427
705,8.27,12,2010,2011,0.0,0.0,0.0,1.256,0.37,0.015
706,8.28,2,2017,2016,2.4,2.4,2.4,1.5609999999999995,0.71,0.0487
709,8.37,7,2006,2006,0.6,2.0,0.6,1.827,0.46,0.017
710,8.68,3,2019,2016,0.0,0.0,0.0,1.014,0.7,0.0768
712,7.82,2,2015,2016,0.0,0.0,0.0,1.09,0.32,0.014
713,8.3,10,2005,2006,3.0,3.0,3.0,1.9269999999999998,0.49,0.029
717,8.36,7,2014,2016,2.2,14.4,14.4,0.83,0.29,0.018000000000000002
720,8.23,2,2013,2011,0.0,24.0,24.0,1.182,0.42,0.037000000000000005
722,8.48,12,2017,2016,4.0,4.0,4.0,1.361,0.4,0.01
723,8.26,6,2003,2001,0.0,16.4,0.4,1.4340000000000002,0.53,0.042
725,8.4,11,2007,2006,0.0,3.0,3.0,2.76,0.64,0.047
727,8.19,1,2018,2016,2.3,17.3,16.8,3.301,1.76,0.135
731,8.36,4,2009,2011,0.0,22.1,3.1,1.129,0.37,0.035
732,7.94,4,2015,2016,22.6,29.6,29.6,1.51,0.87,0.374
734,8.42,9,2004,2006,0.0,0.0,0.0,0.7659999999999999,0.24,0.016
736,8.09,10,2015,2016,1.4,3.4,3.4,2.858,1.59,0.0394
737,7.88,3,2015,2016,0.0,5.2,0.0,0.993,0.62,0.056
738,8.12,3,2016,2016,3.2,13.0,13.0,4.541,3.76,1.02
740,8.36,7,2008,2006,21.8,73.6,22.6,2.548,1.04,0.108
742,7.26,11,2018,2016,0.0,15.6,0.0,1.432,0.6,0.0209
744,8.33,5,2004,2006,0.0,1.2,1.2,0.385,0.32,0.012
746,8.47,5,2017,2016,0.0,1.1,0.6,0.47100000000000003,0.33,0.01
747,7.89,3,2016,2016,4.2,17.2,7.4,1.857,1.13,0.175
748,8.2,11,2017,2016,0.0,15.3,0.4,1.1909999999999998,0.95,0.0222
749,7.22,2,2019,2016,0.0,7.0,0.0,1.7009999999999998,0.97,0.0365
750,8.25,5,2015,2016,0.0,0.0,0.0,0.383,0.25,0.021
752,8.49,5,2011,2011,24.6,29.200000000000006,24.6,0.922,0.27,0.013
754,8.32,8,2012,2011,0.4,3.0,2.4,0.738,0.18,0.018000000000000002
755,7.83,2,2016,2016,0.0,0.0,0.0,0.6709999999999999,0.32,0.0245
756,8.49,7,2007,2006,2.4,2.4,2.4,0.8740000000000001,0.24,0.013
757,8.37,9,2006,2006,0.0,21.4,2.0,0.326,0.28,0.014
758,9.02,5,2019,2016,0.3,16.2,5.8,3.141,1.09,0.0299
759,8.43,5,2016,2016,9.0,13.6,9.0,0.531,0.38,0.01
760,8.38,9,2016,2016,0.0,12.4,0.0,1.951,1.06,0.0266
762,8.39,4,2014,2016,0.0,8.2,6.0,1.77,0.31,0.019
763,8.11,9,2018,2016,6.6,27.6,27.6,0.434,0.36,0.019
765,8.37,7,2009,2011,0.0,2.1,2.1,1.1889999999999998,0.29,0.014
766,8.45,7,2005,2006,0.0,9.9,1.9,0.636,0.22,0.013
767,8.57,9,2017,2016,0.8,0.8,0.8,0.451,0.25,0.0143
768,8.46,5,2011,2011,24.6,29.200000000000006,24.6,1.1849999999999998,0.48,0.018000000000000002
769,8.39,7,2003,2001,0.0,3.6,0.0,0.594,0.35,0.035
771,8.41,6,2016,2016,0.6,0.6,0.6,0.48100000000000004,0.2,0.0154
773,8.55,7,2006,2006,0.0,0.0,0.0,0.53,0.33,0.021
774,8.32,11,2012,2011,0.0,0.0,0.0,0.4,0.23,0.005
777,8.29,6,2013,2011,0.0,38.8,3.6,1.3869999999999998,0.6,0.017
778,8.3,9,2006,2006,9.1,17.9,17.9,1.2539999999999998,0.49,0.047
779,8.39,4,2011,2011,13.0,27.3,27.3,2.226,0.68,0.095
780,8.3,10,2004,2006,0.0,0.0,0.0,1.051,0.3,0.01
781,8.31,9,2007,2006,29.0,29.0,29.0,0.981,0.77,0.039
782,8.45,6,2007,2006,0.0,0.0,0.0,0.8950000000000001,0.33,0.035
783,8.31,4,2012,2011,0.0,9.8,0.6,0.907,0.27,0.013
784,8.22,8,2005,2006,0.0,1.5,0.0,1.504,0.74,0.128
786,8.44,9,2014,2016,5.2,7.2,5.2,1.13,0.44,0.019
788,8.26,4,2012,2011,0.0,9.8,0.6,0.7410000000000001,0.2,0.01
789,8.36,6,2012,2011,0.0,26.8,6.4,1.298,0.68,0.068
792,8.42,8,2009,2011,0.0,0.0,0.0,0.408,0.32,0.025
793,7.69,3,2015,2016,0.0,7.2,0.0,1.94,0.52,0.073
794,7.93,7,2016,2016,0.0,1.1,0.0,1.031,0.36,0.0249
795,8.15,3,2017,2016,1.0,1.0,1.0,2.161,0.4,0.0112
796,8.21,8,2004,2006,0.0,0.0,0.0,2.123,0.55,0.054000000000000006
799,8.19,8,2011,2011,0.0,15.6,15.4,1.426,0.56,0.078
800,8.54,9,2017,2016,0.8,0.8,0.8,0.8210000000000001,0.35,0.0107
802,8.41,7,2009,2011,1.0,8.6,1.0,0.319,0.26,0.02
804,8.28,7,2005,2006,0.0,9.9,1.9,0.8430000000000001,0.31,0.024
805,8.33,6,2014,2016,3.0,3.8,3.0,0.34,0.31,0.017
808,8.43,5,2014,2016,1.2,3.2,3.2,0.95,0.4,0.006999999999999999
809,8.27,6,2013,2011,0.0,34.6,0.0,0.8250000000000001,0.44,0.022
810,8.02,3,2017,2016,0.0,1.0,1.0,2.301,0.47,0.0143
811,8.39,8,2005,2006,0.0,0.6,0.0,0.546,0.26,0.012
813,8.46,10,2008,2006,0.0,19.2,3.4,1.0279999999999998,0.35,0.011
814,7.59,11,2018,2016,0.0,15.6,0.0,0.8959999999999999,0.45,0.0195
815,8.2,1,2019,2016,0.0,0.0,0.0,1.9669999999999999,0.56,0.0915
816,8.37,7,2007,2006,0.0,11.6,0.0,1.226,0.22,0.018000000000000002
817,8.27,10,2005,2006,4.2,4.2,4.2,0.8909999999999999,0.21,0.004
819,8.59,8,2018,2016,0.0,4.0,0.0,0.792,0.59,0.0364
821,6.79,4,2019,2016,0.0,34.0,6.0,2.4610000000000003,0.85,0.0342
822,8.26,5,2018,2016,32.2,32.2,32.2,0.997,0.5,0.01
823,8.3,7,2012,2011,27.4,53.4,27.4,0.39,0.32,0.036000000000000004
826,8.44,9,2008,2006,0.3,25.6,14.4,1.233,0.45,0.066
828,7.4,11,2018,2016,0.0,15.6,0.0,0.8540000000000001,0.49,0.0291
829,7.78,3,2015,2016,0.0,7.2,0.0,1.0,0.4,0.096
831,8.34,4,2018,2016,5.8,5.8,5.8,3.693,0.66,0.017
832,8.3,9,2019,2016,0.0,21.0,21.0,1.271,0.84,0.0343
837,8.36,8,2012,2011,0.4,3.0,2.4,0.7879999999999999,0.33,0.032
838,8.25,12,2019,2016,1.8,16.2,16.2,2.255,1.63,0.185
839,8.15,11,2015,2016,0.0,4.7,0.0,1.7009999999999998,0.42,0.0133
841,7.99,2,2016,2016,0.0,0.0,0.0,2.4530000000000003,0.47,0.0162
844,8.08,3,2017,2016,0.0,0.2,0.0,0.47,0.3,0.0190333333333333
846,8.38,10,2016,2016,0.6,5.799999999999999,5.199999999999998,0.8350000000000001,0.27,0.0158
851,8.28,6,2009,2011,0.0,0.0,0.0,2.143,0.63,0.04
852,8.47,3,2018,2016,0.0,0.0,0.0,0.934,0.54,0.0297
853,8.57,12,2011,2011,0.0,0.0,0.0,1.2309999999999999,0.34,0.015
855,8.51,8,2019,2016,0.2,16.599999999999998,5.2,0.482,0.31,0.0246
856,8.48,7,2006,2006,0.6,2.0,0.6,0.9440000000000001,0.31,0.023
857,8.31,10,2017,2016,10.8,10.8,10.8,1.2109999999999999,0.57,0.0181
861,8.38,10,2005,2006,0.0,0.0,0.0,0.217,0.21,0.01
863,8.18,1,2018,2016,10.6,11.0,11.0,1.461,0.53,0.0337
865,8.41,3,2015,2016,0.0,7.2,0.0,1.0,0.4,0.096
866,8.17,8,2019,2016,0.0,10.0,7.8,0.69,0.43,0.05
867,8.23,4,2007,2006,0.0,8.9,0.0,1.229,0.25,0.01
869,8.38,11,2008,2006,2.8,16.3,16.3,1.6869999999999998,0.56,0.066
870,8.34,11,2012,2011,0.0,0.0,0.0,0.7759999999999999,0.27,0.002
871,8.4,4,2011,2011,13.0,27.3,27.3,1.111,0.54,0.044
872,7.07,8,2017,2016,0.0,0.2,0.0,0.951,0.38,0.0194
873,8.29,5,2013,2011,0.2,2.6,2.6,0.857,0.48,0.094
875,8.38,12,2016,2016,0.0,0.0,0.0,1.605,0.56,0.0211
876,7.99,2,2018,2016,10.0,19.4,19.4,1.624,1.02,0.171
877,8.22,11,2005,2006,0.0,28.4,19.0,3.663,0.63,0.047
879,7.59,8,2014,2016,0.0,0.0,0.0,0.85,0.26,0.011
880,8.36,7,2009,2011,0.0,2.1,2.1,0.7959999999999999,0.22,0.014
882,8.4,8,2013,2011,0.0,0.0,0.0,0.86,0.21,0.011
885,8.28,4,2014,2016,4.8,4.8,4.8,0.64,0.36,0.013
888,8.3,8,2013,2011,0.0,0.0,0.0,1.02,0.35,0.016
890,8.56,9,2015,2016,0.0,4.8,0.6,0.42100000000000004,0.2,0.0237
892,8.17,5,2018,2016,32.2,32.2,32.2,0.8759999999999999,0.35,0.0139
894,8.83,9,2017,2016,0.8,0.8,0.8,0.266,0.2,0.01
897,8.42,9,2010,2011,1.0,1.0,1.0,0.272,0.2,0.011
899,8.35,8,2018,2016,30.0,30.0,30.0,2.344,1.96,0.391
900,8.27,1,2018,2016,14.5,15.0,15.0,0.961,0.53,0.0396
904,8.31,6,2014,2016,3.8,4.6,3.8,1.84,0.64,0.055
906,8.48,9,2005,2006,0.0,0.0,0.0,0.6890000000000001,0.37,0.02
907,7.91,5,2013,2011,2.4,2.4,2.4,2.18,1.32,0.12
915,8.82,12,2017,2016,4.0,4.0,4.0,0.3,0.47,0.019925
917,8.33,8,2011,2011,0.0,15.6,15.4,0.996,0.42,0.043
921,8.43,8,2010,2011,0.0,16.2,12.6,0.988,0.24,0.01
922,8.42,11,2017,2016,0.0,15.3,0.4,1.781,1.06,0.0285
924,8.47,8,2018,2016,0.0,4.0,0.0,1.261,1.16,0.0625
925,8.43,9,2004,2006,0.0,22.4,0.0,0.966,0.44,0.037000000000000005
927,8.31,9,2009,2011,0.0,0.0,0.0,0.738,0.14,0.01
928,8.2,6,2006,2006,1.0,18.8,2.8,1.835,0.6,0.047
931,8.73,8,2018,2016,0.0,4.0,0.0,0.494,0.44,0.025
932,8.4,4,2017,2016,0.0,0.0,0.0,0.471,0.24,0.0279
939,8.28,11,2007,2006,0.0,3.0,3.0,1.3369999999999995,0.38,0.008
940,7.98,3,2015,2016,0.0,7.2,0.0,1.594,0.75,0.061
941,8.17,5,2015,2016,0.0,11.8,0.0,1.28,0.46,0.016
945,8.44,2,2011,2011,0.0,0.0,0.0,1.3329999999999995,0.37,0.025
946,8.51,7,2007,2006,0.0,0.0,0.0,0.265,0.24,0.015
947,8.24,10,2013,2011,6.2,16.8,6.2,1.0,0.58,0.029
949,8.35,5,2007,2006,0.0,0.0,0.0,1.286,0.38,0.012
950,8.4,9,2007,2006,29.0,29.0,29.0,0.7040000000000001,0.12,0.013
952,8.36,5,2013,2011,2.4,2.4,2.4,1.102,0.7,0.063
957,8.34,1,2016,2016,0.0,9.4,0.0,0.8610000000000001,0.31,0.01
958,8.35,5,2009,2011,3.8,3.8,3.8,1.0539999999999998,0.27,0.019
959,8.68,9,2011,2011,18.0,18.0,18.0,1.2419999999999998,0.35,0.026
961,7.19,2,2019,2016,0.0,7.0,0.0,2.6790000000000003,1.55,0.0964
966,8.3,1,2019,2016,0.0,0.0,0.0,0.7120000000000001,0.41,0.0527
968,8.36,5,2007,2006,0.0,0.0,0.0,1.492,0.63,0.026
969,8.33,8,2010,2011,0.0,16.2,12.6,1.125,0.35,0.017
970,8.39,6,2010,2011,0.2,23.4,23.4,0.46399999999999997,0.36,0.02
973,8.74,9,2016,2016,0.0,5.9,0.5,1.1609999999999998,0.96,0.133
976,8.31,9,2004,2006,0.0,0.0,0.0,1.1,0.25,0.01
977,7.92,3,2016,2016,12.6,12.6,12.6,4.191,3.25,0.627
979,8.13,10,2019,2016,11.4,11.4,11.4,0.8460000000000001,0.78,0.0194
982,8.35,3,2018,2016,0.0,0.0,0.0,1.386,0.49,0.0241
986,8.27,6,2003,2001,0.0,16.4,0.4,3.29,0.52,0.036000000000000004
991,8.44,10,2011,2011,2.4,19.4,16.599999999999998,1.477,0.78,0.149
992,8.4,9,2007,2006,29.0,29.0,29.0,0.7829999999999999,0.15,0.008
994,8.29,8,2012,2011,0.0,0.0,0.0,0.272,0.23,0.006
997,8.29,5,2004,2006,0.0,1.2,1.2,0.8420000000000001,0.45,0.022
999,8.51,4,2011,2011,13.0,27.3,27.3,1.113,0.39,0.021
1001,8.31,8,2003,2001,0.0,2.2,0.0,0.955,0.41,0.032
1002,8.36,7,2009,2011,0.0,2.1,2.1,1.007,0.23,0.009000000000000001
1003,8.21,12,2019,2016,1.8,16.2,16.2,2.4170000000000003,2.06,0.261
1004,8.34,11,2016,2016,0.0,2.4,0.0,0.8210000000000001,0.33,0.0188
1005,8.35,6,2007,2006,0.0,7.4,0.0,0.938,0.49,0.042
1006,8.48,12,2017,2016,0.0,4.0,4.0,1.5609999999999995,0.42,0.0145
1007,8.11,8,2018,2016,4.0,17.8,17.8,0.72,0.64,0.08900000000000001
1010,8.34,8,2004,2006,0.6,0.6,0.6,0.772,0.14,0.01
1013,8.77,12,2017,2016,4.0,4.0,4.0,0.6809999999999999,0.34,0.011
1019,8.04,4,2018,2016,5.8,5.8,5.8,3.102,0.72,0.0149
1021,8.45,4,2014,2016,0.0,8.2,6.0,1.21,0.28,0.018000000000000002
1023,8.16,5,2010,2011,1.0,9.3,1.0,1.703,0.72,0.023
1025,8.36,8,2012,2011,0.4,3.0,2.4,0.78,0.24,0.012
1027,8.12,1,2017,2016,0.0,0.4,0.0,3.0610000000000004,0.44,0.0395
1028,8.41,11,2015,2016,0.0,1.4,0.0,0.511,0.2,0.01
1029,8.49,8,2019,2016,0.2,16.599999999999998,5.2,0.613,0.42,0.0227
1034,8.27,6,2012,2011,0.0,26.8,6.4,1.49,0.71,0.073
1035,8.18,11,2005,2006,0.0,39.1,19.1,2.528,0.65,0.062
1036,8.41,5,2011,2011,24.6,29.200000000000006,24.6,1.162,0.3,0.011
1037,8.12,2,2017,2016,2.4,2.4,2.4,1.891,0.75,0.0377
1039,8.29,6,2008,2006,0.0,3.0,0.0,1.315,0.53,0.029
1040,7.75,8,2014,2016,0.0,0.0,0.0,0.66,0.29,0.022
1042,8.35,9,2010,2011,0.0,10.8,0.0,1.064,0.33,0.021
1043,8.16,7,2019,2016,0.8,48.8,0.8,1.529,0.68,0.0363
1044,8.21,4,2018,2016,0.0,0.0,0.0,1.4309999999999998,0.6,0.0381
1049,8.73,12,2017,2016,4.0,4.0,4.0,0.6709999999999999,0.26,0.0157
1050,8.41,7,2008,2006,9.0,48.8,21.5,2.062,1.63,0.062
1052,8.33,10,2010,2011,6.0,6.0,6.0,0.7170000000000001,0.15,0.006999999999999999
1053,8.44,7,2011,2011,0.0,23.6,0.0,0.8490000000000001,0.47,0.027000000000000003
1054,8.25,5,2015,2016,0.0,11.8,0.0,0.77,0.34,0.015
1055,8.16,11,2005,2006,0.0,39.1,19.1,3.6,1.0,0.105
1056,8.34,5,2009,2011,22.7,26.4,26.4,0.389,0.33,0.014
1057,8.39,8,2006,2006,3.4,3.4,3.4,0.64,0.18,0.027000000000000003
1058,8.37,5,2016,2016,9.0,13.6,9.0,1.1809999999999998,0.63,0.01
1059,6.88,2,2019,2016,0.0,7.0,1.0,1.923,1.25,0.0378
1060,8.35,8,2005,2006,0.0,0.6,0.0,0.336,0.24,0.028
1061,8.29,10,2005,2006,4.2,4.2,4.2,0.885,0.15,0.005
1063,8.22,7,2009,2011,0.0,2.1,2.1,1.2879999999999998,0.58,0.039
1064,8.22,3,2018,2016,0.0,0.0,0.0,1.1840000000000002,0.53,0.0136
1065,8.42,6,2008,2006,0.0,3.0,0.0,0.772,0.22,0.014
1066,8.49,5,2019,2016,5.5,15.9,15.9,1.6949999999999998,0.78,0.0218
1067,8.11,5,2015,2016,0.0,0.0,0.0,0.23,0.23,0.014
1070,8.07,7,2018,2016,3.2,52.3,12.7,1.872,0.78,0.0481
1071,7.26,11,2018,2016,0.0,15.6,0.0,1.019,0.64,0.0216
1072,8.33,4,2009,2011,5.1,25.1,5.1,1.4960000000000002,0.4,0.038
1073,8.2,1,2019,2016,0.0,0.0,0.0,1.551,0.81,0.0172
1075,8.62,5,2019,2016,0.3,16.2,5.8,1.851,0.82,0.0274
1076,8.48,6,2005,2006,0.0,0.0,0.0,1.196,0.29,0.02
1078,8.36,11,2008,2006,2.8,16.3,16.3,1.273,0.27,0.02
1080,8.53,4,2016,2016,0.0,0.0,0.0,1.081,0.4,0.0149
1081,8.38,10,2011,2011,2.8,3.0,2.8,1.72,0.47,0.026
1082,8.47,7,2010,2011,0.0,16.0,0.0,0.918,0.3,0.019
1084,8.26,6,2010,2011,3.4,3.8,3.4,1.4169999999999998,0.8,0.054000000000000006
1085,8.17,9,2009,2011,0.0,0.0,0.0,2.115,0.45,0.024
1086,8.43,10,2003,2001,0.0,0.4,0.0,0.97,0.23,0.014
1088,8.19,7,2018,2016,9.5,49.1,12.5,1.071,0.95,0.0512
1090,8.42,8,2006,2006,3.4,3.4,3.4,0.6709999999999999,0.13,0.031
1092,8.46,4,2014,2016,0.0,8.2,6.0,1.04,0.15,0.018000000000000002
1094,8.5,8,2015,2016,0.0,10.4,0.0,0.691,0.31,0.0223
1096,8.35,10,2010,2011,6.0,6.0,6.0,0.9229999999999999,0.43,0.011
1097,8.39,6,2012,2011,0.0,26.8,6.4,1.178,0.55,0.057
1098,8.41,11,2017,2016,0.0,15.3,0.4,0.6910000000000001,0.46,0.0168
1099,8.27,5,2008,2006,0.0,14.2,0.0,0.488,0.02,0.038
1100,8.3,9,2003,2001,0.0,0.0,0.0,0.637,0.22,0.017
1101,8.1,1,2019,2016,0.0,0.0,0.0,1.528,0.66,0.0132
1102,8.55,5,2019,2016,5.5,15.9,15.9,1.1909999999999998,0.74,0.0428
1104,8.11,9,2003,2001,0.0,0.0,0.0,1.5919999999999999,0.71,0.099
1105,8.46,7,2005,2006,0.0,9.9,1.9,0.7020000000000001,0.18,0.02
1108,8.69,9,2011,2011,18.0,18.0,18.0,0.7709999999999999,0.19,0.014
1109,8.37,10,2003,2001,0.0,0.0,0.0,0.9109999999999999,0.48,0.033
1113,8.26,8,2013,2011,0.0,0.0,0.0,0.63,0.42,0.024
1117,8.17,1,2018,2016,14.5,15.0,15.0,0.42,0.64,0.0519
1118,8.31,5,2014,2016,1.2,3.2,3.2,1.51,0.59,0.017
1119,8.23,5,2015,2016,0.0,11.8,0.0,1.07,0.29,0.013
1120,8.24,4,2007,2006,0.0,8.9,0.0,1.203,0.3,0.008
1121,8.24,8,2013,2011,0.0,0.0,0.0,2.38,0.68,0.025
1123,8.37,6,2010,2011,3.4,3.8,3.4,0.889,0.24,0.011
1125,8.28,11,2010,2011,0.0,4.6,4.6,1.3230000000000002,0.29,0.008
1126,7.64,2,2015,2016,0.0,0.0,0.0,0.742,0.5,0.062
1127,8.35,4,2008,2006,0.0,9.9,9.9,0.36,0.3,0.009000000000000001
1128,8.26,10,2010,2011,6.0,6.0,6.0,1.6569999999999998,0.53,0.014
1131,7.81,4,2015,2016,29.4,40.4,40.4,3.4400000000000004,2.43,0.63
1134,8.6,4,2016,2016,0.0,0.0,0.0,0.451,0.29,0.0171
1135,8.55,7,2011,2011,0.0,23.6,0.0,0.888,0.35,0.021
1137,8.73,9,2016,2016,0.0,5.9,0.5,0.7709999999999999,0.39,0.016
1139,8.41,8,2019,2016,0.2,16.599999999999998,5.2,0.544,0.45,0.017
1141,8.2,6,2013,2011,0.0,38.8,3.6,1.38,0.8,0.036000000000000004
1142,8.45,10,2006,2006,0.4,53.6,6.2,1.4040000000000001,0.64,0.094
1143,8.45,8,2011,2011,0.0,15.6,15.4,0.895,0.24,0.024
1145,8.36,10,2010,2011,0.0,0.0,0.0,0.74,0.27,0.011
1146,8.26,7,2003,2001,0.0,3.2,0.0,1.5439999999999998,0.53,0.068
1149,8.37,9,2003,2001,0.4,28.2,0.4,1.025,0.52,0.041
1150,8.57,4,2011,2011,12.2,31.6,12.2,0.8570000000000001,0.3,0.026
1151,8.21,12,2019,2016,1.8,16.2,16.2,2.565,1.48,0.12
1153,8.42,6,2014,2016,3.8,4.6,3.8,0.59,0.3,0.008
1154,8.12,4,2017,2016,4.8,4.8,4.8,2.5010000000000003,0.39,0.0131
1156,8.31,6,2012,2011,0.0,7.0,0.0,0.274,0.26,0.02
1158,8.39,4,2014,2016,0.0,8.2,6.0,1.24,0.32,0.016
1159,8.53,11,2007,2006,3.0,3.5,3.0,1.1449999999999998,0.39,0.009000000000000001
1160,8.3,6,2014,2016,3.8,4.6,3.8,0.86,0.47,0.02
1161,6.85,4,2019,2016,6.0,51.8,6.0,1.513,0.88,0.0291
1164,8.31,5,2014,2016,0.2,1.0,0.2,0.5,0.45,0.011
1165,8.19,10,2017,2016,0.8,11.6,11.6,1.464,1.03,0.0374
1166,8.43,5,2014,2016,1.2,3.2,3.2,0.81,0.37,0.011
1167,8.4,6,2016,2016,0.6,0.6,0.6,0.42100000000000004,0.2,0.0198
1168,8.28,7,2009,2011,0.0,2.1,2.1,1.189,0.31,0.014
1169,8.22,4,2013,2011,7.0,9.2,9.0,0.675,0.29,0.013
1170,8.43,6,2008,2006,0.0,3.0,0.0,1.942,0.54,0.028
1172,8.21,10,2007,2006,7.8,15.2,15.2,1.0399999999999998,0.45,0.048
1173,8.49,10,2017,2016,10.8,10.8,10.8,0.6920000000000001,0.42,0.0186
1178,8.17,9,2010,2011,0.0,10.8,0.0,1.925,0.73,0.039
1179,8.05,1,2016,2016,0.0,9.4,0.0,2.121,0.38,0.0118
1180,8.33,7,2014,2016,2.2,14.4,14.4,1.03,0.41,0.027000000000000003
1183,8.35,9,2017,2016,0.8,0.8,0.8,0.546,0.48,0.0168
1184,8.39,8,2011,2011,0.0,15.6,15.4,0.741,0.16,0.013
1186,8.47,9,2017,2016,0.8,0.8,0.8,0.361,0.2,0.011
1188,8.35,11,2005,2006,0.0,0.0,0.0,1.339,0.36,0.01
1189,7.93,10,2007,2006,7.8,15.2,15.2,2.944,1.89,0.309
1197,7.97,9,2007,2006,29.0,29.0,29.0,2.9120000000000004,2.1,0.201
1199,8.23,4,2013,2011,0.4,1.0,0.4,1.252,0.45,0.015
1201,8.27,6,2017,2016,14.2,25.6,16.0,0.8210000000000001,0.38,0.02
1202,8.57,12,2017,2016,4.0,4.0,4.0,0.711,0.44,0.0283
1203,8.13,8,2015,2016,0.0,0.0,0.0,1.556,0.44,0.016
1204,8.4,11,2011,2011,0.0,19.6,19.6,0.821,0.35,0.024
1206,7.93,5,2015,2016,0.0,0.0,0.0,1.495,0.68,0.023
1208,8.41,4,2014,2016,0.0,8.2,6.0,1.63,0.46,0.022
1209,8.21,5,2017,2016,0.0,0.8999999999999999,0.0,3.341,0.64,0.0218
1217,8.25,8,2011,2011,0.0,15.6,15.4,1.12,0.62,0.057
1219,8.23,4,2007,2006,0.0,8.9,0.0,2.205,0.5,0.018000000000000002
1222,8.26,9,2009,2011,0.0,1.8,1.8,0.304,0.26,0.023
1224,8.36,10,2013,2011,6.2,16.8,6.2,0.68,0.5,0.023
1227,8.26,9,2003,2001,0.0,0.0,0.0,0.865,0.25,0.02
1228,8.28,9,2005,2006,20.4,84.80000000000003,20.4,1.7339999999999998,0.59,0.034
1230,8.53,4,2011,2011,13.0,27.3,27.3,1.4580000000000002,0.41,0.027000000000000003
1232,8.46,6,2008,2006,0.0,3.0,0.0,0.9359999999999999,0.31,0.011
1233,7.94,2,2016,2016,0.0,1.0,1.0,0.701,0.2,0.0249
1235,8.26,4,2009,2011,5.1,25.1,5.1,2.391,0.54,0.03
1237,8.49,4,2005,2006,0.0,0.0,0.0,0.493,0.28,0.015
1239,8.34,4,2018,2016,0.0,0.0,0.0,3.014,0.52,0.0185
1240,8.29,1,2017,2016,0.0,0.4,0.0,3.471,1.3,0.201
1241,8.41,6,2010,2011,3.4,3.8,3.4,0.915,0.28,0.009000000000000001
1242,8.48,7,2012,2011,0.0,0.0,0.0,0.72,0.28,0.024
1243,7.12,2,2019,2016,0.0,7.0,1.0,2.225,1.51,0.0517
1244,8.37,7,2017,2016,0.0,4.6,3.0,0.921,0.74,0.139
1246,7.72,2,2015,2016,0.0,0.0,0.0,1.79,0.31,0.017
1249,8.3,10,2013,2011,6.2,16.8,6.2,1.14,0.64,0.03
1251,8.24,3,2017,2016,1.0,1.0,1.0,0.871,0.35,0.0543
1252,8.24,8,2003,2001,0.0,21.6,0.0,2.095,1.44,0.28
1254,8.36,10,2005,2006,0.0,0.2,0.0,0.763,0.28,0.008
1255,8.31,6,2012,2011,0.0,26.8,6.4,1.195,0.56,0.06
1256,8.67,12,2017,2016,4.0,4.0,4.0,1.622,0.53,0.0214
1258,8.43,8,2010,2011,0.0,40.2,0.0,0.391,0.33,0.018000000000000002
1259,7.77,7,2019,2016,0.8,48.8,0.8,1.795,0.92,0.0519
1261,7.89,9,2018,2016,0.6,9.4,7.6,1.4509999999999998,0.85,0.0302
1266,8.06,7,2017,2016,0.0,3.0,0.0,2.603,0.86,0.0349
1267,8.28,4,2014,2016,6.0,8.2,8.2,1.05,0.44,0.026
1269,8.45,9,2014,2016,5.2,7.2,5.2,1.12,0.32,0.015
1270,8.45,7,2006,2006,0.6,2.0,0.6,0.8410000000000001,0.19,0.014
1271,7.7,7,2014,2016,3.4,16.2,12.8,0.62,0.5,0.028
1272,8.33,5,2005,2006,0.0,0.0,0.0,0.982,0.31,0.013
1273,8.37,11,2010,2011,0.0,4.6,4.6,1.0779999999999998,0.48,0.008
1275,8.44,9,2014,2016,5.2,7.2,5.2,1.07,0.6,0.025
1277,8.34,5,2018,2016,32.2,32.2,32.2,0.623,0.42,0.01
1280,8.32,9,2005,2006,20.0,73.2,20.0,1.15,0.43,0.026
1285,7.99,2,2018,2016,10.0,19.4,19.4,1.6649999999999998,1.0,0.213
1286,8.35,6,2009,2011,0.0,0.0,0.0,1.327,0.42,0.019
1287,8.24,10,2009,2011,0.0,0.0,0.0,1.527,0.37,0.006999999999999999
1288,8.34,10,2007,2006,7.8,15.2,15.2,0.885,0.42,0.041
1289,8.18,4,2013,2011,0.4,1.0,0.4,1.8009999999999995,0.57,0.019
1291,8.27,5,2014,2016,1.2,3.2,3.2,1.85,0.74,0.026
1294,8.31,7,2010,2011,0.0,16.0,0.0,1.7,0.52,0.031
1295,7.11,2,2019,2016,0.0,7.0,1.0,2.076,1.17,0.0703
1298,8.38,6,2008,2006,0.0,0.6,0.0,0.7490000000000001,0.41,0.017
1299,8.48,7,2007,2006,2.4,2.4,2.4,0.986,0.3,0.025
1300,7.39,2,2019,2016,0.0,7.0,1.0,2.634,1.93,0.0814
1301,8.34,8,2008,2006,6.8,60.8,7.6,1.891,0.7,0.041
1303,8.31,3,2019,2016,0.0,0.0,0.0,1.6009999999999998,0.86,0.0551
1304,6.92,4,2019,2016,6.0,51.8,6.0,1.495,0.87,0.0508
1305,8.46,4,2014,2016,0.0,8.2,6.0,1.14,0.15,0.013
1306,8.27,11,2008,2006,2.8,16.3,16.3,1.704,0.56,0.051
1307,8.49,7,2010,2011,0.0,16.0,0.0,1.007,0.24,0.011
1311,8.37,2,2017,2016,2.4,2.4,2.4,1.2409999999999999,0.71,0.0768
1323,6.7,12,2018,2016,0.0,0.0,0.0,1.6589999999999998,0.71,0.0214
1324,8.36,10,2014,2016,2.8,12.8,12.8,0.44,0.38,0.026
1329,8.4,6,2009,2011,0.0,0.0,0.0,1.0670000000000002,0.27,0.014
1331,8.21,8,2010,2011,0.0,16.2,12.6,1.6469999999999998,0.49,0.026
1334,8.31,10,2013,2011,6.2,16.8,6.2,1.44,0.7,0.041
1335,8.09,9,2018,2016,6.6,27.6,27.6,1.121,0.77,0.0894
1337,8.24,3,2012,2011,0.0,1.0,1.0,0.981,0.39,0.037000000000000005
1339,8.2,9,2009,2011,0.0,0.0,0.0,0.7390000000000001,0.41,0.023
1342,8.22,9,2005,2006,20.0,73.2,20.0,1.6059999999999999,0.71,0.059
1343,8.4,7,2017,2016,0.0,4.6,3.0,0.921,0.66,0.0677
1346,8.48,5,2005,2006,0.0,7.3,3.0,0.8340000000000001,0.23,0.009000000000000001
1348,8.32,10,2013,2011,0.0,0.0,0.0,0.62,0.31,0.01
1353,8.37,5,2009,2011,3.8,3.8,3.8,1.226,0.43,0.016
1354,8.42,6,2002,2001,0.0,12.2,0.0,0.38,0.26,0.017
1355,7.97,4,2015,2016,13.8,43.40000000000001,43.40000000000001,1.54,0.8,0.66
1357,8.33,8,2008,2006,6.8,60.8,7.6,1.648,0.89,0.032
1358,8.3,3,2019,2016,0.0,0.0,0.0,1.4360000000000002,1.04,0.0905
1360,8.41,9,2007,2006,29.0,29.0,29.0,0.867,0.2,0.011
1362,7.61,8,2017,2016,0.0,0.2,0.0,0.381,0.31,0.0128
1363,8.38,6,2006,2006,1.0,18.8,2.8,1.112,0.35,0.022
1364,8.36,10,2011,2011,2.8,3.0,2.8,1.867,0.44,0.023
1366,7.96,8,2019,2016,1.8,8.8,2.0,1.833,0.87,0.0436
1368,8.3,11,2008,2006,0.0,0.0,0.0,0.6609999999999999,0.33,0.014
1369,8.28,2,2017,2016,2.4,2.4,2.4,1.981,0.6,0.0768
1371,8.38,8,2017,2016,0.0,0.2,0.0,1.0759999999999998,0.54,0.0114
1373,8.36,4,2008,2006,0.0,0.0,0.0,1.645,0.34,0.04
1375,8.46,8,2019,2016,0.2,16.599999999999998,5.2,1.016,0.43,0.0283
1377,6.78,12,2018,2016,0.0,0.0,0.0,2.0370000000000004,0.72,0.0167
1378,8.23,6,2016,2016,0.0,0.0,0.0,1.973,0.86,0.0211
1379,8.37,6,2004,2006,0.0,10.2,0.0,0.922,0.34,0.02
1381,8.67,9,2016,2016,0.0,5.9,0.5,0.451,0.31,0.0197
1382,7.88,2,2018,2016,10.0,19.4,19.4,1.8969999999999998,1.38,0.106
1383,8.34,8,2003,2001,0.0,21.6,0.0,1.5159999999999998,0.85,0.084
1385,7.8,7,2007,2006,0.0,11.6,0.0,2.003,1.69,0.3670000000000001
1387,8.96,5,2019,2016,5.5,15.9,15.9,1.054,0.66,0.0375
1388,8.02,7,2014,2016,2.2,14.4,14.4,1.16,0.54,0.116
1392,8.23,4,2009,2011,5.1,25.1,5.1,1.5489999999999997,0.59,0.027000000000000003
1394,8.38,7,2014,2016,2.2,14.4,14.4,1.04,0.35,0.02
1395,8.34,9,2004,2006,0.0,0.0,0.0,1.9609999999999999,0.65,0.07
1400,8.37,10,2019,2016,11.4,11.4,11.4,0.6920000000000001,0.52,0.0132
1401,8.24,10,2009,2011,0.0,0.0,0.0,1.4169999999999998,0.47,0.02
1402,8.4,4,2008,2006,0.0,0.0,0.0,1.5749999999999995,0.36,0.023
1406,8.28,8,2019,2016,0.2,16.599999999999998,5.2,1.081,1.01,0.0513
1407,8.26,6,2012,2011,0.0,26.8,6.4,1.09,0.71,0.058
1408,8.31,11,2008,2006,2.8,16.3,16.3,1.608,0.48,0.055
1410,8.43,7,2008,2006,21.8,73.6,22.6,1.496,0.61,0.046
1413,8.31,5,2018,2016,32.2,32.2,32.2,0.47200000000000003,0.34,0.01
1414,8.45,7,2004,2006,0.0,4.2,3.2,1.546,0.76,0.116
1415,7.78,7,2016,2016,0.0,0.0,0.0,1.61,0.77,0.0264
1416,8.47,5,2005,2006,0.0,7.3,3.0,0.7640000000000001,0.2,0.016
1417,8.19,12,2019,2016,1.8,16.2,16.2,5.251,1.57,0.119
1419,7.11,2,2019,2016,0.0,0.0,0.0,3.054,2.42,0.0864
1422,8.86,8,2018,2016,0.0,4.0,0.0,0.954,0.77,0.0396
1423,8.44,10,2013,2011,8.6,18.8,9.6,0.69,0.39,0.011
1424,8.22,1,2018,2016,14.5,15.0,15.0,1.831,0.8,0.0663
1425,8.22,11,2003,2001,18.8,21.8,18.8,1.043,0.33,0.018000000000000002
1426,8.52,11,2016,2016,0.0,1.0,0.0,0.331,0.2,0.01
1427,8.21,6,2006,2006,1.0,18.8,2.8,1.633,0.63,0.06
1430,8.39,6,2009,2011,0.0,0.0,0.0,0.8590000000000001,0.25,0.016
1431,8.37,8,2012,2011,0.4,3.0,2.4,0.956,0.19,0.01
1432,8.36,9,2008,2006,0.3,25.6,14.4,1.364,0.64,0.054000000000000006
1433,8.32,8,2004,2006,0.0,0.0,0.0,0.664,0.15,0.017
1434,8.16,9,2008,2006,0.3,25.6,14.4,1.356,0.675,0.115
1435,8.36,9,2013,2011,0.0,41.8,0.0,0.42,0.39,0.011
1436,8.25,11,2007,2006,0.0,3.0,3.0,1.354,0.27,0.012
1439,8.34,7,2017,2016,0.0,49.5,1.0,3.4810000000000003,0.99,0.0504
1440,8.3,6,2010,2011,3.4,3.8,3.4,1.3219999999999998,0.6,0.027000000000000003
1441,7.66,1,2015,2016,0.0,1.8,0.8,2.64,1.1,0.048
1442,8.28,5,2012,2011,1.2,1.2,1.2,0.28300000000000003,0.27,0.018000000000000002
1445,8.66,8,2016,2016,0.0,14.0,0.0,0.6609999999999999,0.43,0.0229
1446,8.37,6,2003,2001,0.0,16.4,0.4,2.11,0.59,0.021
1447,8.31,8,2012,2011,0.4,3.0,2.4,0.795,0.44,0.029
1451,8.51,5,2011,2011,24.6,29.200000000000006,24.6,1.0179999999999998,0.3,0.009000000000000001
1453,8.36,9,2004,2006,0.0,0.0,0.0,0.8180000000000001,0.14,0.012
1455,8.23,1,2010,2011,0.0,1.0,0.0,1.118,0.28,0.021
1459,8.28,7,2003,2001,0.0,3.2,0.0,1.699,0.72,0.067
1461,8.33,8,2004,2006,0.6,0.6,0.6,1.18,0.24,0.012
1462,8.27,3,2017,2016,1.0,1.0,1.0,0.7509999999999999,0.33,0.0167
1464,8.27,11,2002,2001,0.6,0.6,0.6,1.025,0.27,0.014
1466,8.28,9,2018,2016,6.6,27.6,27.6,0.4420000000000001,0.28,0.013
1468,8.13,1,2017,2016,0.0,0.4,0.0,1.591,0.52,0.0725
1469,8.4,8,2008,2006,6.8,60.8,7.6,1.382,0.5,0.029
1471,8.32,10,2011,2011,2.8,3.0,2.8,3.373,0.62,0.027000000000000003
1474,8.33,6,2018,2016,6.8,6.8,6.8,1.607,1.1,0.0659
1482,8.18,8,2012,2011,0.4,3.0,2.4,1.68,0.44,0.024
1483,8.75,5,2019,2016,5.5,15.9,15.9,1.444,0.73,0.0427
1484,7.97,3,2019,2016,0.0,0.0,0.0,2.071,0.91,0.0315
1485,8.37,7,2008,2006,21.8,73.6,22.6,1.514,0.53,0.037000000000000005
1487,8.33,10,2003,2001,0.0,0.4,0.0,1.094,0.27,0.015
1488,8.4,6,2005,2006,0.0,0.0,0.0,0.8859999999999999,0.35,0.027000000000000003
1489,8.09,7,2007,2006,0.0,11.6,0.0,1.146,0.55,0.024
1490,8.19,7,2009,2011,0.0,2.1,2.1,0.879,0.47,0.032
1492,8.34,6,2005,2006,0.0,0.0,0.0,1.472,0.52,0.036000000000000004
1494,8.38,8,2009,2011,0.0,2.1,2.1,0.7879999999999999,0.39,0.021
1495,8.18,8,2006,2006,3.4,3.4,3.4,1.916,0.44,0.021
1499,8.27,8,2009,2011,0.0,35.6,9.0,1.2849999999999997,0.58,0.056
1501,8.33,7,2009,2011,0.0,2.1,2.1,0.7909999999999999,0.18,0.012
1504,8.44,7,2012,2011,0.0,0.0,0.0,0.997,0.3,0.013
1507,8.39,6,2019,2016,0.0,2.8,0.0,0.514,0.41,0.011
1508,8.32,4,2012,2011,0.0,9.8,0.6,0.76,0.36,0.013
1509,8.41,5,2013,2011,2.4,2.4,2.4,1.172,0.44,0.009000000000000001
1510,8.05,6,2018,2016,6.8,6.8,6.8,1.207,0.55,0.0251
1513,8.48,7,2005,2006,0.0,0.0,0.0,0.542,0.34,0.02
1514,8.02,10,2017,2016,9.6,9.6,9.6,0.946,0.88,0.0129
1516,8.25,5,2015,2016,0.0,11.8,0.0,0.82,0.23,0.012
1518,8.31,7,2007,2006,0.0,11.6,0.0,1.041,0.41,0.029
1519,8.29,5,2010,2011,5.8,9.4,6.8,1.249,0.82,0.024
1527,8.21,9,2007,2006,0.0,19.7,19.7,1.6619999999999997,0.82,0.225
1529,8.16,9,2009,2011,0.0,0.0,0.0,1.269,0.62,0.054000000000000006
1530,8.29,6,2013,2011,0.0,38.8,3.6,1.804,0.95,0.041
1531,8.37,6,2003,2001,0.0,0.0,0.0,0.34700000000000003,0.26,0.012
1532,8.34,7,2017,2016,0.0,4.6,3.0,0.991,0.7,0.0887
1535,8.44,7,2008,2006,9.0,24.5,21.5,1.2209999999999999,1.13,0.04
1538,8.31,10,2008,2006,0.0,19.2,3.4,1.081,0.46,0.021
1541,8.29,5,2010,2011,1.0,9.3,1.0,1.122,0.4,0.012
1542,8.3,11,2008,2006,0.0,0.0,0.0,1.3030000000000002,0.45,0.026
1544,8.34,9,2014,2016,0.0,4.0,0.0,0.7,0.48,0.026
1545,8.32,5,2007,2006,0.0,5.8,0.0,0.723,0.35,0.013
1546,8.25,11,2012,2011,0.0,0.0,0.0,1.007,0.24,0.009000000000000001
1547,8.36,8,2016,2016,0.0,1.2,0.0,1.331,0.42,0.0256
1549,8.24,6,2013,2011,0.0,14.0,5.2,0.483,0.4,0.021
1551,8.5,6,2005,2006,0.0,0.0,0.0,0.8140000000000001,0.22,0.028
1554,8.29,11,2008,2006,2.8,16.3,16.3,2.137,0.7,0.065
1555,8.24,5,2010,2011,1.0,9.3,1.0,1.0419999999999998,0.65,0.03
1556,8.15,6,2013,2011,0.0,38.8,3.6,1.36,0.55,0.054000000000000006
1557,8.27,5,2012,2011,0.0,0.0,0.0,0.7759999999999999,0.22,0.011
1560,8.35,1,2018,2016,14.5,15.0,15.0,0.9209999999999999,0.5,0.0248
1561,8.28,10,2004,2006,0.0,0.4,0.0,1.974,0.52,0.024
1562,8.42,7,2018,2016,9.5,49.1,12.5,1.246,0.8,0.045
1563,7.28,8,2017,2016,0.0,0.2,0.0,0.401,0.21,0.0158
1566,8.26,10,2014,2016,0.0,6.6,0.0,1.3,0.49,0.063
1567,8.45,10,2011,2011,6.6,29.0,26.200000000000006,0.8430000000000001,0.56,0.058
1568,8.56,7,2018,2016,0.0,7.2,7.2,0.46,0.28,0.036000000000000004
1570,8.32,6,2007,2006,0.0,0.0,0.0,1.7600000000000002,1.05,0.142
1571,8.5,4,2011,2011,13.0,27.3,27.3,1.3559999999999999,0.47,0.023
1572,8.33,10,2014,2016,0.0,6.6,0.0,0.88,0.51,0.028
1574,8.21,3,2019,2016,0.0,0.0,0.0,2.24,1.57,0.16699999999999998
1575,8.34,10,2009,2011,2.6,5.4,5.4,0.8360000000000001,0.36,0.008
1577,8.51,6,2003,2001,0.0,16.4,0.4,1.495,0.72,0.032
1579,8.31,7,2013,2011,0.0,27.6,19.8,0.586,0.44,0.017
1581,8.36,9,2007,2006,0.0,19.7,19.7,0.7070000000000001,0.41,0.043
1582,8.11,8,2016,2016,0.0,14.0,0.0,1.634,0.42,0.0278
1583,8.12,1,2017,2016,0.3,1.0,0.6,1.82,0.33,0.0294
1586,8.33,4,2009,2011,5.1,25.1,5.1,1.6880000000000002,0.45,0.042
1587,8.36,8,2004,2006,0.0,0.0,0.0,1.0739999999999998,0.18,0.012
1589,7.71,10,2018,2016,0.0,0.0,0.0,0.4320000000000001,0.31,0.0212
1590,7.73,4,2015,2016,22.6,29.6,29.6,1.51,0.87,0.374
1591,8.1,11,2016,2016,0.0,1.0,0.0,1.4909999999999999,0.62,0.0182
1592,8.34,6,2014,2016,3.8,4.6,3.8,0.69,0.21,0.006
1593,8.4,11,2015,2016,0.0,1.4,0.0,1.041,0.29,0.01
1594,8.48,10,2003,2001,0.0,0.4,0.0,0.7949999999999999,0.18,0.013
1596,7.2,10,2018,2016,0.0,0.0,0.0,0.634,0.61,0.0167
1599,8.36,9,2010,2011,0.0,10.8,0.0,0.9109999999999999,0.43,0.02
1600,8.4,6,2017,2016,14.2,25.6,16.0,0.4310000000000001,0.25,0.0153
1602,7.79,6,2018,2016,0.0,6.8,6.8,2.342,1.41,0.0448
1603,8.56,11,2007,2006,0.0,3.0,3.0,1.797,0.35,0.008
1606,8.37,8,2018,2016,0.0,4.0,0.0,0.6920000000000001,0.55,0.0188
1609,8.33,4,2017,2016,0.0,0.0,0.0,1.2309999999999999,0.36,0.025
1610,8.15,11,2005,2006,0.0,28.4,19.0,3.7060000000000004,1.05,0.103
1611,6.49,4,2019,2016,6.0,51.8,6.0,1.521,1.0,0.0439
1612,8.32,6,2003,2001,0.0,0.0,0.0,1.4529999999999998,0.7,0.036000000000000004
1615,8.41,8,2013,2011,0.0,0.0,0.0,0.66,0.2,0.009000000000000001
1617,8.36,6,2006,2006,1.0,18.8,2.8,0.7829999999999999,0.24,0.021
1618,7.91,10,2019,2016,6.0,17.4,17.4,2.076,1.63,0.223
1620,8.24,3,2010,2011,4.3,19.9,19.9,2.047,1.5,2.1
1621,8.2,1,2019,2016,0.0,0.0,0.0,0.935,0.36,0.0381
1624,8.43,4,2007,2006,0.0,8.9,0.0,1.189,0.23,0.011
1625,8.32,6,2007,2006,0.0,0.0,0.0,1.085,0.84,0.08
1626,8.32,10,2009,2011,0.0,0.0,0.0,1.294,0.23,0.004
1627,8.3,1,2019,2016,0.0,0.0,0.0,1.004,0.51,0.0165
1628,8.16,1,2017,2016,0.0,0.4,0.0,1.321,0.28,0.0367
1629,8.31,8,2003,2001,11.4,11.4,11.4,0.32299999999999995,0.25,0.037000000000000005
1632,8.34,8,2003,2001,0.0,21.6,0.0,1.469,0.46,0.036000000000000004
1633,7.85,10,2007,2006,7.8,15.2,15.2,1.365,0.74,0.153
1636,8.37,9,2011,2011,0.0,13.8,13.8,0.807,0.41,0.035
1637,8.3,9,2010,2011,0.0,10.8,0.0,1.193,0.58,0.043
1639,8.32,8,2013,2011,0.0,0.0,0.0,0.35,0.3,0.017
1640,8.65,7,2011,2011,0.0,0.0,0.0,0.484,0.28,0.013
1641,8.17,2,2014,2016,0.0,0.0,0.0,1.32,0.55,0.022
1642,8.01,2,2018,2016,10.0,19.4,19.4,2.0860000000000003,1.28,0.219
1643,8.5,6,2017,2016,14.2,25.6,16.0,1.0809999999999995,0.48,0.0338
1645,8.41,7,2019,2016,0.0,96.0,0.0,0.922,0.5,0.0126
1647,8.4,5,2007,2006,0.0,3.7,0.0,0.28400000000000003,0.26,0.01
1648,8.25,4,2012,2011,0.0,9.8,0.6,1.375,0.41,0.015
1649,8.27,5,2008,2006,0.0,14.2,0.0,0.851,0.02,0.047
1650,8.43,2,2018,2016,10.0,19.4,19.4,2.137,1.6,0.371
1652,8.47,6,2019,2016,0.0,2.8,0.0,1.236,0.67,0.011
1653,7.8,2,2018,2016,10.0,19.4,19.4,3.714,2.85,0.565
1655,8.31,5,2015,2016,0.0,11.8,0.0,0.84,0.28,0.012
1656,8.13,8,2019,2016,0.0,10.0,7.8,1.03,0.94,0.134
1658,8.14,10,2017,2016,0.8,11.6,11.6,1.594,0.97,0.0558
1659,8.21,7,2003,2001,0.0,2.2,0.0,1.119,0.7,0.078
1660,8.29,5,2009,2011,3.8,3.8,3.8,2.092,0.45,0.012
1661,6.84,4,2019,2016,6.0,51.8,6.0,3.297,0.84,0.0215
1662,8.39,7,2019,2016,0.0,96.0,0.0,0.652,0.44,0.0202
1663,8.47,7,2007,2006,2.4,2.4,2.4,0.768,0.2,0.02
1664,8.26,6,2006,2006,1.0,18.8,2.8,1.121,0.46,0.038
1665,8.35,9,2017,2016,0.8,0.8,0.8,0.971,0.3,0.0247
1668,8.38,7,2004,2006,0.0,8.8,3.0,1.315,0.44,0.043
1670,7.96,3,2015,2016,0.0,7.2,0.0,0.978,0.5,0.059
1671,8.38,6,2004,2006,0.0,10.2,0.0,0.391,0.32,0.028
1672,8.41,10,2012,2011,0.0,13.4,0.4,0.28300000000000003,0.26,0.005
1677,8.21,9,2013,2011,0.0,4.4,0.0,1.28,0.05,0.034
1678,8.4,7,2008,2006,21.8,73.6,22.6,2.4170000000000003,0.79,0.071
1679,8.37,6,2006,2006,1.0,18.8,2.8,1.2029999999999998,0.37,0.035
1681,8.28,4,2013,2011,0.4,1.0,0.4,1.155,0.4,0.016
1684,8.25,11,2008,2006,2.8,16.3,16.3,1.287,0.55,0.043
1685,8.49,4,2011,2011,13.0,27.3,27.3,1.271,0.38,0.026
1686,8.26,10,2008,2006,0.0,19.2,3.4,1.057,0.39,0.009000000000000001
1688,8.33,10,2003,2001,0.0,5.4,0.4,0.904,0.36,0.012
1690,8.18,3,2016,2016,3.2,13.0,13.0,1.671,1.11,0.311
1693,7.8,7,2019,2016,0.0,96.0,0.0,1.344,1.27,0.0495
1697,7.93,11,2015,2016,0.0,1.4,0.0,1.932,0.41,0.0209
1699,8.08,7,2018,2016,9.5,49.1,12.5,1.4140000000000001,1.33,0.0482
1701,8.44,7,2010,2011,0.0,16.0,0.0,0.838,0.24,0.018000000000000002
1702,8.36,10,2014,2016,0.0,6.6,0.0,1.21,0.54,0.036000000000000004
1704,8.34,7,2018,2016,0.0,7.2,7.2,0.4300000000000001,0.28,0.025
1705,7.14,2,2019,2016,0.0,7.0,1.0,1.8769999999999998,1.19,0.0642
1710,8.38,8,2013,2011,0.0,0.0,0.0,0.91,0.39,0.03
1711,8.59,9,2015,2016,0.0,4.8,0.6,0.331,0.2,0.0196
1712,8.4,9,2004,2006,0.0,22.4,0.0,0.479,0.36,0.024
1716,8.25,5,2015,2016,0.0,0.0,0.0,0.371,0.25,0.017
1719,8.29,7,2007,2006,2.4,2.4,2.4,1.51,0.55,0.053
1725,8.3,7,2004,2006,1.0,13.5,4.5,1.781,0.5,0.042
1726,8.3,8,2019,2016,0.2,16.599999999999998,5.2,1.381,0.71,0.0341
1728,7.91,2,2015,2016,0.0,0.0,0.0,0.688,0.3,0.025
1731,6.78,10,2018,2016,1.9,1.9,1.9,3.999,3.91,0.174
1732,8.05,11,2005,2006,0.0,39.1,19.1,1.875,0.8,0.08199999999999999
1733,8.5,6,2003,2001,0.0,16.4,0.4,1.12,0.38,0.022
1734,8.41,10,2004,2006,0.0,0.0,0.0,0.922,0.4,0.019
1735,8.32,5,2012,2011,0.0,0.0,0.0,0.579,0.36,0.015
1737,8.36,10,2004,2006,0.2,2.4000000000000004,0.2,0.914,0.25,0.012
1738,7.86,2,2015,2016,0.0,0.0,0.0,0.879,0.34,0.033
1742,8.02,1,2015,2016,0.0,1.8,0.8,0.8809999999999999,0.43,0.032
1743,8.37,10,2014,2016,0.0,6.6,0.0,1.24,0.5,0.04
1744,8.52,12,2016,2016,0.0,0.0,0.0,0.672,0.28,0.0299
1745,7.76,4,2015,2016,13.8,43.40000000000001,43.40000000000001,3.758,3.16,0.79
1746,8.45,6,2007,2006,0.0,0.0,0.0,0.964,0.24,0.015
1747,8.32,11,2008,2006,2.8,16.3,16.3,1.37,0.4,0.035
1748,8.21,6,2003,2001,0.0,14.2,2.8,1.194,0.39,0.011
1749,8.55,10,2017,2016,10.8,10.8,10.8,1.171,0.62,0.01
1753,8.19,11,2012,2011,0.0,0.0,0.0,1.663,0.57,0.015
1754,8.16,5,2015,2016,0.0,11.8,0.0,0.83,0.53,0.019
1755,8.43,5,2007,2006,0.0,0.0,0.0,0.852,0.23,0.012
1756,6.93,12,2018,2016,0.0,0.0,0.0,1.172,0.61,0.0205
1757,8.19,5,2015,2016,0.0,0.0,0.0,0.23,0.23,0.014
1758,8.18,3,2019,2016,0.0,0.0,0.0,2.642,0.76,0.0458
1759,8.37,9,2003,2001,0.0,0.0,0.0,0.6729999999999999,0.14,0.008
1761,8.41,5,2011,2011,24.6,29.200000000000006,24.6,1.194,0.4,0.014
1763,8.35,5,2014,2016,1.2,3.2,3.2,0.93,0.45,0.013
1765,8.34,9,2005,2006,20.0,73.2,20.0,1.156,0.32,0.026
1766,8.36,12,2015,2016,7.9,8.9,8.3,0.41100000000000003,0.2,0.0125
1768,8.57,4,2011,2011,14.8,24.200000000000006,14.8,0.38,0.27,0.011
1774,8.22,12,2019,2016,1.8,16.2,16.2,3.948,2.23,0.412
1775,8.33,3,2014,2016,0.0,2.0,0.0,1.35,0.48,0.028
1776,8.44,6,2008,2006,0.0,8.4,0.0,0.35800000000000004,0.33,0.012
1781,8.16,10,2005,2006,4.2,4.2,4.2,0.89,0.44,0.009000000000000001
1783,7.98,1,2018,2016,2.3,17.3,16.8,2.2319999999999998,1.32,0.119
1787,8.24,4,2017,2016,0.0,0.0,0.0,0.621,0.46,0.0305
1788,8.51,5,2005,2006,0.0,7.3,3.0,1.521,0.66,0.044
1789,8.36,6,2018,2016,6.8,6.8,6.8,0.555,0.32,0.0199
1793,8.17,6,2017,2016,16.6,39.2,30.8,2.9160000000000004,0.98,0.0489
1795,8.41,9,2008,2006,0.0,14.2,0.0,1.127,0.68,0.033
1800,8.29,8,2012,2011,0.4,3.0,2.4,1.042,0.28,0.005
1801,8.38,6,2014,2016,3.8,4.6,3.8,1.14,0.42,0.065
1802,7.8,4,2015,2016,13.8,43.40000000000001,43.40000000000001,3.16,2.12,0.81
1803,8.35,7,2007,2006,2.4,2.4,2.4,0.84,0.52,0.036000000000000004
1804,8.37,8,2017,2016,0.0,0.2,0.0,0.371,0.21,0.0142
1808,8.33,10,2007,2006,7.8,15.2,15.2,0.949,0.23,0.012
1810,8.3,8,2018,2016,0.0,4.0,0.0,1.214,0.65,0.0349
1812,8.39,4,2008,2006,0.0,0.0,0.0,1.5659999999999998,0.29,0.022
1813,8.31,10,2019,2016,11.4,11.4,11.4,1.021,0.66,0.0285
1817,8.24,10,2004,2006,0.0,0.4,0.0,1.1509999999999998,0.29,0.023
1819,8.36,6,2003,2001,0.0,14.2,2.8,1.339,0.54,0.033
1820,8.57,10,2015,2016,8.4,11.0,8.4,0.341,0.2,0.0121
1821,8.76,5,2019,2016,5.5,15.9,15.9,1.014,0.63,0.0727
1822,8.41,8,2008,2006,6.8,60.8,7.6,1.4480000000000002,0.52,0.032
1823,8.21,6,2003,2001,0.0,14.2,2.8,0.871,0.28,0.012
1826,8.14,3,2017,2016,1.0,1.0,1.0,1.2009999999999998,0.29,0.0198
1828,8.3,7,2018,2016,9.5,49.1,12.5,1.048,0.66,0.027000000000000003
1829,7.78,6,2018,2016,6.8,6.8,6.8,0.7140000000000001,0.67,0.0192
1830,8.04,5,2016,2016,0.0,11.0,9.0,1.706,0.67,0.0259
1833,8.32,9,2013,2011,0.0,4.4,0.0,1.28,0.05,0.047
1835,8.46,10,2004,2006,0.0,0.4,0.0,0.6930000000000001,0.15,0.016
1837,8.4,5,2017,2016,0.0,1.1,0.6,0.5810000000000001,0.39,0.0118
1838,8.34,7,2010,2011,0.0,16.0,0.0,1.1,0.58,0.036000000000000004
1839,8.38,11,2005,2006,0.0,0.0,0.0,0.433,0.3,0.013
1842,8.39,6,2010,2011,3.4,3.8,3.4,1.095,0.26,0.014
1843,8.22,9,2007,2006,29.0,29.0,29.0,2.127,0.79,0.029
1845,8.19,4,2013,2011,0.4,1.0,0.4,1.364,0.43,0.015
1846,7.72,7,2014,2016,2.2,14.4,14.4,2.03,0.96,0.155
1848,8.34,7,2015,2016,0.6,9.0,1.2,0.986,0.53,0.0138
1852,8.44,8,2003,2001,0.0,11.4,0.0,0.647,0.4,0.038
1854,8.46,5,2010,2011,0.0,0.0,0.0,0.7270000000000001,0.4,0.112
1855,8.25,5,2015,2016,0.0,11.8,0.0,0.6,0.24,0.013
1856,7.73,9,2018,2016,6.6,27.6,27.6,0.7340000000000001,0.71,0.0312
1857,8.39,4,2009,2011,0.0,27.1,3.1,0.611,0.31,0.014
1858,8.24,2,2017,2016,2.8,2.8,2.8,4.880999999999999,0.69,0.0145
1859,8.34,10,2008,2006,4.9,16.1,6.1000000000000005,0.44799999999999995,0.35,0.011
1860,8.16,12,2019,2016,1.8,16.2,16.2,1.821,0.91,0.0419
1863,8.1,9,2006,2006,9.1,17.9,17.9,2.147,1.11,0.187
1864,8.22,3,2017,2016,1.0,1.0,1.0,1.361,0.25,0.0842
1867,8.38,11,2011,2011,4.4,11.6,11.6,0.7410000000000001,0.56,0.079
1868,8.37,6,2005,2006,0.0,0.0,0.0,1.3229999999999995,0.57,0.078
1870,8.24,4,2017,2016,0.0,0.0,0.0,0.7909999999999999,0.24,0.03
1871,8.24,8,2009,2011,0.0,35.6,9.0,1.2559999999999998,0.74,0.062
1872,8.4,4,2017,2016,0.0,0.0,0.0,0.4610000000000001,0.28,0.0146
1873,7.83,8,2019,2016,0.2,16.599999999999998,5.2,0.654,0.61,0.0221
1874,8.36,10,2014,2016,3.3,24.5,22.3,0.9,0.62,0.034
1875,8.51,10,2004,2006,0.0,0.4,0.0,1.46,0.52,0.056
1876,8.4,9,2014,2016,5.2,7.2,5.2,2.01,0.76,0.028
1878,8.21,9,2010,2011,0.0,10.8,0.0,1.081,0.54,0.039
1881,8.35,12,2014,2016,1.2,6.6,2.0,1.18,0.62,0.012
1884,8.36,7,2015,2016,0.6,9.0,1.2,0.364,0.2,0.0109
1886,8.4,9,2006,2006,0.0,19.0,0.0,0.647,0.31,0.016
1890,8.32,11,2014,2016,0.0,5.0,5.0,0.83,0.33,0.011
1892,8.28,5,2007,2006,0.0,0.0,0.0,1.023,0.26,0.008
1895,8.45,8,2005,2006,0.0,0.6,0.0,1.004,0.27,0.018000000000000002
1899,8.33,10,2010,2011,6.0,6.0,6.0,0.9440000000000001,0.26,0.014
1906,8.35,5,2014,2016,0.0,0.8,0.2,0.56,0.37,0.012
1908,7.27,10,2018,2016,0.0,0.0,0.0,1.381,0.51,0.0341
1909,8.27,8,2004,2006,0.0,0.0,0.0,0.897,0.25,0.023
1910,8.53,7,2007,2006,0.0,2.4,0.0,0.3640000000000001,0.28,0.017
1912,8.42,8,2005,2006,0.0,1.5,0.0,0.588,0.19,0.006
1913,8.43,8,2015,2016,0.0,10.4,0.0,0.371,0.2,0.0178
1916,8.47,9,2006,2006,9.1,17.9,17.9,0.8400000000000001,0.28,0.031
1917,8.21,2,2012,2011,0.0,0.0,0.0,1.122,0.35,0.025
1919,8.44,4,2007,2006,0.0,5.5,0.0,0.546,0.34,0.014
1923,8.24,3,2017,2016,1.0,1.0,1.0,0.971,0.41,0.0366
1924,8.27,9,2009,2011,0.0,0.0,0.0,0.982,0.17,0.008
1927,8.52,10,2006,2006,0.0,22.4,3.1,0.846,0.48,0.039
1928,8.17,10,2009,2011,0.0,0.0,0.0,1.919,0.25,0.005
1930,8.31,8,2018,2016,0.0,16.4,16.4,1.06,0.69,0.256
1931,8.68,7,2011,2011,0.0,0.4,0.0,0.354,0.24,0.025
1932,8.14,5,2012,2011,0.0,0.0,0.0,1.295,0.54,0.02
1934,7.7,8,2014,2016,0.0,0.0,0.0,0.68,0.22,0.015
1937,8.29,10,2008,2006,2.8,12.2,6.4,0.9229999999999999,0.41,0.02
1939,8.32,4,2009,2011,5.1,25.1,5.1,1.7180000000000002,0.45,0.031
1940,8.39,7,2009,2011,0.8,4.1,0.8,0.595,0.26,0.012
1941,8.34,5,2005,2006,0.0,6.800000000000002,1.4,1.135,0.54,0.026
1943,8.15,9,2017,2016,0.0,0.8,0.8,2.431,0.79,0.0243
1945,6.79,12,2018,2016,0.0,0.0,0.0,1.024,0.44,0.0444
1949,8.36,8,2018,2016,0.0,4.0,0.0,1.234,1.1,0.0456
1951,8.27,10,2010,2011,6.0,6.0,6.0,1.012,0.53,0.028
1955,6.04,4,2019,2016,6.0,51.8,6.0,1.321,0.93,0.0339
1956,8.16,8,2012,2011,0.4,3.0,2.4,1.1869999999999998,0.61,0.046
1958,8.11,8,2014,2016,0.0,6.0,0.0,0.42,0.35,0.019
1962,8.49,7,2006,2006,0.6,2.0,0.6,0.68,0.15,0.014
1963,8.62,8,2016,2016,0.0,14.0,0.0,0.391,0.2,0.0149
1964,8.35,9,2013,2011,0.0,4.4,0.0,0.98,0.05,0.012
1965,8.02,5,2012,2011,0.0,0.0,0.0,1.899,0.54,0.026
1967,8.2,9,2006,2006,9.1,17.9,17.9,1.229,0.61,0.071
1968,8.37,5,2008,2006,0.0,0.0,0.0,0.639,0.28,0.011
1969,8.41,10,2008,2006,0.0,19.2,3.4,1.796,0.61,0.024
1970,8.26,9,2005,2006,20.4,84.80000000000003,20.4,1.7630000000000001,0.61,0.041
1971,8.48,6,2005,2006,0.0,1.7,0.0,0.5720000000000001,0.3,0.015
1974,6.76,12,2018,2016,0.0,0.0,0.0,2.927,0.6,0.0214
1975,8.36,9,2010,2011,10.0,10.8,10.8,0.765,0.37,0.02
1978,8.45,6,2017,2016,14.2,25.6,16.0,0.491,0.35,0.0174
1979,8.38,8,2011,2011,0.0,5.4,0.0,0.319,0.2,0.021
1983,7.81,11,2018,2016,0.0,15.6,0.0,2.2840000000000003,0.77,0.0317
1984,8.25,7,2005,2006,0.0,9.9,1.9,1.267,0.53,0.043
1985,8.43,5,2016,2016,9.0,13.6,9.0,0.631,0.4,0.01
1987,8.33,10,2009,2011,0.0,0.0,0.0,0.97,0.27,0.003
1988,8.27,5,2015,2016,0.0,0.0,0.0,0.675,0.37,0.018000000000000002
1989,8.45,5,2011,2011,24.6,29.200000000000006,24.6,1.6780000000000002,0.57,0.017
1991,8.57,10,2015,2016,8.4,11.0,8.4,0.461,0.2,0.0168
1993,8.13,1,2017,2016,0.6,0.6,0.6,1.7909999999999997,0.38,0.0153
1994,8.31,10,2003,2001,0.0,0.4,0.0,2.47,0.73,0.018000000000000002
1995,8.31,9,2010,2011,0.0,10.8,0.0,0.983,0.45,0.028
1996,8.47,8,2008,2006,0.0,5.3,0.0,0.491,0.43,0.015
1998,8.44,8,2008,2006,6.8,60.8,7.6,2.123,0.69,0.029
1999,8.34,10,2019,2016,11.4,11.4,11.4,0.494,0.44,0.014
2000,8.13,3,2018,2016,0.0,0.0,0.0,2.552,0.54,0.0157
2003,8.31,11,2010,2011,0.0,4.6,4.6,0.8590000000000001,0.2,0.008
2004,8.38,5,2005,2006,0.0,0.0,0.0,0.30600000000000005,0.27,0.014
2005,8.26,4,2005,2006,0.0,0.0,0.0,1.09,0.29,0.021
2006,8.59,5,2019,2016,5.5,15.9,15.9,0.901,0.75,0.0412
2007,8.26,9,2009,2011,0.0,0.0,0.0,1.122,0.26,0.011
2008,8.31,10,2010,2011,0.2,0.2,0.2,0.353,0.25,0.013
2009,8.32,7,2002,2001,0.0,58.2,26.0,0.993,0.67,0.042
2010,8.31,7,2019,2016,0.0,96.0,0.0,1.211,1.1,0.0581
2012,8.14,6,2013,2011,0.0,38.8,3.6,2.05,0.78,0.058
2014,8.25,11,2012,2011,0.0,0.0,0.0,1.5139999999999998,0.38,0.032
2016,8.34,6,2005,2006,0.0,0.0,0.0,0.7709999999999999,0.21,0.015
2018,8.41,7,2007,2006,2.4,2.4,2.4,0.962,0.36,0.023
2020,8.2,1,2017,2016,0.0,0.6,0.3,5.091,0.42,0.0213
2021,8.16,7,2009,2011,0.0,2.1,2.1,1.949,0.5,0.033
2024,8.4,5,2017,2016,0.0,1.1,0.6,0.971,0.45,0.0136
2025,8.33,10,2003,2001,0.0,0.4,0.0,1.7269999999999999,0.65,0.075
2026,8.18,9,2003,2001,0.0,0.0,0.0,2.024,0.58,0.029
2027,8.1,12,2015,2016,5.4,5.800000000000002,5.800000000000002,0.341,0.24,0.01
2029,8.48,7,2012,2011,0.0,0.0,0.0,0.6509999999999999,0.45,0.03
2030,8.49,7,2012,2011,0.0,0.0,0.0,0.964,0.21,0.012
2031,8.36,4,2013,2011,0.4,1.0,0.4,1.21,0.28,0.014
2032,8.32,8,2011,2011,0.0,15.6,0.0,1.093,0.36,0.027000000000000003
2038,8.43,6,2018,2016,6.8,6.8,6.8,0.627,0.43,0.0306
2039,8.4,9,2015,2016,0.0,34.6,24.2,0.765,0.51,0.0756
2040,8.32,9,2011,2011,0.0,20.8,20.8,0.727,0.63,0.076
2045,8.15,12,2019,2016,1.8,16.2,16.2,2.039,1.33,0.11
2046,8.4,4,2017,2016,0.0,0.0,0.0,1.1609999999999998,0.45,0.0183
2048,8.43,10,2007,2006,7.8,15.2,15.2,0.716,0.23,0.017
2049,8.4,5,2017,2016,0.0,1.1,0.6,0.41100000000000003,0.27,0.01
2051,8.42,8,2013,2011,0.0,0.0,0.0,0.48,0.3,0.013
2052,8.34,8,2009,2011,0.0,35.6,9.0,1.206,0.35,0.021
2055,8.16,1,2018,2016,14.5,15.0,15.0,1.651,0.74,0.0147
2059,8.26,1,2013,2011,0.0,0.0,0.0,1.1749999999999998,0.15,0.018000000000000002
2060,8.47,11,2007,2006,0.0,3.0,3.0,2.148,0.62,0.04
2061,8.46,4,2014,2016,0.0,8.2,6.0,1.46,0.28,0.029
2062,7.94,1,2015,2016,0.0,1.8,0.8,1.76,0.56,0.013
2068,8.35,1,2012,2011,0.0,14.8,2.6,1.412,0.64,0.124
2069,8.35,8,2006,2006,3.4,3.4,3.4,0.883,0.15,0.011
2070,8.5,9,2005,2006,0.0,1.0,1.0,0.40700000000000003,0.34,0.034
2071,8.37,11,2010,2011,0.0,4.6,4.6,1.611,0.62,0.005
2073,8.51,7,2012,2011,0.0,0.0,0.0,0.726,0.23,0.011
2074,8.4,8,2010,2011,0.0,16.2,12.6,0.85,0.27,0.01
2075,8.38,6,2009,2011,0.0,29.0,0.0,0.483,0.35,0.017
2077,8.77,5,2019,2016,5.5,15.9,15.9,0.8140000000000001,0.54,0.0377
2078,7.88,7,2015,2016,0.0,1.6,0.6,2.206,0.61,0.0224
2081,7.92,2,2015,2016,0.0,0.0,0.0,1.09,0.32,0.014
2082,8.3,5,2003,2001,11.8,11.8,11.8,0.885,0.44,0.021
2089,7.89,7,2014,2016,2.2,14.4,14.4,0.9,0.42,0.04
2094,8.27,7,2005,2006,0.0,9.9,1.9,1.5179999999999998,0.61,0.099
2097,8.42,8,2008,2006,6.8,60.8,7.6,1.5490000000000002,0.68,0.026
2101,7.97,6,2018,2016,0.0,12.2,12.2,1.922,1.1,0.0371
2103,7.42,11,2018,2016,0.0,0.0,0.0,3.3760000000000003,0.58,0.0225
2107,8.36,9,2013,2011,0.0,4.4,0.0,0.61,0.05,0.016
2109,8.29,9,2010,2011,0.0,10.8,0.0,1.3419999999999999,0.53,0.048
2110,8.35,11,2015,2016,0.0,1.4,0.0,0.371,0.2,0.01
2111,8.55,6,2011,2011,25.8,25.8,25.8,0.35600000000000004,0.27,0.018000000000000002
2112,8.19,5,2013,2011,2.4,2.4,2.4,1.3730000000000002,0.85,0.073
2113,8.42,9,2004,2006,0.0,0.0,0.0,0.779,0.27,0.01
2114,8.31,3,2019,2016,0.0,0.0,0.0,1.141,0.68,0.0675
2115,8.43,7,2016,2016,0.0,0.0,0.0,0.491,0.32,0.01
2116,8.31,4,2012,2011,0.0,9.8,0.6,0.8160000000000001,0.3,0.012
2118,8.28,6,2017,2016,14.2,25.6,16.0,0.741,0.63,0.03
2119,8.27,10,2003,2001,0.0,5.4,0.4,1.1109999999999998,0.37,0.017
2120,8.31,5,2009,2011,3.8,3.8,3.8,1.3880000000000001,0.29,0.008
2122,8.75,8,2016,2016,0.0,14.0,0.0,0.281,0.2,0.0118
2123,8.43,9,2008,2006,0.3,25.6,14.4,1.339,0.52,0.06
2125,8.26,6,2019,2016,0.0,1.0,0.0,2.2359999999999998,0.74,0.0237
2129,8.3,7,2012,2011,0.0,0.0,0.0,1.414,0.73,0.071
2130,8.73,9,2011,2011,18.0,18.0,18.0,0.718,0.3,0.021
2134,8.36,10,2010,2011,6.0,6.0,6.0,0.8989999999999999,0.33,0.008
2136,8.4,8,2015,2016,0.0,10.4,0.0,0.361,0.2,0.0156
2137,8.31,8,2005,2006,0.0,1.5,0.0,0.6409999999999999,0.24,0.019
2140,6.85,12,2018,2016,0.0,0.0,0.0,0.8620000000000001,0.46,0.0212
2142,8.66,12,2017,2016,4.0,4.0,4.0,0.9109999999999999,0.58,0.0129
2144,8.65,12,2016,2016,0.0,0.0,0.0,0.12,0.23,0.0115666666666666
2145,8.34,9,2004,2006,0.0,0.0,0.0,1.008,0.55,0.019
2146,8.34,5,2013,2011,2.4,2.4,2.4,1.336,0.65,0.117
2147,8.32,10,2013,2011,6.2,16.8,6.2,0.98,0.61,0.037000000000000005
2148,8.44,4,2004,2006,0.0,12.6,11.4,2.0380000000000003,1.09,0.32
2150,8.54,4,2004,2006,0.0,12.6,11.4,1.012,0.57,0.049
2151,8.25,1,2016,2016,0.0,9.4,0.0,1.6109999999999998,0.46,0.0118
2152,7.91,10,2007,2006,7.8,15.2,15.2,2.022,1.02,0.115
2153,8.3,10,2008,2006,0.0,19.2,3.4,1.224,0.36,0.013
2154,8.31,3,2018,2016,0.0,0.0,0.0,0.981,0.58,0.02
2159,8.21,5,2005,2006,0.0,7.3,3.0,1.21,0.38,0.014
2163,8.32,3,2018,2016,0.0,0.0,0.0,2.061,0.54,0.0117
2164,8.25,11,2017,2016,0.0,15.3,0.4,1.153,0.38,0.0355
2165,8.32,10,2017,2016,10.8,10.8,10.8,0.7659999999999999,0.7,0.0149
2167,6.88,12,2018,2016,0.0,0.0,0.0,3.3680000000000003,1.31,0.0227
2169,8.3,5,2013,2011,2.2,28.0,20.4,0.59,0.5,0.032
2171,8.31,8,2009,2011,0.0,35.6,9.0,1.041,0.46,0.051
2172,8.33,7,2006,2006,0.6,2.0,0.6,0.912,0.46,0.031
2173,7.8,2,2018,2016,10.0,19.4,19.4,1.14,2.17,0.2565
2174,8.45,7,2012,2011,0.0,0.0,0.0,0.8079999999999999,0.18,0.017
2176,8.42,6,2006,2006,1.0,18.8,2.8,0.8969999999999999,0.31,0.036000000000000004
2177,8.27,6,2017,2016,14.2,25.6,16.0,0.7460000000000001,0.68,0.0167
2178,8.44,7,2003,2001,0.0,3.2,0.0,0.77,0.23,0.027000000000000003
2180,8.29,5,2007,2006,0.0,0.0,0.0,1.015,0.31,0.008
2184,8.41,6,2009,2011,0.0,0.0,0.0,1.011,0.34,0.02
2185,8.47,10,2012,2011,0.0,10.4,0.0,0.532,0.18,0.002
2186,8.32,5,2009,2011,3.8,3.8,3.8,1.3889999999999998,0.59,0.022
2187,8.38,10,2014,2016,0.0,6.6,0.0,0.79,0.27,0.015
2191,8.26,4,2012,2011,0.0,9.8,0.6,1.0859999999999999,0.47,0.015
2195,8.25,6,2010,2011,3.4,3.8,3.4,1.6909999999999998,0.52,0.024
2198,6.52,12,2018,2016,0.0,0.0,0.0,2.794,0.66,0.0129
2201,8.46,6,2007,2006,0.0,0.0,0.0,0.894,0.18,0.019
2203,8.5,8,2015,2016,0.0,10.6,9.4,0.605,0.39,0.0442
2205,7.97,9,2015,2016,0.0,4.8,0.0,2.926,1.21,0.0319
2207,8.34,5,2017,2016,0.0,1.1,0.6,0.7809999999999999,0.56,0.025
2208,7.77,8,2014,2016,0.0,0.0,0.0,0.92,0.28,0.015
2209,8.31,5,2016,2016,0.0,14.6,9.0,1.3909999999999998,0.75,0.0189
2212,8.32,7,2004,2006,1.0,13.5,4.5,1.713,0.65,0.064
2213,8.32,6,2015,2016,64.0,64.0,64.0,0.442,0.25,0.01
2214,8.31,8,2006,2006,3.4,3.4,3.4,0.95,0.25,0.015
2215,8.29,5,2018,2016,32.2,32.2,32.2,0.415,0.27,0.01
2216,8.29,4,2012,2011,0.0,9.8,0.6,1.021,0.29,0.006
2218,8.17,8,2004,2006,0.0,0.0,0.0,1.1369999999999998,0.48,0.039
2219,8.42,10,2008,2006,0.0,19.2,3.4,1.132,0.58,0.027000000000000003
2220,8.32,8,2010,2011,0.0,16.2,12.6,0.966,0.42,0.024
2221,8.41,11,2014,2016,0.0,0.0,0.0,0.39,0.29,0.017
2223,8.38,6,2009,2011,0.0,29.0,0.0,1.045,0.45,0.03
2224,8.35,7,2015,2016,0.6,9.0,1.2,0.394,0.22,0.015
2226,8.33,8,2009,2011,0.0,35.6,9.0,1.023,0.38,0.022
2230,8.25,1,2016,2016,0.0,9.4,0.0,0.6809999999999999,0.27,0.01
2233,8.48,7,2004,2006,0.0,4.2,3.2,0.7809999999999999,0.44,0.032
2234,8.09,9,2019,2016,5.0,26.0,5.0,1.857,0.81,0.0206
2235,8.21,6,2015,2016,64.0,64.0,64.0,0.403,0.22,0.0106
2239,7.63,10,2018,2016,0.0,0.0,0.0,0.986,0.63,0.0362
2240,8.46,8,2019,2016,0.0,10.0,7.8,0.42,0.32,0.033
2242,8.29,7,2007,2006,0.0,31.6,0.0,1.0699999999999998,0.35,0.043
2245,8.45,6,2008,2006,0.0,3.0,0.0,1.244,0.51,0.026
2246,8.39,5,2009,2011,3.8,3.8,3.8,1.065,0.34,0.011
2247,8.12,3,2016,2016,5.8,18.4,18.4,2.4610000000000003,0.89,0.0781
2248,7.14,4,2019,2016,6.0,51.8,6.0,1.014,0.66,0.0146
2249,8.38,11,2004,2006,0.0,2.0,0.0,1.0270000000000001,0.22,0.01
2256,8.2,6,2012,2011,0.0,26.8,6.4,1.787,0.87,0.081
2257,8.46,3,2018,2016,0.0,0.0,0.0,1.486,0.53,0.0242
2258,8.24,10,2014,2016,0.0,6.6,0.0,1.26,0.56,0.173
2259,8.16,7,2014,2016,2.2,14.4,14.4,0.82,0.42,0.043
2264,8.31,11,2008,2006,2.8,16.3,16.3,1.804,0.6,0.075
2268,8.28,7,2005,2006,0.0,8.4,0.0,0.995,0.53,0.037000000000000005
2270,7.08,2,2019,2016,0.0,7.0,1.0,2.068,1.03,0.0557
2271,8.34,9,2003,2001,0.0,0.0,0.0,0.645,0.48,0.058
2272,8.32,10,2009,2011,0.0,0.0,0.0,0.797,0.15,0.003
2273,8.51,12,2016,2016,0.0,0.0,0.0,1.094,0.31,0.01
2274,8.48,4,2016,2016,0.0,0.0,0.0,0.5810000000000001,0.28,0.0139
2275,8.3,7,2006,2006,0.6,2.0,0.6,0.972,0.32,0.022
2276,8.55,7,2011,2011,0.0,23.6,0.0,0.758,0.34,0.017
2277,8.2,8,2018,2016,4.0,17.8,17.8,0.6799999999999999,0.57,0.2
2278,8.3,6,2007,2006,0.0,0.0,0.0,1.635,0.56,0.036000000000000004
2281,8.3,8,2014,2016,2.0,18.2,2.4,0.46,0.24,0.016
2283,8.25,5,2015,2016,0.0,11.8,0.0,0.61,0.2,0.012
2286,8.43,8,2002,2001,0.0,0.0,0.0,0.376,0.23,0.03
2287,8.48,6,2005,2006,0.0,0.0,0.0,0.45,0.26,0.029
2288,8.36,9,2013,2011,0.0,0.0,0.0,0.87,0.05,0.012
2289,8.38,4,2008,2006,0.0,0.0,0.0,2.479,0.54,0.061
2290,8.46,4,2018,2016,0.0,0.0,0.0,2.274,0.96,0.109
2291,8.22,7,2008,2006,21.8,73.6,22.6,1.5079999999999998,0.83,0.063
2293,8.42,5,2014,2016,1.2,3.2,3.2,0.74,0.36,0.016
2294,8.4,8,2018,2016,0.0,16.4,16.4,0.72,0.5,0.087
2299,8.09,6,2018,2016,6.8,6.8,6.8,1.091,0.92,0.0475
2301,8.3,6,2009,2011,0.0,0.0,0.0,1.247,0.58,0.038
2302,8.33,10,2011,2011,2.8,3.0,2.8,2.095,0.58,0.034
2306,8.33,4,2017,2016,3.8,3.8,3.8,2.6910000000000003,0.64,0.0143
2307,8.42,4,2013,2011,0.4,1.0,0.4,0.977,0.32,0.015
2310,8.31,10,2010,2011,6.0,6.0,6.0,1.247,0.27,0.009000000000000001
2311,8.54,7,2011,2011,0.0,23.6,0.0,0.7759999999999999,0.22,0.012
2313,8.5,4,2003,2001,0.0,0.0,0.0,0.488,0.33,0.015
2314,8.32,7,2018,2016,9.5,49.1,12.5,1.306,1.05,0.0585
2317,8.34,7,2003,2001,0.0,3.6,0.0,0.359,0.24,0.029
2318,8.4,7,2006,2006,0.6,2.0,0.6,2.262,0.76,0.085
2319,8.16,1,2017,2016,0.0,0.4,0.0,1.791,0.34,0.0366
2322,8.3,10,2016,2016,6.0,20.0,12.2,0.534,0.36,0.064
2323,8.44,7,2003,2001,0.0,2.2,0.0,0.846,0.26,0.018000000000000002
2326,7.81,5,2018,2016,3.2,35.40000000000001,35.40000000000001,2.1919999999999997,1.62,0.157
2328,8.31,5,2015,2016,0.0,0.0,0.0,0.46,0.39,0.013
2329,8.14,8,2017,2016,23.8,24.4,23.8,1.615,0.56,0.019
2330,8.38,9,2008,2006,0.0,14.2,0.0,0.5609999999999999,0.48,0.021
2331,8.37,5,2010,2011,5.8,9.4,6.8,0.677,0.22,0.011
2332,8.38,5,2013,2011,2.4,2.4,2.4,0.899,0.4,0.011
2335,8.29,11,2003,2001,18.8,21.8,18.8,1.6869999999999998,0.39,0.022
2336,8.67,9,2011,2011,18.0,18.0,18.0,1.804,0.62,0.03
2337,8.28,7,2003,2001,0.0,3.2,0.0,1.9,0.58,0.035
2339,8.41,11,2013,2011,0.6,18.4,14.6,0.99,0.48,0.034
2340,8.24,8,2010,2011,0.0,16.2,12.6,1.122,0.49,0.047
