Nitrite,Total Rain (mm) -1day Total,TotalNitrogen,Nitrogen_Kjeldahl,TotalSuspendedSolids
0.003,0,0.511,0.39,2.3
0.049,0,2.21,1.57,116
0.009,0,0.838,0.72,6.8
0.047,0,1.915,1.27,45.9
0.011,0,0.959,0.36,2.5
0.033,0,1.348,0.48,2.4
0.005,0,0.863,0.32,3.1
0.008,0,0.428,0.22,3.8
0.004,0,0.601,0.36,2.6
0.011,0,1.981,0.48,8.2
0.011,0,1.099,0.35,23.1
0.029,0,1.429,0.39,2.7
0.056,0,1.606,0.46,1.8
0.013,0,1.384,0.39,8
0.009,0,1.629,0.42,4.6
0.028,0,1.399,0.6,7.4
0.019,0,1.492,0.68,2.1
0.034,0,1.31,0.63,6.5
0.007,0,0.721,0.38,5.5
0.013,0,0.778,0.57,59.8
0.055,0,1.949,1.19,297
0.007,0,0.751,0.47,11.3
0.024,0,2.104,0.59,16.2
0.028,0,1.424,0.62,2.2
0.039,0,1.663,0.67,8.5
0.061,0,2.011,0.82,19.6
0.02,0,2.36,0.61,8.4
0.006,0,0.669,0.45,8.4
0.027,0,2.097,0.84,22.4
0.005,0,0.484,0.35,2.7
0.005,0,0.576,0.45,3.4
0.011,0,1.177,0.57,8.2
0.023,0,1.123,0.49,6.3
0.016,0,0.722,0.51,8.9
0.034,0,1.734,0.64,5.9
0.011,0,0.833,0.49,1.9
0.028,0,1.372,0.87,37.1
0.017,0,0.502,0.3,8.9
0.012,0,0.741,0.54,10.3
0.011,0,0.689,0.45,4.7
0.014,0,1.054,0.64,31.1
0.013,0,1.217,0.61,3.4
0.002,0,0.577,0.57,6.2
0.01,0,0.856,0.5,0.5
0.005,0,0.548,0.38,3.7
0.007,0,0.361,0.21,11.2
0.005,0,0.447,0.32,2.1
0.009,0,0.791,0.45,5.1
0.006,0,0.498,0.36,7.8
0.001,0,0.296,0.29,2
0.006,0,0.782,0.42,6.3
0.015,0,0.645,0.45,4.2
0.008,0,0.581,0.4,4.2
0.011,0,0.408,0.22,6.2
0.009,0,0.774,0.54,34.8
0.005,0,0.458,0.36,2.1
0.012,0,0.774,0.46,21.3
0.005,0,1.365,1.21,54.7
0.027,0,1.835,0.9,109
0.008,0,1.181,0.87,60
0.018,0,2.468,0.73,13.7
0.033,0,1.601,0.69,34
0.016,0,1.966,0.62,11.2
0.014,0,1.664,0.6,11.6
0.018,0,1.918,0.64,4.1
0.015,0,1.272,0.59,11.9
0.007,0,0.628,0.35,2.2
0.005,0,0.578,0.48,3.7
0.012,0,1.214,0.52,2.5
0.01,0,0.8,0.35,9.8
0.025,0,1.09,0.4,5.5
0.043,0,1.323,0.49,11.7
0.016,0,1.996,0.65,7.1
0.043,0,4.913,0.75,12.3
0.047,0,3.317,0.6,10.2
0.05,0,1.9,0.61,14.1
0.017,0,1.202,0.4,8
0.011,0,0.867,0.42,4.4
0.011,0,0.712,0.43,4.4
0.055,0,5.565,0.7,12.6
0.018,0,2.268,0.42,5.9
0.017,0,3.287,0.54,4.3
0.039,0,2.319,0.55,5.6
0.045,0,4.985,1.2,29.1
0.047,0,3.857,1.32,20.3
0.007,0,0.698,0.39,9.6
0.003,0,0.842,0.39,5.8
0.022,0,1.812,0.6,10.6
0.02,0,2.99,0.79,26.6
0.003,0,0.66,0.4,3.6
0.01,0,2.02,0.57,13.8
0.007,0,0.358,0.25,2.4
0.028,0,1.968,0.66,6.7
0.026,0,1.449,0.6,5.2
0.034,0,1.544,0.48,4.2
0.015,0,1.481,0.7,31.7
0.007,0,0.796,0.37,5.1
0.007,0,0.573,0.39,4.6
0.016,0,1.108,0.66,10.7
0.011,0,1.212,0.46,13.2
0.01,0,1.167,0.45,2.2
0.038,0,1.579,0.63,13
0.016,0,1.487,0.51,6.4
0.016,0,0.904,0.45,6.3
0.014,0,0.97,0.43,3
0.091,0,8.371,2.9,613
0.006,0,0.726,0.54,3.2
0.016,0,1.084,0.62,59
0.009,0,0.772,0.49,1.1
0.004,0,0.704,0.54,11.3
0.032,0,1.319,0.65,30.8
0.005,0,0.736,0.37,2.5
0.026,0,2.316,1.12,62.7
0.021,0,1.285,0.78,82.9
0.012,0,1.622,0.52,5.5
0.009,0,0.66,0.33,2.9
0.012,0,0.462,0.25,3.5
0.009,0,0.634,0.39,5
0.013,0,0.738,0.42,1.4
0.012,0,1.21,0.74,39.9
0.01,0,0.873,0.47,3.7
0.014,0,1.17,0.46,2.6
0.006,0,0.548,0.39,12.2
0.01,0,1.216,0.54,10
0.006,0,0.473,0.42,8.5
0.008,0,0.669,0.27,2.7
0.018,0,0.712,0.41,3.3
0.009,0,0.667,0.28,2.1
0.008,0,0.616,0.28,1.8
0.001,0,0.575,0.55,4.3
0.015,0,1.475,0.59,4.5
0.016,0,1.027,0.44,9.7
0.003,0,0.578,0.38,12.9
0.005,0,0.731,0.28,3
0.003,0,0.547,0.31,2.5
0.006,0,1.098,0.29,3.4
0.008,0,0.826,0.49,2.5
0.004,0,0.285,0.15,1.2
0.008,0,0.871,0.26,2.8
0.027,0,1.11,0.41,1.6
0.008,0,0.334,0.16,1.2
0.011,0,0.684,0.34,2
0.009,0,0.753,0.27,2.3
0.006,0,0.633,0.39,11.3
0.018,0,1.292,0.4,2.5
0.008,0,1.15,0.28,6.3
0.019,0,0.842,0.28,8.4
0.028,0,1.508,0.68,61.3
0.029,0,1.557,0.53,5
0.007,0,0.775,0.39,9.4
0.005,0,0.989,0.52,30.2
0.023,0,1.723,0.63,2.9
0.007,0,0.432,0.26,3.3
0.01,0,1.019,0.47,16.7
0.008,0,1.321,0.44,4.9
0.014,0,1.05,0.48,7.7
0.004,0,0.842,0.37,4.8
0.018,0,1.109,0.5,3.9
0.033,0,1.281,0.53,6.2
0.004,0,0.649,0.39,12.6
0.005,0,0.346,0.26,3.1
0.006,0,0.722,0.53,7.9
0.012,0,0.855,0.58,9.1
0.016,0,0.926,0.55,7.8
0.008,0,1.059,0.4,4.8
0.003,0,0.603,0.5,6
0.041,0,1.811,1.1,10
0.038,0,1.097,0.52,2.1
0.013,0,0.705,0.38,6.1
0.007,0,0.516,0.49,2.7
0.013,0,0.767,0.65,51.7
0.02,0,0.414,0.21,21.1
0.009,0,0.67,0.36,4.9
0.012,0,0.676,0.4,0.8
0.012,0,0.962,0.6,8
0.058,0,2.108,1.4,46
0.013,0,0.977,0.44,9.2
0.018,0,0.615,0.55,6.7
0.06,0,1.47,1.01,11.3
0.025,0,1.505,0.9,27
0.009,0,0.743,0.49,10.9
0.014,0,0.693,0.44,20.9
0.027,0,1.287,0.6,15
0.021,0,1.56,0.61,4.8
0.06,0,3.12,1.6,139
0.012,0,1.352,0.7,5
0.006,0,0.616,0.4,10
0.053,0,2.093,1.35,7.2
0.046,0,2.476,1.9,56
0.009,0,0.939,0.83,17.6
0.555,0,4.465,2.9,7
0.014,0,0.813,0.52,2.2
0.016,0,0.616,0.5,5
0.064,0,1.354,0.7,5
0.096,0,2.256,0.8,5
0.011,0,0.965,0.47,12.4
0.002,0,0.287,0.28,7
0.012,0,1.382,0.6,5
0.002,0,0.834,0.69,54.8
0.011,0,1.181,0.84,9
0.012,0,0.578,0.4,3.6
0.012,0,0.822,0.7,5
0.001,0,1.441,0.9,10
0.042,0,1.632,1.4,49
0.108,0,2.598,1,5
0.006,0,0.297,0.15,3.8
0.079,0,1.909,1.19,6.3
0.005,0,0.596,0.32,2.2
0.019,0,0.619,0.5,5
0.003,0,0.388,0.38,5.3
0.009,0,0.782,0.38,12
0.008,0,0.628,0.5,23
0.024,0,1.914,1.1,6
0.382,0,4.752,3.3,17
0.015,0,0.915,0.8,12
0.006,0,0.671,0.36,1.7
0.01,0,0.78,0.5,5
0.007,0,0.957,0.53,1
0.008,0,0.396,0.22,29.7
0.006,0,1.196,0.6,5
0.066,0,1.966,0.8,5
0.011,0,1.031,0.64,22.5
0.01,0,0.765,0.39,3.8
0.009,0,1.009,0.5,8
0.006,0,0.723,0.44,24.9
0.017,0,1.217,0.4,19
0.003,0,0.413,0.3,6
0.012,0,0.959,0.48,6.6
0.028,0,1.708,1.17,10.9
0.016,0,0.616,0.5,21
0.416,0,6.266,5.4,61.9
0.014,0,1.314,0.5,5
0.096,0,1.336,0.75,35.6
0.007,0,0.707,0.29,66.9
0.004,0,0.314,0.2,7
0.003,0,0.624,0.4,3.5
0.018,0,1.248,0.67,8.3
0.025,0,1.427,0.58,8.8
0.36,0,4.95,3.75,17.6
0.004,0,0.574,0.44,25
0.019,0,1.243,0.75,10.8
0.009,0,0.76,0.41,2.3
0.02,0,1.87,0.6,5
0.015,0,1.855,0.8,5
0.034,0,1.954,0.8,21.5
0.055,0,5.485,4.3,10
0.005,0,1.015,0.5,5
0.049,0,2.639,0.9,15
0.018,0,1.528,0.5,5
0.045,0,2.505,1.16,14.9
0.021,0,2.021,0.5,5
0.014,0,1.32,0.69,9.5
0.029,0,3.549,0.52,4.7
0.007,0,2.017,0.6,10
0.03,0,3.38,1.2,20
0.008,0,0.852,0.46,3.5
0.01,0,1.38,0.85,7.8
0.026,0,2.356,0.62,23.2
0.008,0,0.52,0.27,13.4
0.039,0,3.489,1.21,36.3
0.008,0,1.388,0.7,9
0.037,0,2.427,0.5,3
0.021,0,2.211,0.9,3
0.063,0,2.263,0.6,3
0.07,0,3.25,1.3,3
0.03,0,1.98,0.6,3
0.027,0,2.277,0.5,6
0.009,0,2.199,0.4,2
0.052,0,2.352,0.6,5
0.022,0,3.132,1.1,10
0.193,0,13.933,12.49,14.1
0.004,0,1.354,0.6,3
0.024,0,4.849,1.975,15
0.022,0,4.706,1.924,26
0.027,0,7.223,2.586,11
0.004,0,1.949,1.305,2
0.009,0,2.7,1.401,6
0.006,0,1.93,1.284,3
0.015,0,3.655,0.59,12
0.008,0,2.802,1.464,36
0.038,0,3.805,0.697,5
0.031,0,3.32,1.529,8
0.016,0,3.039,0.813,29
0.026,0,3.285,1.329,6
0.012,0,3.517,0.405,5
0.072,0,3.034,1.002,2
0.12,0,2.851,0.671,4
0.048,0,3.533,1.065,5
0.011,0,1.174,0.533,2
0.004,0,1.207,0.463,2
0.006,0,1.266,0.5,5
0.011,0,4.356,0.885,3
0.014,0,3.206,0.782,11
0.099,0,2.637,0.548,2
0.065,0,3.247,0.562,2
0.011,0,3.336,0.755,15
0.029,0,1.764,0.465,2
0.005,0,1.383,0.478,9
0.039,0,3.38,1.231,3
0.028,0,2.162,0.534,2
0.015,0,2.57,0.605,2
0.113,0,1.372,0.789,3
0.087,0,2.626,0.569,28
0.007,0,2.437,0.42,5
0.031,0,2.517,0.716,3
0.016,0,3.278,1.172,23
0.03,0,2.249,0.599,34
0.038,0,3.82,1.272,2
0.004,0,1.32,0.506,16
0.019,0,1.9,0.451,4
0.009,0,2.52,0.721,2
0.035,0,1.831,0.716,4
0.026,0,2.367,0.711,25
0.005,0,0.985,0.2,4
0.008,0,0.598,0.2,3
0.007,0,0.787,0.2,3
0.014,0,1.194,0.2,12
0.005,0,1.495,0.2,5
0.008,0,1.887,0.489,9
0.026,0,2.328,0.592,7
0.029,0,1.667,0.838,2
0.027,0,1.794,0.537,2
0.013,0,1.336,0.563,2
0.075,0,2.903,1.098,2
0.033,0,1.468,0.685,2
0.025,0,1.485,0.74,7
0.029,0,1.535,0.626,2
0.031,0,1.399,0.618,2
0.006,0,0.766,0.51,2
0.006,0,9.35,8.354,2
0.003,0,0.687,0.464,3
0.016,0,2.413,0.927,10
0.002,0,1.036,0.614,2
0.026,0,3.224,1.238,62
0.005,0,1.207,1.022,2
0.035,0,2.442,1.837,17
0.039,0,1.56,0.421,14
0.006,0,2.339,2.193,15
0.127,0,2.417,0.2,6
0.011,0,1.599,0.278,59
0.007,0,1.413,0.306,12
0.026,0,1.318,0.352,14
0.001,0,0.556,0.55,11.7
0.004,0,1.019,1.01,163
0.008,0,0.691,0.43,4.1
0.02,0,1.706,1.406,14
0.019,0,1.584,1.225,34.5
0.012,0,0.457,0.28,4.1
0.005,0,0.565,0.44,9
0.024,0,1.286,0.542,3
0.017,0,0.923,0.55,4.1
0.019,0,1.245,1.046,7.3
0.02,0,1.93,0.65,6.7
0.011,0,0.723,0.43,4.9
0.069,0,4.415,1.126,19
0.025,0,2.375,0.8,7.6
0.007,0,0.929,0.252,8
0.021,0,1.208,0.817,12.6
0.077,0,1.329,0.232,24
0.024,0,1.887,0.91,34.3
0.009,0,0.503,0.29,17.3
0.021,0,0.971,0.2,12
0.013,0,1.043,0.2,9
0.012,0,1.078,0.53,3.2
0.006,0,1.074,0.41,11
0.012,0,0.899,0.757,16.5
0.158,0,3.038,0.64,2
0.065,0,1.882,0.897,5.2
0.001,0,0.302,0.261,28
0.003,0,0.57,0.31,4.7
0.004,0,0.608,0.59,11.6
0.004,0,0.454,0.2,2
0.004,0,0.311,0.18,10.9
0.004,0,0.749,0.63,58.3
0.013,0,0.853,0.2,13
0.009,0,0.839,0.65,18
0.013,0,0.803,0.2,6
0.011,0,1.338,0.957,5.3
0.249,0,3.647,1.068,25
0.017,0,1.229,0.432,3
0.007,0,0.712,0.495,4
0.001,0,0.281,0.2,5
0.036,0,1.685,0.419,2
0.007,0,0.912,0.51,4.6
0.017,0,1.47,0.713,32
0.005,0,0.563,0.44,8.4
0.008,0,1.518,1.09,24.9
0.015,0,1.301,1.056,24
0.002,0,0.852,0.64,6
0.011,0,1.244,0.703,14
0.01,0,0.712,0.47,7.5
0.006,0,1.112,0.76,96.9
0.01,0,0.969,0.47,9.4
0.013,0,1.267,0.67,5.9
0.004,0,1.009,0.4,6.7
0.006,0,0.567,0.38,9
0.015,0,1.833,0.368,3
0.021,0,2.044,1.273,16.9
0.003,0,1.044,0.421,9
0.006,0,1.142,0.726,7.9
0.037,0,2.766,1.579,6.8
0.009,0,1.036,0.63,18.4
0.003,0,1.115,0.93,3.4
0.015,0,1.855,0.63,3.5
0.016,0,1.253,0.797,23
0.005,0,0.446,0.3,8
0.015,0,3.735,0.98,3.2
0.045,0,2.799,0.974,8
0.018,0,1.382,0.614,70
0.01,0,1.71,0.73,84
0.004,0,1.484,1.1,190
0.015,0,2.115,0.85,17.4
0.011,0,0.955,0.43,12.7
0.022,0,1.892,0.53,2
0.014,0,4.254,0.61,5.9
0.011,0,2.571,0.82,19
0.026,0,1.958,0.562,11
0.006,0,1.239,0.583,8
0.007,0,1.337,0.82,7.7
0.014,0,2.594,0.63,17.9
0.009,0,0.817,0.44,6.9
0.018,0,2.158,0.47,6.9
0.035,0,2.465,0.84,37.3
0.005,0,2.355,0.41,2
0.393,0,2.943,0.36,4
0.728,0,3.218,1.03,4.7
0.679,0,3.787,0.978,2
0.013,0,2.413,0.43,4.3
0.002,0,1.142,0.43,7
0.007,0,1.067,0.52,15
0.016,0,2.766,0.73,26
0.018,0,2.788,0.85,23
0.063,0,1.383,0.58,63
0.054,0,1.314,0.63,22
0.006,0,1.066,0.56,10
0.014,0,3.124,0.47,8
0.023,0,2.093,0.71,9
0.892,0,2.852,1.1,8
0.013,0,2.163,0.53,60
0.053,0,2.683,1,14
0.005,0,2.285,0.67,67
0.051,0,2.821,0.93,64
0.009,0,2.369,0.39,16
0.061,0,1.251,1.12,11
0.043,0,2.053,0.37,9
0.007,0,1.067,0.12,6
0.04,0,1.9,0.24,10
0.002,0,0.412,0.1,2
0.002,0,0.862,0.2,51
0.33,0,2.8,0.27,2
0.004,0,0.774,0.18,12
0.036,0,1.756,0.39,5
0.037,0,2.277,0.38,8
0.131,0,3.991,1.47,6
0.14,0,2.43,0.51,2
0.839,0,2.919,0.36,3
0.164,0,2.484,0.74,4
0.003,0,1.583,0.1,4
0.021,0,2.041,0.38,14
0.002,0,1.982,0.27,7
0.004,0,0.634,0.34,11
0.005,0,1.235,0.53,2
0.093,0,2.903,1.43,2
0.038,0,1.868,0.7,3
0.006,0,1.386,0.39,12
0.011,0,1.061,0.48,2
0.023,0,1.613,0.61,4
0.194,0,2.454,1.91,3
0.066,0,2.026,1.92,18
0.306,0,5.526,1.32,2
0.156,0,2.216,1.17,3
0.0008,0,0.9128,0.91,8
0.006,0,1.556,0.4,16
0.2,0,2.13,1.42,22
0.019,0,1.829,0.45,10
0.124,0,2.164,0.62,15
0.017,0,2.317,0.6,12
0.036,0,3.396,0.93,6
0.018,0,1.318,0.6,3
0.01,0,1.49,0.57,4
0.029,0,1.549,0.59,3
0.008,0,1.178,0.52,7
0.038,0,2.448,0.77,14
0.083,0,4.143,2.46,282
0.052,0,2.422,0.9,3
0.085,0,3.645,2.23,276
0.072,0,3.672,1.74,58
0.126,0,2.556,1.03,2
0.019,0,2.279,0.43,36
0.013,0,2.733,0.55,7
0.016,0,2.796,0.64,32
0.037,0,2.217,0.46,2
0.009,0,0.909,0.57,10.7
0.017,0,1.707,1.14,13.5
0.017,0,1.797,1.14,74
0.017,0,1.108,0.72,46.4
0.042,0,2.142,1.11,20
0.011,0,0.902,0.61,72.6
0.007,0,1.067,0.81,31
0.045,0,2.225,1.35,35
0.06,0,2.191,1.16,6.9
0.041,0,2.381,0.95,4
0.11,0,2.8,1.7,10.7
0.038,0,1.571,0.8,11.6
0.013,0,1.543,0.47,2
0.005,0,1.355,0.63,11
0.024,0,2.302,1.49,34.1
0.035,0,1.945,0.71,7
0.045,0,1.995,1.08,33
0.03,0,1.136,0.71,40.8
0.004,0,0.594,0.42,2
0.025,0,1.315,0.71,10
0.014,0,1.114,0.77,16
0.019,0,0.488,0.3,5.6
0.033,0,1.339,0.7,3.9
0.016,0,0.74,0.49,6.7
0.004,0,1.154,1.1,33
0.019,0,0.902,0.55,3.3
0.024,0,1.158,0.44,5.1
0.085,0,2.415,1.61,6.8
0.013,0,1.203,0.5,11
0.037,0,1.807,1.38,16.5
0.064,0,2.724,1.02,5
0.018,0,1.238,0.54,2
0.181,0,2.641,0.88,45
0.0009,0,16.1709,0.87,17
0.008,0,0.778,0.56,9
0.1,0,2.04,1.4,16.7
0.008,0,0.985,0.46,8.1
0.0009,0,14.9109,0.71,8
0.011,0,0.514,0.33,14.7
0.074,0,1.634,1.06,16.7
0.209,0,2.489,1.69,85
0.008,0,0.782,0.39,4.9
0.027,0,1.456,0.86,10.6
0.04,0,1.944,1.32,90.5
0.004,0,1.114,0.98,16
0.093,0,2.253,1,11
0.013,0,1.196,0.44,9.2
0.172,0,2.312,1.59,25.1
0.003,0,0.413,0.31,3
0.025,0,1.235,0.89,8.6
0.009,0,0.383,0.22,15.4
0.012,0,1.232,0.8,9
0.005,0,0.46,0.45,3.6
0.008,0,1.298,1.21,21
0.009,0,0.832,0.73,64.5
0.005,0,0.637,0.38,5.3
0.009,0,1.659,0.75,21
0.006,0,1.026,1.01,8.2
0.082,0,2.292,0.79,3
0.007,0,0.968,0.83,13.6
0.021,0,0.871,0.34,3
0.006,0,0.787,0.33,2.6
0.001,0,0.433,0.43,5
0.131,0,2.471,1.72,9.5
0.003,0,0.671,0.41,3.7
0.027,0,1.257,0.73,15
0.008,0,1.016,0.82,86.7
0.006,0,0.622,0.39,5.8
0.012,0,1.302,1.23,37
0.008,0,0.382,0.21,11.5
0.019,0,1.249,0.85,10.8
0.652,0,17.442,0.59,22
0.0009,0,0.3329,0.33,7
0.017,0,1.817,1.64,23
0.05,0,2.16,1.35,3.5
0.034,0,1.304,0.48,5
0.005,0,0.676,0.51,4.2
0.098,0,2.358,0.9,3
0.006,0,0.898,0.39,6.8
0.001,0,0.401,0.39,7
0.004,0,0.824,0.76,6
0.003,0,0.633,0.52,2
0.006,0,156.446,0.44,6.3
0.019,0,1.989,1.45,4
0.008,0,0.813,0.63,13.5
0.008,0,0.96,0.77,37.8
0.011,0,1.201,1.03,22
0.003,0,0.616,0.29,1.4
0.01,0,1.28,0.89,30.7
0.094,0,6.054,5.14,330
0.027,0,1.533,1.07,29.6
0.0009,0,0.2429,0.24,10
0.08,0,2.8,1.76,46
0.162,0,2.992,1.63,25
0.007,0,0.87,0.4,4.5
0.033,0,1.683,1.28,19.6
0.007,0,1.547,1.02,9.6
0.005,0,0.915,0.74,36
0.027,0,1.644,1.19,118
0.013,0,0.723,0.44,10.4
0.007,0,1.757,1.39,38
0.019,0,1.229,0.83,8.8
0.039,0,0.745,0.16,111
0.02,0,1.21,0.78,13
0.017,0,1.087,0.64,9
0.061,0,1.791,0.96,49
0.048,0,1.908,1.01,8
0.041,0,1.921,1.49,10.2
0.002,0,0.765,0.27,2
0.001,0,0.451,0.41,7
0.07,0,1.62,0.82,4
0.005,0,0.965,0.38,3
0.019,0,1.509,0.6,12
0.007,0,1.117,0.67,11
0.171,0,2.791,1.68,75.8
0.052,0,1.962,0.74,12
1.65,0,4.1,1,19
0.051,0,2.001,0.88,110
0.078,0,1.678,0.54,15
0.069,0,2.249,0.94,23
0.035,0,1.905,0.74,24
0.023,0,1.583,0.67,6
0.044,0,1.944,0.74,10
0.005,0,1.145,0.4,8
0.008,0,0.718,0.44,4
0.093,0,2.113,0.83,13
0.079,0,1.629,1.13,38
0.03,0,1.65,0.58,3
0.006,0,1.106,0.53,5
0.008,0,1.648,0.54,3
0.055,0,1.975,0.68,5
0.06,0,4.23,0.72,13
0.009,0,1.509,0.45,4
0.052,0,2.912,1.25,4
0.847,0,2.897,1.12,3
0.145,0,2.535,0.81,6
0.175,0,1.685,0.6,3
0.246,0,2.166,0.61,10
0.006,0,1.366,0.47,3
0.012,0,1.572,0.5,9
0.112,0,8.202,0.87,14
0.007,0,0.847,0.24,11
0.006,0,1.156,0.49,3
0.049,0,4.709,0.6,5
0.077,0,3.077,0.94,59
0.109,0,4.069,2.41,320
0.058,0,3.148,1.78,95
0.05,0,2.85,1.64,149
0.12,0,3.52,1.83,139
0.1,0,3.69,1.52,62
0.084,0,2.314,0.9,12
0.021,0,4.821,0.98,4
0.036,0,4.246,1.1,8
0.04,0,2.93,1.11,25
0.006,0,0.896,0.08,5
0.032,0,3.652,0.08,9
0.006,0,0.706,0.08,2
0.004,0,0.894,0.08,4
0.024,0,3.664,0.08,2
0.047,0,4.187,0.08,2
0.007,0,1.247,0.08,8
0.076,0,1.536,0.11,11
0.043,0,1.293,0.08,5
0.13,0,1.44,0.08,10
0.089,0,1.829,0.08,7
0.244,0,2.054,0.08,28
0.02,0,2.28,0.08,35
0.007,0,3.847,0.08,5
0.094,0,1.964,0.08,4
0.007,0,2.377,0.08,2
0.011,0,0.823,0.56,9.8
0.021,0,1.821,0.53,3
0.005,0,0.755,0.42,2.6
0.003,0,0.424,0.33,10.2
0.009,0,0.949,0.44,17.2
0.153,0,4.113,3.35,840
0.07,0,3.949,2.88,349
0.035,0,1.425,0.79,20.1
0.006,0,1.175,0.4,2.2
0.011,0,0.938,0.54,5.9
0.005,0,0.355,0.25,2.2
0.005,0,0.679,0.45,2.7
0.011,0,0.903,0.49,8.6
0.006,0,0.886,0.36,6.2
0.032,0,1.292,0.59,19.1
0.005,0,0.978,0.35,1.7
0.011,0,0.962,0.52,1.9
0.113,0,1.763,0.75,5.7
0.018,0,1.297,0.66,59.4
0.009,0,0.808,0.67,13
0.011,0,0.861,0.41,8.5
0.012,0,0.548,0.38,6.7
0.136,0,1.706,0.9,26.5
0.012,0,0.806,0.61,4.3
0.014,0,1.319,0.56,6.2
0.068,0,1.198,0.51,22.9
0.035,0,2.895,2.37,33.9
0.088,0,1.778,1.34,105
0.032,0,4.472,3.75,71.3
0.032,0,2.402,1.1,75.8
0.006,0,0.996,0.82,7.8
0.008,0,0.638,0.46,9.7
0.036,0,1.256,0.83,19
0.0009,0,2.5109,1.29,15
0.057,0,1.927,1,62
0.0319,0,2.6919,1.83,23.6
0.016,0,1.391,0.69,10.3
0.055,0,1.525,0.97,36
0.012,0,1.172,0.58,19
0.061,0,26.731,25,803
0.067,0,18.377,17.8,97.1
0.004,0,1.164,0.8,7
0.003,0,0.587,0.44,3.3
0.005,0,0.454,0.29,7.1
0.003,0,0.583,0.55,10
0.025,0,1.885,1.41,11
0.005,0,1.058,0.7,13.7
0.012,0,2.022,1,11.9
0.008,0,1.318,0.96,4.3
0.055,0,1.995,1.46,28.4
0.018,0,1.428,0.84,8
0.099,0,2.889,1.13,2
0.018,0,1.042,0.58,15.4
0.012,0,1.182,0.55,11
0.011,0,1.261,1.22,18.1
0.013,0,1.363,0.74,6
0.0009,0,0.8109,0.79,10
0.006,0,0.918,0.44,1.9
0.009,0,1.849,1.42,246
0.017,0,1.517,1.16,62
0.041,0,2.931,1.6,127
0.027,0,2.267,1.53,81.6
0.013,0,2.443,2.16,116.4
0.018,0,1.547,1.03,61.1
0.008,0,1.453,1.4,93.2
0.005,0,1.555,1.02,9
0.019,0,2.179,1.04,3
0.007,0,1.757,0.69,4.9
0.032,0,2.322,1.61,30.4
0.012,0,1.032,0.51,3.9
0.006,0,0.303,0.18,4.1
0.005,0,0.464,0.39,0.9
0.006,0,0.487,0.38,6.5
0.003,0,0.203,0.1,2
0.009,0,0.659,0.64,15
0.008,0,0.706,0.38,1.3
0.049,0,1.599,1.13,7.9
0.01,0,0.54,0.08,3
0.009,0,0.599,0.25,3
0.055,0,2.245,0.8,4
0.008,0,0.632,0.45,2
0.014,0,1.874,0.69,3.8
0.017,0,0.947,0.4,5
0.005,0,1.185,0.39,8
0.032,0,1.522,1.03,25.4
0.022,0,2.732,0.99,57.4
0.014,0,1.384,1.01,12.4
0.017,0,2.017,1.19,93
0.005,0,0.611,0.47,5
0.055,0,7.495,1.93,45.7
0.028,0,3.378,1.58,65
0.044,0,4.584,1.47,34.4
0.035,0,3.515,0.82,19.8
0.025,0,0.995,0.08,16
0.053,0,2.543,0.95,7
0.055,0,2.405,1.57,18.4
0.023,0,1.053,0.08,10
0.014,0,2.244,0.42,9
0.014,0,3.104,0.68,10.1
0.048,0,2.378,0.42,5
0.053,0,2.693,1.37,26.3
0.018,0,1.098,0.41,4
0.034,0,3.294,0.88,5
0.03,0,2.39,0.8,7
0.011,0,0.861,0.48,6
0.008,0,1.078,0.56,4
0.005,0,1.305,0.51,3
0.061,0,2.341,0.95,20
0.05,0,2.07,1.26,79
0.034,0,1.894,1.36,184
0.05,0,2.16,1.56,148
0.039,0,2.029,1.27,110
0.027,0,1.947,1.21,94
0.035,0,2.155,0.83,24
0.022,0,2.332,0.98,77
0.022,0,4.282,1.19,16
0.013,0,2.703,0.78,101
0.009,0,1.229,0.55,4
0.024,0,1.844,0.7,3
0.022,0,1.922,0.82,4
0.02,0,1.7,0.65,8
0.063,0,2.663,0.65,2
0.006,0,1.216,0.57,6
0.008,0,0.778,0.46,8
0.043,0,10.093,1.71,7
0.047,0,1.847,0.7,2
0.024,0,1.604,0.6,6
0.012,0,1.552,0.7,2
0.08,0,3.13,2.11,9
0.007,0,1.657,0.29,2
0.013,0,1.603,0.28,2
0.014,0,1.934,0.44,4
0.028,0,2.018,0.67,3
0.033,0,3.243,0.78,5
0.016,0,1.806,0.12,10
0.006,0,1.496,0.72,3
0.004,0,1.094,0.64,5
0.017,0,2.347,0.48,5
0.003,0,1.703,0.76,2
0.004,0,1.514,0.74,4
0.008,0,2.118,0.85,6
0.038,0,2.898,1.48,2
0.01,0,1.76,0.78,5
0.037,0,5.287,3.29,7
0.058,0,2.358,0.81,19
0.04,0,2.92,1.16,9
0.002,0,1.962,0.54,26
0.005,0,2.025,0.59,2
0.009,0,2.309,0.76,226
0.001,0,1.131,0.54,29
0.0009,0,2.0209,0.77,6
0.002,0,0.812,0.5,8
0.009,0,1.839,0.92,18
0.006,0,1.846,0.85,28
0.001,0,1.181,0.67,6
0.002,0,1.192,0.47,8
0.019,0,2.959,1.13,4
0.0009,0,1.2909,0.74,13
0.0009,0,1.1409,0.39,8
0.004,0,2.224,1.2,6
0.015,0,1.645,0.88,2
0.003,0,1.793,0.55,8
0.055,0,3.135,1.33,8
0.005,0,2.015,0.7,24
0.007,0,1.697,0.74,16
0.011,0,0.951,0.47,54
0.016,0,1.34,0.74,28.1
0.002,0,0.592,0.21,38
0.004,0,1.115,0.5,15.6
0.007,0,0.841,0.5,16.9
0.027,0,2.017,0.68,11.6
0.005,0,0.769,0.45,5.6
0.047,0,1.597,0.55,3.7
0.028,0,1.586,0.59,3.8
0.025,0,2.075,0.53,4
0.01,0,1.03,0.29,7
0.005,0,1.215,0.18,7
0.01,0,2.28,0.27,4
0.013,0,1.583,0.51,10
0.002,0,1.892,0.62,8
0.005,0,1.695,0.46,3
0.009,0,1.209,1.17,37
0.012,0,0.929,0.52,2.1
0.023,0,1.407,0.78,2.7
0.008,0,1.137,0.47,6
0.007,0,0.485,0.34,2.4
0.018,0,1.131,0.74,22.7
0.005,0,0.645,0.51,6
0.027,0,1.497,0.68,10
0.011,0,2.121,1.57,11
0.02,0,1.361,0.72,4.7
0.04,0,1.697,0.72,5.1
0.075,0,3.455,1.62,9
0.005,0,0.546,0.53,33
0.033,0,2.523,1.56,92
0.009,0,1.463,0.5,2.3
0.028,0,2.411,1.85,519
0.023,0,1.043,0.57,1.9
0.014,0,1.05,0.58,13.4
0.007,0,0.755,0.35,6.9
0.022,0,1.46,1.14,75.5
0.015,0,1.033,0.68,21.8
0.014,0,0.698,0.47,23.4
0.008,0,0.725,0.54,9.3
0.05,0,1.77,0.44,8.2
0.028,0,1.076,0.48,11.4
0.019,0,1.779,0.57,5.6
0.019,0,2.369,0.57,11.1
0.085,0,2.945,0.84,7.5
0.019,0,1.13,0.53,6.2
0.163,0,2.823,0.96,2.6
0.01,0,0.546,0.34,3.1
0.025,0,0.967,0.51,6.6
0.033,0,1.46,0.55,22.4
0.053,0,1.285,0.6,4.5
0.017,0,0.646,0.52,31.3
0.004,0,0.504,0.49,4.8
0.007,0,0.8,0.34,2.2
0.005,0,0.455,0.35,3.7
0.004,0,1.934,1.92,139
0.008,0,0.31,0.17,13.4
0.003,0,0.462,0.3,3.7
0.019,0,1.044,0.33,3.6
0.006,0,0.909,0.34,3.4
0.008,0,0.478,0.38,5.2
0.002,0,0.483,0.44,6.2
0.194,0,3.374,1.38,4.8
0.065,0,3.505,1.13,9
0.006,0,1.028,0.96,5.6
0.018,0,1.111,0.79,14.8
0.009,0,1.03,0.52,5.8
0.02,0,0.79,0.45,6.3
0.014,0,1.625,0.96,111
0.01,0,0.929,0.65,9.3
0.14,0,2.38,0.62,2.1
0.021,0,1.475,0.52,16
0.008,0,1.148,0.41,5.1
0.014,0,1.641,1.25,27.5
0.003,0,0.582,0.42,5.5
0.022,0,1.258,0.43,3.6
0.006,0,0.75,0.45,2.7
0.001,0,0.936,0.925,7.3
0.069,0,2.789,0.37,3.2
0.012,0,1.072,0.32,7.6
0.004,0,1.027,0.42,5.5
0.001,0,0.561,0.44,5.4
0.003,0,0.419,0.29,2.4
0.008,0,0.795,0.46,17.1
0.004,0,0.926,0.78,5.1
0.008,0,0.836,0.4,1.9
0.004,0,0.59,0.22,1.1
0.006,0,0.384,0.24,9.8
0.021,0,1.485,0.73,16.9
0.003,0,0.928,0.91,17.1
0.009,0,0.83,0.29,1.7
0.002,0,0.938,0.3,47.1
0.013,0,1.399,0.48,4.1
0.001,0,0.486,0.48,4.1
0.007,0,0.693,0.45,3.5
0.015,0,0.707,0.26,3.8
0.014,0,1.292,0.69,6
0.131,0,3.001,1.06,4.7
0.02,0,1.324,0.77,4.1
0.121,0,3.911,1.38,8
0.004,0,0.811,0.39,4
0.003,0,0.597,0.46,5.7
0.005,0,0.655,0.42,8.1
0.008,0,0.989,0.83,44.3
0.004,0,0.783,0.44,5.9
0.003,0,0.497,0.41,5.1
0.004,0,0.428,0.31,3.2
0.009,0,0.967,0.45,4.5
0.027,0,1.387,0.34,4.9
0.007,0,1.166,0.45,3.2
0.004,0,0.988,0.43,3.4
0.011,0,0.978,0.47,6.3
0.039,0,2.769,0.79,4.6
0.014,0,1.065,0.52,4.4
0.042,0,1.932,0.68,1.5
0.01,0,0.968,0.51,16.5
0.008,0,0.817,0.48,4.7
0.007,0,0.95,0.42,3.2
0.003,0,0.515,0.39,3.6
0.01,0,1.09,0.97,15.3
0.011,0,0.775,0.36,5.5
0.007,0,0.963,0.27,12.8
0.008,0,0.366,0.17,8.1
0.01,0,0.973,0.39,3.2
0.004,0,0.632,0.39,2.4
0.003,0,0.451,0.37,49.7
0.005,0,1.143,0.37,3.1
0.01,0,0.921,0.33,10.9
0.008,0,1.218,0.32,17.1
0.018,0,1.368,0.32,2.9
0.009,0,0.907,0.4,13.7
0.019,0,1.056,0.34,5.3
0.056,0,2.936,0.83,8.4
0.013,0,0.809,0.31,1.9
0.01,0,0.626,0.32,7.7
0.083,0,2.643,0.3,2
0.049,0,2.719,0.86,33.2
0.043,0,2.933,1.5,14.5
0.037,0,1.817,0.66,24.5
0.024,0,1.723,0.76,32.1
0.054,0,1.964,0.88,49.7
0.005,0,1.123,0.4,4.8
0.026,0,1.666,0.52,22.6
0.007,0,0.693,0.41,10.5
0.005,0,0.96,0.4,5.2
0.016,0,1.476,0.39,5.5
0.016,0,2.446,0.47,4.1
0.015,0,1.456,0.57,8.8
0.009,0,1.409,0.54,5.5
0.006,0,0.965,0.44,3.8
0.017,0,1.647,0.44,5.5
0.006,0,1.696,0.42,2.7
0.006,0,1.736,0.43,2.7
0.015,0,2.035,0.38,2.3
0.019,0,1.434,0.55,18
0.006,0,1.416,0.34,9.3
0.001,0,1.531,0.33,13
0.025,0,1.19,0.33,4.6
0.007,0,1.391,0.4,1.8
0.036,0,1.616,0.43,2.5
0.005,0,1.28,0.39,5.6
0.007,0,1.305,0.41,5.3
0.044,0,1.874,0.77,21.4
0.009,0,1.237,0.55,3.2
0.098,0,1.291,0.41,15.1
0.014,0,1.734,0.35,0.9
0.009,0,1.149,0.54,3.2
0.106,0,3.776,1.15,8
0.008,0,0.868,0.39,4.5
0.061,0,3.131,1.3,6.3
0.009,0,0.731,0.43,17.5
0.006,0,1.099,0.45,8.3
0.02,0,1.342,0.39,0.9
0.007,0,1.254,0.31,4.6
0.009,0,0.651,0.34,12
0.008,0,1.032,0.44,2.6
0.006,0,1.115,0.42,8.7
0.009,0,1.051,0.37,4
0.019,0,1.267,0.45,4.2
0.008,0,0.779,0.32,2.9
0.038,0,1.236,0.39,3.6
0.003,0,1.277,0.29,0.9
0.029,0,1.609,0.5,6.9
0.013,0,1.473,0.36,21.7
0.004,0,1.354,0.29,6.5
0.108,0,5.188,3.9,8.3
0.072,0,3.752,1.35,14.4
0.033,0,1.673,0.62,9.2
0.094,0,1.934,0.73,9.1
0.105,0,3.165,1.58,11
0.002,0,1.056,0.47,14.1
0.01,0,2.07,0.59,9.5
0.005,0,1.09,0.53,11.4
0.006,0,1.21,0.74,87.7
0.004,0,1.089,0.53,36.8
0.011,0,1.45,0.44,5.6
0.01,0,1.344,0.41,6.1
0.01,0,2.72,0.56,2.9
0.017,0,2.017,0.77,31.4
0.007,0,2.067,0.48,8.9
0.036,0,1.761,0.98,238
0.016,0,1.3,0.6,116
0.008,0,2.008,0.56,155
0.033,0,1.578,0.75,37.6
0.041,0,1.991,0.67,7.7
0.016,0,1.171,0.6,37
0.033,0,1.442,0.51,6.5
0.042,0,1.283,0.59,12
0.013,0,1.288,0.41,5.1
0.016,0,1.556,0.22,5.3
0.012,0,1.364,0.51,5.2
0.006,0,1.546,0.49,4.8
0.005,0,1.665,0.41,13.8
0.011,0,1.279,0.48,7.6
0.022,0,2.162,0.86,60.5
0.003,0,0.824,0.38,6.4
0.026,0,1.534,0.58,5.8
0.008,0,1.499,0.57,6.1
0.012,0,1.105,0.61,25.4
0.021,0,0.82,0.39,4.4
0.002,0,0.488,0.28,10
0.004,0,0.776,0.48,10.3
0.004,0,0.593,0.4,12.3
0.07,0,2.85,0.74,2.1
0.013,0,2.213,0.62,4.3
0.017,0,1.342,0.51,3.5
0.013,0,1.162,0.48,2.6
0.03,0,1.44,0.36,1.5
0.013,0,1.305,0.67,4.1
0.004,0,0.887,0.28,3.6
0.015,0,1.017,0.55,4.4
0.027,0,1.595,0.85,6.5
0.078,0,4.418,2.25,4
0.021,0,1.871,0.65,2
0.007,0,0.79,0.46,5
0.029,0,2.099,0.78,6.7
0.012,0,0.971,0.56,6.2
0.008,0,0.575,0.31,4.1
0.024,0,3.194,0.99,2
0.02,0,1.95,0.71,8
0.001,0,0.559,0.45,3.8
0.006,0,0.809,0.43,4.7
0.061,0,2.741,0.97,3.9
0.026,0,1.337,0.56,3.4
0.01,0,0.866,0.47,4.8
0.008,0,0.73,0.37,3.4
0.021,0,2.721,0.85,28.9
0.014,0,0.51,0.24,40.7
0.059,0,3.369,1.01,10.4
0.003,0,0.66,0.51,7.6
0.015,0,2.035,0.71,2.7
0.023,0,1.221,0.71,103
0.012,0,0.886,0.4,7.8
0.006,0,1.07,0.47,10.1
0.008,0,1.545,0.66,35.5
0.049,0,2.907,2.33,583
0.031,0,1.979,1.15,229
0.03,0,1.45,1,252
0.041,0,2.845,2.35,794
0.059,0,4.946,4.54,457
0.026,0,1.619,1.15,230
0.04,0,1.498,0.93,133
0.007,0,0.7,0.4,3.8
0.009,0,0.944,0.49,3.4
0.016,0,1.103,0.68,28.7
0.01,0,0.5,0.49,7.4
0.008,0,0.455,0.28,8.5
0.103,0,1.323,1,8.5
0.008,0,0.584,0.5,4.9
0.003,0,0.673,0.66,17.5
0.001,0,0.51,0.49,6
0.016,0,1.118,0.61,5.2
0.007,0,1.075,0.55,7.6
0.008,0,0.72,0.45,6.6
0.009,0,0.59,0.45,10.6
0.007,0,0.977,0.51,7.2
0.054,0,2.564,0.7,15.2
0.013,0,1.108,0.5,18.5
0.117,0,2.387,1.01,2.5
0.007,0,0.639,0.53,4.2
0.01,0,0.791,0.36,5.1
0.013,0,0.891,0.63,38.8
0.014,0,1.098,0.65,28.5
0.013,0,1.353,1.25,46.3
0.005,0,1.055,0.91,99.8
0.014,0,1.3,0.825,90.5
0.008,0,0.711,0.46,7.9
0.011,0,0.962,0.42,5.6
0.011,0,1.431,0.39,2
0.009,0,1.417,0.6,5.6
0.005,0,0.918,0.57,14.3
0.015,0,1.203,0.67,27
0.006,0,1.022,0.64,8.6
0.003,0,0.518,0.31,8.3
0.006,0,0.851,0.72,29.4
0.015,0,1.051,0.53,23.2
0.004,0,1.031,0.49,2.1
0.008,0,0.935,0.53,2.6
0.017,0,0.973,0.54,19.4
0.025,0,2.425,0.57,9.4
0.01,0,1.186,0.5,10.7
0.009,0,0.671,0.36,8.2
0.002,0,0.508,0.37,6.4
0.01,0,0.406,0.22,2.6
0.005,0,0.885,0.81,12.4
0.007,0,0.84,0.47,2.9
0.007,0,0.804,0.36,1.8
0.005,0,0.692,0.4,9.9
0.003,0,0.536,0.29,5.6
0.003,0,1.298,0.37,5.6
0.008,0,0.634,0.37,9.8
0.003,0,0.689,0.63,10.8
0.015,0,1.305,0.77,15.1
0.006,0,0.991,0.43,4
0.002,0,0.483,0.4,2.9
0.002,0,0.592,0.43,3.6
0.007,0,1.191,0.43,0.9
0.06,0,2.178,1.3,54.7
0.043,0,1.71,1.05,57
0.036,0,1.665,1,73.4
0.032,0,1.62,0.95,74
0.039,0,1.728,1,86.1
0.037,0,1.766,1.1,96.8
0.053,0,2.633,1.55,227
0.006,0,0.367,0.23,2.9
0.004,0,0.584,0.46,7
0.011,0,3.171,1.06,4.3
0.005,0,0.69,0.42,2.7
0.013,0,1.182,0.86,34.3
0.006,0,0.831,0.57,14.7
0.005,0,0.717,0.34,3.6
0.011,0,1.116,0.58,6
0.006,0,0.95,0.41,3.1
0.005,0,1.372,0.62,3.9
0.009,0,1.151,0.33,1.1
0.007,0,1.152,0.44,0.9
0.004,0,0.991,0.45,3.4
0.009,0,0.944,0.63,8.6
0.007,0,0.873,0.41,2.7
0.003,0,0.505,0.26,4.3
0.009,0,0.704,0.42,5.7
0.013,0,1.189,0.52,1.4
0.011,0,0.961,0.4,1.7
0.007,0,0.806,0.44,1.5
0.033,0,1.633,0.74,4
0.008,0,0.808,0.37,0.9
0.066,0,2.056,0.67,2.3
0.008,0,0.81,0.39,3.6
0.006,0,0.469,0.27,4.9
0.003,0,0.854,0.31,6.3
0.006,0,1.222,0.55,10.9
0.003,0,0.765,0.59,6.1
0.015,0,1.634,0.87,26.5
0.008,0,2.748,0.51,3.5
0.007,0,1.747,0.48,8.2
0.008,0,1.818,0.51,3.6
0.014,0,1.138,0.43,12.7
0.003,0,0.707,0.41,11.9
0.009,0,1.619,0.49,2.5
0.016,0,1.243,0.53,11.5
0.012,0,1.554,0.6,8.9
0.005,0,1.279,0.47,2.9
0.012,0,0.919,0.36,3.5
0.012,0,1.122,0.45,4.1
0.009,0,0.987,0.46,9.4
0.009,0,1.689,0.47,3.6
0.034,0,2.654,0.71,5.1
0.031,0,2.041,0.76,3
0.012,0,1.183,0.4,3.5
0.011,0,0.917,0.35,2
0.007,0,1.063,0.72,4.1
0.006,0,1.026,0.47,6.1
0.005,0,1.051,0.34,3.5
0.015,0,1.735,0.58,7.7
0.011,0,1.791,0.47,3.8
0.014,0,2.814,0.25,3.2
0.007,0,1.112,0.5,40.4
0.007,0,2.207,0.39,3.5
0.028,0,1.888,0.3,2.1
0.007,0,2.117,0.39,2.2
0.014,0,2.284,0.46,4.7
0.007,0,1.667,0.41,12.1
0.015,0,1.785,0.43,6.2
0.016,0,1.706,0.41,5.4
0.005,0,0.977,0.45,49.7
0.008,0,1.728,0.39,2.7
0.023,0,1.433,0.4,6.7
0.013,0,1.543,0.41,5.2
0.021,0,1.531,0.37,3
0.083,0,5.003,3.2,3.3
0.013,0,1.373,0.47,2.7
0.052,0,2.772,0.95,4
0.026,0,1.734,0.72,7.5
0.013,0,1.573,0.41,2.5
0.011,0,1.931,0.21,2.4
0.007,0,1.347,0.31,4.5
0.007,0,1.153,0.36,7.8
0.011,0,1.531,0.37,3.6
0.005,0,0.475,0.21,4.4
0.006,0,0.919,0.34,5.8
0.06,0,1.58,0.36,5.1
0.02,0,1.74,0.44,5.9
0.006,0,0.696,0.18,5.9
0.007,0,1.747,0.29,2.9
0.016,0,1.547,0.59,27.3
0.013,0,1.623,0.36,8.8
0.02,0,1.72,0.42,15.9
0.006,0,1.686,0.28,5
0.007,0,1.297,0.25,1.8
0.09,0,1.69,0.59,1.7
0.081,0,3.801,2.32,9.8
0.198,0,5.568,4.1,7
0.149,0,1.794,0.65,4.2
0.056,0,1.566,0.4,2.9
0.155,0,4.945,3.75,7.7
0.03,0,1.294,0.38,2.4
0.018,0,1.648,0.72,5.1
0.007,0,1.233,0.45,10.8
0.023,0,2.573,0.91,8.5
0.008,0,1.219,0.46,4.1
0.021,0,2.621,0.76,7.8
0.018,0,1.848,0.65,6.3
0.027,0,3.387,0.79,5.7
0.011,0,1.881,0.4,4.7
0.011,0,2.331,0.45,12.9
0.01,0,2.42,0.41,4.5
0.051,0,2.221,0.46,5
0.009,0,2.229,0.4,2.2
0.017,0,2.467,0.53,13.3
0.026,0,2.246,0.57,19.3
0.025,0,2.405,0.59,19.1
0.006,0,1.045,0.41,53.9
0.094,0,2.304,0.76,4.8
0.109,0,4.219,2.8,12.5
0.025,0,1.625,0.43,3.8
0.037,0,1.787,0.4,4.5
0.062,0,3.522,1.69,6.1
0.023,0,1.873,0.68,6.3
0.04,0,2.4,0.56,8.4
0.022,0,2.322,0.69,19.4
0.017,0,2.587,0.71,31.3
0.01,0,1.76,0.71,146
0.016,0,3.426,0.63,10.6
0.008,0,1.235,0.53,24.6
0.005,0,0.985,0.43,15.9
0.008,0,1.019,0.49,13.6
0.018,0,2.108,0.45,25.2
0.011,0,2.741,0.45,8.9
0.005,0,1.215,0.4,30
0.007,0,2.007,0.56,22.3
0.008,0,2.518,0.41,12.1
0.011,0,2.451,0.45,18.5
0.009,0,2.439,0.42,27.4
0.018,0,2.348,0.42,6.8
0.026,0,2.386,0.36,2
0.063,0,1.549,0.64,10.2
0.047,0,2.479,0.572,10.2
0.037,0,2.507,0.61,8.6
0.022,0,1.742,0.3,5.8
0.016,0,1.816,0.4,9.3
0.015,0,1.581,0.65,62.7
0.141,0,3.091,1.46,16.6
0.004,0,0.536,0.45,8.4
0.014,0,1.904,0.74,5.2
0.004,0,0.839,0.45,16.5
0.004,0,0.542,0.38,5.8
0.004,0,0.364,0.35,7.6
0.011,0,0.961,0.37,27.2
0.011,0,1.396,0.75,14.3
0.003,0,1.323,0.38,2.1
0.007,0,2.067,0.48,17.6
0.013,0,1.297,0.49,18
0.004,0,1.684,0.39,4
0.004,0,1.574,0.37,9.8
0.021,0,2.391,0.36,4
0.007,0,1.283,0.43,2.9
0.011,0,1.187,0.21,5.7
0.003,0,0.816,0.28,13.3
0.048,0,3.136,2.5,359
0.02,0,1.696,1.15,97.3
0.024,0,1.543,0.82,131
0.038,0,2.001,1.05,112
0.04,0,2.287,1.7,298
0.021,0,1.852,1.1,160
0.038,0,2.987,2.2,421
0.014,0,1.259,0.78,32.7
0.006,0,0.799,0.61,15.1
0.041,0,3.851,1.09,11.6
0.004,0,0.97,0.69,35.8
0.008,0,1.72,1.06,171
0.033,0,3.223,1.11,23.5
0.049,0,3.339,1.62,71.2
0.018,0,1.838,0.81,98
0.024,0,2.14,1.5,198
0.02,0,2.1,0.79,140
0.015,0,1.845,0.77,24.8
0.01,0,2.23,0.68,88.9
0.011,0,2.101,0.72,13.1
0.014,0,2.474,0.68,12.2
0.003,0,0.71,0.44,19.6
0.01,0,1.65,0.65,5.8
0.054,0,3.684,1.95,207
0.026,0,1.54,0.93,83.1
0.028,0,1.58,0.94,94.7
0.032,0,2.432,1.36,198
0.037,0,1.82,0.88,46.4
0.016,0,1.38,0.65,48.2
0.027,0,1.887,0.82,69.6
0.008,0,0.671,0.37,3.1
0.034,0,1.602,1.24,10
0.01,0,0.76,0.38,3.9
0.005,0,0.784,0.43,5.9
0.015,0,0.755,0.59,3.9
0.012,0,0.358,0.21,6.4
0.01,0,1.058,0.68,34.6
0.016,0,1.066,0.44,14.4
0.033,0,1.743,0.59,6
0.005,0,0.661,0.38,33
0.006,0,0.911,0.58,4.4
0.012,0,0.606,0.49,4.1
0.013,0,1.163,0.92,40
0.003,0,0.637,0.51,6
0.013,0,1.468,0.54,4.7
0.024,0,1.36,0.92,11.6
0.042,0,1.548,0.95,141
0.036,0,1.947,1.35,117
0.053,0,1.715,1.1,131
0.079,0,3.366,2.6,392
0.038,0,1.505,0.9,54.1
0.05,0,1.937,1.29,127
0.035,0,2.362,1.67,206
0.003,0,0.622,0.59,2.6
0.01,0,0.406,0.21,20
0.002,0,0.439,0.28,4.9
0.008,0,0.745,0.33,2.5
0.012,0,0.786,0.38,5.9
0.011,0,1.091,0.95,11.3
0.004,0,0.756,0.73,39.7
0.005,0,0.821,0.71,20.5
0.005,0,1.154,0.45,5.6
0.006,0,0.772,0.44,6.4
0.01,0,1.179,0.39,36.4
0.001,0,0.518,0.46,4.8
0.001,0,0.43,0.32,30.9
0.001,0,0.477,0.47,23.8
0.004,0,0.445,0.43,5.3
0.008,0,0.344,0.18,2.2
0.013,0,0.986,0.62,41.1
0.114,0,2.174,0.51,7.6
0.014,0,0.792,0.44,4.1
0.012,0,1.096,0.47,21.2
0.303,0,4.753,3.3,6.7
0.014,0,0.865,0.51,3.2
0.01,0,0.988,0.5,8.6
0.004,0,0.725,0.35,5.4
0.021,0,1.142,0.68,62.8
0.01,0,1.002,0.95,30.4
0.009,0,0.363,0.16,5.5
0.017,0,1.084,0.49,14.1
0.005,0,0.678,0.41,10.5
0.008,0,0.783,0.31,3.4
0.005,0,0.775,0.29,5.9
0.005,0,0.436,0.41,22.1
0.011,0,1.234,0.4,11.1
0.002,0,1.009,0.36,5
0.006,0,0.639,0.53,22.7
0.001,0,0.362,0.35,12.2
0.007,0,1.055,0.81,46.4
0.001,0,0.382,0.35,5.4
0.001,0,0.289,0.21,10.3
0.019,0,1.101,0.46,7
0.067,0,2.117,0.89,8.2
0.005,0,0.898,0.47,4.7
0.008,0,0.516,0.38,6.4
0.111,0,3.481,2.5,14.1
0.011,0,0.603,0.39,6.8
0.007,0,0.688,0.3,2.4
0.006,0,0.521,0.45,23
0.007,0,0.787,0.35,2.3
0.003,0,0.483,0.24,2.2
0.006,0,0.516,0.5,4.3
0.002,0,0.643,0.63,10.2
0.011,0,0.327,0.18,3.9
0.009,0,0.719,0.59,14.6
0.001,0,0.302,0.29,23
0.009,0,1.165,0.45,16.4
0.02,0,1.153,0.74,38.2
0.008,0,1.134,0.47,14.6
0.021,0,1.154,0.58,19.1
0.003,0,0.841,0.54,58.3
0.009,0,1.038,0.85,35.6
0.001,0,0.373,0.35,26.4
0.011,0,1.104,0.57,10.6
0.011,0,0.871,0.51,3.6
0.011,0,0.695,0.43,43.8
0.013,0,0.999,0.53,9
0.04,0,1.422,0.56,6.4
0.083,0,2.884,1.96,13.4
0.011,0,0.994,0.63,10
0.017,0,3.487,0.81,7.2
0.006,0,0.889,0.47,7
0.038,0,3.318,1.01,32.9
0.009,0,0.786,0.39,10.3
0.005,0,0.727,0.41,7.7
0.013,0,2.063,0.73,10.9
0.006,0,0.867,0.56,8.1
0.009,0,1.596,0.7,62.9
0.021,0,1.911,0.69,40.4
0.016,0,1.81,1.01,54.3
0.018,0,2.038,0.94,92.6
0.007,0,1.206,0.87,86.7
0.015,0,1.036,0.39,18.6
0.02,0,1.303,0.66,44.5
0.023,0,1.725,0.94,106
0.011,0,1.343,0.65,12.3
0.04,0,3.29,0.99,34.6
0.024,0,1.366,0.56,21.9
0.062,0,2.262,0.83,18.8
0.031,0,1.791,0.54,10.1
0.044,0,1.944,0.8,17.5
0.035,0,2.965,1.26,109
0.002,0,0.361,0.24,1.8
0.006,0,0.985,0.28,1.8
0.008,0,0.423,0.19,1.6
0.009,0,1.172,0.8,15.8
0.004,0,0.872,0.39,2.9
0.009,0,0.863,0.34,3.9
0.006,0,1.304,0.48,1.3
0.004,0,1.04,0.35,2.8
0.006,0,1.198,0.47,5.5
0.005,0,1.082,0.41,32
0.02,0,1.254,0.62,26.9
0.009,0,1.091,0.52,16.4
0.016,0,0.85,0.44,31.1
0.009,0,1.429,0.54,16
0.005,0,0.594,0.28,16
0.01,0,1.173,0.54,21.9
0.024,0,1.416,0.42,4.7
0.024,0,1.004,0.36,6.4
0.013,0,0.957,0.44,7.8
0.023,0,0.95,0.4,2.9
0.294,0,1.308,0.44,4
0.066,0,2.225,1.41,16
0.015,0,0.963,0.42,9.3
0.004,0,1.091,0.45,6.2
0.004,0,1.311,0.43,10.3
0.002,0,1.07,0.37,3.8
0.007,0,3.227,0.56,5.8
0.006,0,0.984,0.39,6.8
0.01,0,4.21,0.53,4.2
0.012,0,3.062,0.62,9.6
0.004,0,2.254,0.36,28.2
0.006,0,2.176,0.44,6.8
0.001,0,0.804,0.24,7.2
0.015,0,2.195,0.22,1.4
0.01,0,2.26,0.38,3.2
0.006,0,2.336,0.34,6.7
0.005,0,1.755,0.31,3.1
0.014,0,2.044,0.4,8
0.005,0,2.495,0.35,4.4
0.034,0,2.733,0.679,2
0.06,0,3.2,1.84,6.5
0.019,0,1.429,0.3,4.6
0.008,0,1.608,0.49,10
0.047,0,2.077,0.54,123
0.011,0,1.801,0.34,4
0.02,0,2.17,0.44,3.1
0.052,0,2.112,0.82,323
0.02,0,1.097,0.38,6.4
0.022,0,1.422,0.39,13.4
0.042,0,2.592,0.77,31.8
0.019,0,0.705,0.34,20.4
0.039,0,2.169,0.7,32.6
0.022,0,1.384,0.59,15.8
0.031,0,2.051,0.89,36.9
0.031,0,1.971,0.85,102
0.022,0,1.802,0.76,26.6
0.025,0,1.655,0.55,24.4
0.021,0,1.226,0.66,40.4
0.048,0,1.654,0.7,18.6
0.029,0,1.809,0.74,98.5
0.031,0,2.011,0.85,113
0.041,0,1.871,0.75,30.5
0.145,0,3.315,1.76,34
0.041,0,1.778,0.77,34.4
0.038,0,2.62,1.59,12.8
0.066,0,1.841,0.82,80.9
0.029,0,1.815,0.85,39.1
0.044,0,1.511,0.56,13.8
0.062,0,2.942,1.28,8
0.008,0,1.088,0.16,5
0.019,0,1.869,0.41,3
0.003,0,0.673,0.29,3.4
0.01,0,1.453,0.5,3.4
0.002,0,1.376,0.38,1.8
0.002,0,1.122,0.27,2
0.004,0,0.947,0.34,2.6
0.005,0,1.605,0.36,55.2
0.007,0,1.557,0.31,8.6
0.003,0,1.573,0.34,3
0.009,0,1.499,0.34,6.2
0.022,0,1.432,0.38,12.9
0.004,0,1.614,0.3,8.6
0.002,0,0.896,0.3,5.8
0.018,0,1.528,0.21,6.3
0.054,0,1.974,0.38,10.4
0.047,0,1.285,0.48,3
0.049,0,2.469,0.74,1.7
0.028,0,2.718,1.69,9.8
0.036,0,1.436,0.35,11.8
0.016,0,1.232,0.51,13.4
0.044,0,1.511,0.51,18.8
0.12,0,3.06,1.67,5.3
0.007,0,0.798,0.44,9.8
0.009,0,1.557,0.73,12.7
0.019,0,2.309,0.83,20.5
0.003,0,0.827,0.39,8.8
0.003,0,0.816,0.47,20.2
0.004,0,0.93,0.46,9
0.019,0,1.85,0.92,51.4
0.017,0,1.488,0.58,12.4
0.004,0,0.872,0.43,25.8
0.027,0,1.737,0.38,4.4
0.007,0,1.507,0.42,6.2
0.009,0,1.689,0.43,6.6
0.008,0,1.354,0.47,6.2
0.004,0,1.203,0.41,3.2
0.008,0,1.415,0.54,14.2
0.012,0,1.55,0.55,8.8
0.017,0,0.917,0.38,5.8
0.014,0,1.134,0.49,17.6
0.036,0,1.816,0.9,21.2
0.097,0,2.967,1.73,4.2
0.037,0,1.811,1.21,49.3
0.052,0,2.372,1.08,9.2
0.014,0,0.849,0.49,7.9
0.006,0,0.459,0.32,14.8
0.004,0,0.71,0.51,19.5
0.019,0,0.816,0.43,8
0.004,0,0.754,0.41,23.9
0.003,0,0.703,0.46,13.2
0.005,0,0.77,0.64,23.4
0.011,0,0.79,0.5,23.7
0.003,0,0.881,0.43,9.2
0.001,0,0.506,0.26,9.8
0.003,0,0.946,0.46,6.6
0.004,0,0.716,0.34,3.5
0.001,0,0.794,0.36,2.9
0.001,0,0.636,0.51,4.9
0.012,0,0.952,0.58,45
0.019,0,1.404,0.42,5.3
0.01,0,1.162,0.62,17.8
0.007,0,0.868,0.43,4.8
0.029,0,2.149,0.88,5.1
0.092,0,2.552,1.15,6.8
0.008,0,0.569,0.36,9.2
0.005,0,0.962,0.63,6.4
0.015,0,0.582,0.44,3.6
0.024,0,1.181,0.51,3.6
0.01,0,0.737,0.36,2.4
0.009,0,0.757,0.42,4.9
0.011,0,0.712,0.58,34
0.002,0,0.552,0.37,8
0.01,0,0.39,0.26,4.2
0.003,0,1.008,0.96,20.4
0.006,0,0.556,0.54,1.7
0.01,0,1.037,0.8,13.4
0.011,0,0.657,0.52,5.3
0.01,0,0.869,0.59,8.3
0.003,0,0.464,0.31,6.2
0.018,0,1.148,0.42,5.7
0.02,0,0.882,0.72,19.7
0.012,0,1.078,0.5,2.4
0.01,0,0.896,0.45,4.5
0.017,0,0.735,0.48,4.9
0.15,0,4.91,3.5,12.3
0.1,0,2.38,0.72,7.2
0.022,0,1.069,0.57,5.4
0.014,0,0.74,0.5,4.7
0.023,0,1.051,0.64,3.7
0.061,0,1.542,0.73,20.9
0.007,0,0.602,0.37,3.6
0.007,0,0.568,0.34,5
0.007,0,0.609,0.59,23.2
0.006,0,0.52,0.5,2.3
0.011,0,0.304,0.23,5
0.003,0,0.901,0.88,18.8
0.005,0,0.745,0.48,3.4
0.014,0,0.99,0.74,37.2
0.012,0,0.496,0.45,8.1
0.027,0,1.119,0.67,7
0.003,0,0.319,0.21,7.2
0.005,0,1.021,0.5,8.8
0.003,0,0.617,0.46,6.4
0.001,0,0.409,0.4,7.6
0.006,0,0.742,0.4,5
0.012,0,0.91,0.34,2.9
0.018,0,1.119,0.66,6.3
0.088,0,2.158,0.71,5
0.01,0,0.554,0.47,13.8
0.025,0,1.131,0.46,12.7
0.014,0,0.599,0.53,4.4
0.013,0,0.996,0.49,12
0.245,0,4.827,3.6,17.1
0.048,0,1.485,0.91,18.8
0.022,0,0.776,0.46,6.9
0.01,0,0.395,0.23,7.2
0.003,0,0.546,0.48,28.7
0.006,0,1.803,1.77,15.6
0.008,0,0.706,0.44,7.6
0.019,0,0.946,0.72,40.7
0.008,0,0.985,0.45,2.2
0.006,0,0.767,0.65,15.5
0.017,0,0.762,0.54,10.5
0.03,0,1.332,0.49,2.9
0.003,0,0.557,0.47,5.2
0.001,0,0.459,0.44,9
0.004,0,0.382,0.24,9.2
0.021,0,1.245,0.92,15.3
0.078,0,3.243,2.3,442
0.03,0,2.199,1.35,167
0.091,0,3.389,2.55,479
0.063,0,1.832,0.99,159
0.07,0,2.175,1.33,77.9
0.087,0,2.869,1.88,143
0.036,0,2.113,1.45,197
0.001,0,0.366,0.32,5
0.019,0,1.111,0.78,10.8
0.003,0,0.49,0.46,1.6
0.007,0,0.793,0.36,3.5
0.013,0,0.343,0.16,2.5
0.013,0,0.74,0.34,2.1
0.009,0,0.66,0.48,16.6
0.008,0,0.75,0.65,11.1
0.001,0,0.414,0.36,2.1
0.005,0,0.709,0.33,5.1
0.001,0,0.251,0.17,5.4
0.001,0,0.945,0.43,2
0.009,0,1.001,0.27,1.6
0.007,0,0.743,0.52,3.9
0.004,0,0.404,0.38,3.1
0.001,0,0.338,0.33,3.2
0.016,0,0.555,0.42,20.7
0.011,0,0.53,0.4,4.8
0.11,0,3.26,1.8,27.8
0.064,0,1.904,0.48,9
0.005,0,1.045,0.47,10.4
0.014,0,0.812,0.55,2.7
0.005,0,1.045,0.31,5.4
0.006,0,0.482,0.39,8.2
0.006,0,0.503,0.32,3
0.005,0,1.383,0.92,2.4
0.023,0,1.044,0.68,26.2
0.01,0,0.316,0.24,6.2
0.006,0,0.667,0.42,9.2
0.004,0,0.414,0.33,3.6
0.008,0,0.545,0.27,5.8
0.008,0,0.997,0.44,2.7
0.002,0,1.189,0.43,1.8
0.017,0,1.577,0.46,1.4
0.003,0,0.579,0.44,1.4
0.016,0,1.196,0.54,4
0.007,0,0.557,0.41,3.6
0.008,0,1.232,0.52,2.4
0.011,0,0.784,0.07,2.5
0.075,0,2.065,0.63,2.2
0.01,0,1.385,0.63,2.9
0.103,0,2.963,1.24,3.1
0.011,0,0.49,0.38,6.7
0.008,0,0.598,0.51,1.1
0.03,0,1.324,0.44,2.9
0.005,0,0.552,0.22,9.2
0.014,0,1.199,0.24,5.1
0.013,0,0.689,0.27,11.2
0.012,0,0.75,0.26,39.2
0.017,0,0.892,0.76,24.4
0.01,0,0.868,0.62,45.1
0.003,0,0.376,0.26,5.3
0.016,0,1.339,0.46,6.6
0.028,0,0.937,0.31,2.6
0.019,0,0.282,0.04,3.2
0.015,0,1.511,0.52,3.2
0.013,0,0.743,0.24,8.1
0.02,0,1.282,0.61,14.6
0.022,0,0.812,0.56,15.2
0.01,0,1.297,0.32,2
0.031,0,1.013,0.34,1.5
0.046,0,1.312,0.33,16
0.042,0,1.069,0.42,2.2
0.012,0,0.629,0.22,9.2
0.013,0,0.653,0.19,1.8
0.017,0,0.948,0.42,2.8
0.069,0,1.859,0.58,3.6
0.002,0,0.845,0.45,4.2
0.005,0,0.698,0.34,4.3
0.003,0,0.864,0.28,2.2
0.002,0,0.666,0.37,3.5
0.005,0,1.397,0.4,6.3
0.01,0,1.071,0.68,15.2
0.006,0,0.604,0.26,4
0.001,0,0.48,0.18,2.6
0.003,0,1.266,0.35,11.4
0.003,0,1.423,0.37,17.6
0.009,0,1.289,0.23,3
0.004,0,1.24,0.37,1.8
0.006,0,1.244,0.37,10.4
0.006,0,1.706,0.46,7.6
0.007,0,1.12,0.36,22.7
0.007,0,1.507,0.36,0.5
0.008,0,0.817,0.3,5.4
0.036,0,1.215,0.35,0.6
0.015,0,0.968,0.31,1.2
0.072,0,5.562,4.3,1.7
0.011,0,0.765,0.34,1.7
0.007,0,1.143,0.31,2.2
0.043,0,1.963,0.54,1.7
0.005,0,0.845,0.36,4.2
0.007,0,1.187,0.44,8.1
0.012,0,1.528,0.61,19.4
0.025,0,2.245,0.62,18.3
0.003,0,0.959,0.43,4.2
0.011,0,1.625,0.82,22.2
0.002,0,0.977,0.29,1.6
0.006,0,1.976,0.36,2.6
0.005,0,1.395,0.37,3.4
0.002,0,0.713,0.26,9.8
0.008,0,1.938,0.5,7.2
0.02,0,1.259,0.3,2.6
0.012,0,1.572,0.38,3.7
0.006,0,1.826,0.34,17.4
0.006,0,1.956,0.39,4.3
0.012,0,1.226,0.31,1.2
0.019,0,1.429,0.39,3
0.029,0,1.619,0.47,3.3
0.012,0,1.408,0.5,8.1
0.014,0,1.424,0.39,3.2
0.053,0,2.663,0.7,4.2
0.036,0,2.176,0.68,2.1
0.003,0,1.16,0.47,12.8
0.002,0,0.886,0.14,2.1
0.008,0,2.848,0.5,4
0.012,0,3.192,0.63,13.6
0.004,0,0.964,0.41,5
0.003,0,1.299,0.42,4.6
0.015,0,4.185,0.29,4.8
0.019,0,2.339,0.34,2.8
0.008,0,2.408,0.5,9.4
0.009,0,1.739,0.25,97.4
0.008,0,2.278,0.42,3.4
0.006,0,2.456,0.4,4.2
0.004,0,2.314,0.41,1.8
0.003,0,2.303,0.28,3.2
0.003,0,0.994,0.29,4.8
0.003,0,1.833,0.34,1.8
0.01,0,2.16,0.45,2.7
0.014,0,2.634,0.4,45.8
0.025,0,2.155,0.5,25.2
0.009,0,1.549,0.23,4.6
0.04,0,3.77,0.66,58.7
0.013,0,1.713,0.33,5
0.035,0,2.515,0.6,5
0.01,0,0.98,0.41,4.8
0.011,0,0.722,0.33,2.7
0.042,0,3.032,0.51,2
0.021,0,1.861,0.47,3.2
0.013,0,1.165,0.4,6.9
0.011,0,1.306,0.34,4.2
0.018,0,1.888,0.37,3.7
0.009,0,1.559,0.32,19
0.015,0,1.925,0.67,4.1
0.005,0,0.898,0.37,27.4
0.069,0,2.199,0.61,4.2
0.022,0,1.448,0.56,9.1
0.011,0,1.691,0.32,3.8
0.013,0,1.573,0.34,2.6
0.032,0,1.842,0.55,3.6
0.072,0,1.972,0.89,91.6
0.046,0,1.546,0.36,17.3
0.061,0,1.227,0.35,19
0.037,0,1.9,0.94,95.4
0.056,0,2.266,0.91,72.6
0.055,0,1.461,0.64,63.7
0.058,0,1.615,0.73,178
0.008,0,1.162,0.5,87.2
0.005,0,1.138,0.3,4.4
0.018,0,2.258,0.71,28.6
0.01,0,1.231,0.5,20
0.02,0,2.27,0.79,35.1
0.014,0,2.404,0.44,7.4
0.007,0,1.114,0.38,8.7
0.029,0,1.929,0.67,9.4
0.007,0,1.158,0.67,39.6
0.011,0,1.751,0.58,9.6
0.015,0,1.436,1.02,83.7
0.018,0,1.402,0.47,56.9
0.018,0,2.158,0.9,22.1
0.012,0,1.703,0.74,85.6
0.012,0,1.716,0.75,31.2
0.014,0,1.564,0.49,10.7
0.027,0,1.917,0.55,10
0.021,0,1.499,0.75,48.9
0.05,0,1.72,0.54,214
0.039,0,1.449,0.49,343
0.043,0,2.533,0.94,4.9
0.012,0,1.408,0.44,11.9
0.03,0,1.091,0.47,2.2
0.007,0,0.759,0.3,6.8
0.016,0,2.546,0.23,4.5
0.006,0,0.698,0.26,9.9
0.018,0,2.858,0.8,14.7
0.005,0,1.291,0.62,65.2
0.014,0,1.854,0.18,11
0.036,0,1.656,0.44,19.7
0.044,0,2.314,0.83,25.9
0.02,0,1.67,0.63,19.8
0.035,0,1.615,0.02,14.5
0.036,0,1.776,0.65,126
0.015,0,0.937,0.45,68.6
0.019,0,1.271,0.37,97.4
0.045,0,1.585,0.5,7.9
0.011,0,0.518,0.34,3
0.039,0,1.277,0.76,12
0.004,0,0.783,0.76,8.1
0.07,0,1.717,0.98,8.6
0.011,0,0.936,0.42,6.9
0.01,0,0.82,0.45,2.8
0.005,0,0.664,0.49,11.9
0.034,0,1.929,1.4,49.7
0.045,0,3.164,2.25,250
0.037,0,1.512,0.66,161
0.013,0,1.056,0.85,26.7
0.047,0,2.821,1.87,141
0.006,0,1.291,1.09,101
0.034,0,1.163,0.65,130
0.025,0,1.877,1.2,38.3
0.058,0,2.079,1.08,7.7
0.026,0,1.23,0.65,62.3
0.044,0,1.468,0.71,5.5
0.082,0,1.772,0.83,7.5
0.027,0,1.335,0.67,8.9
0.039,0,1.388,0.84,10.6
0.093,0,2.493,1.23,9.1
0.076,0,2.966,1.31,11.4
0.011,0,0.689,0.41,5.7
0.071,0,3.541,1.13,10.9
0.02,0,2.58,0.84,2.2
0.018,0,1.304,0.66,118
0.008,0,0.846,0.42,4.1
0.01,0,1.102,0.7,31.3
0.008,0,0.877,0.47,5.9
0.006,0,1.099,0.62,2.1
0.028,0,1.329,0.57,4.9
0.01,0,1.072,0.39,3.3
0.019,0,1.15,0.51,6.8
0.003,0,0.665,0.41,8.2
0.01,0,1.373,0.54,24.8
0.009,0,1.609,0.49,4.1
0.006,0,1.407,0.52,6.1
0.018,0,1.878,0.63,14
0.021,0,0.931,0.49,6.3
0.07,0,2.58,0.98,0.5
0.033,0,1.484,0.49,8.1
0.017,0,1.45,0.57,2.1
0.014,0,1.149,0.5,11.8
0.017,0,1.318,0.59,8.1
0.067,0,2.217,0.8,7.2
0.059,0,1.659,0.56,285
0.072,0,1.922,0.59,327
0.007,0,0.963,0.63,64.2
0.004,0,0.732,0.64,76
0.028,0,1.489,0.83,258
0.081,0,2.161,0.65,305
0.09,0,2.19,0.72,319
0.13,0,2.58,0.68,615
0.012,0,2.042,0.79,54.7
0.03,0,1.125,0.55,167
0.004,0,1.124,1.02,195
0.002,0,0.634,0.51,4
0.008,0,0.679,0.54,5.3
0.001,0,0.5,0.46,8.4
0.008,0,0.83,0.68,7.2
0.006,0,0.835,0.36,0.9
0.004,0,0.93,0.47,3
0.001,0,0.391,0.28,9.6
0.019,0,1.172,0.46,13.3
0.007,0,1.047,0.55,4.8
0.006,0,0.628,0.51,2.9
0.003,0,0.8,0.45,6.9
0.001,0,0.38,0.36,2.4
0.001,0,0.405,0.4,4.1
0.001,0,0.52,0.49,2.7
0.002,0,0.303,0.2,6.4
0.001,0,0.427,0.41,3.4
0.003,0,0.868,0.42,2.2
0.005,0,0.613,0.54,6.3
0.009,0,0.891,0.27,2.3
0.066,0,2.85,1.66,3.8
0.01,0,0.811,0.32,2.6
0.004,0,1.3,0.56,4.3
0.011,0,0.79,0.41,1.9
0.006,0,0.717,0.43,3.5
0.004,0,0.68,0.36,2.6
0.005,0,0.5,0.44,24
0.012,0,1.004,0.95,11.7
0.002,0,0.43,0.31,3.6
0.003,0,0.33,0.22,2.3
0.02,0,0.93,0.46,4.5
0.188,0,2.998,0.74,4.1
0.003,0,0.76,0.39,1.4
0.013,0,1.598,0.8,16.6
0.001,0,0.825,0.5,2.8
0.003,0,1.231,0.99,25.9
0.013,0,1.35,0.7,15.9
0.007,0,1.45,0.81,11.1
0.005,0,0.947,0.3,0.9
0.006,0,1.721,0.8,8.4
0.006,0,1.662,0.8,13.7
0.003,0,0.632,0.55,6
0.01,0,1.266,0.64,8.2
0.008,0,1.29,0.58,2.1
0.014,0,2.6,1.03,3.4
0.075,0,2.95,1.52,6.5
0.013,0,1.36,0.64,9.2
0.009,0,1.081,0.5,7.7
0.01,0,0.58,0.45,5.7
0.067,0,2.477,1,13.6
0.005,0,0.62,0.5,15
0.019,0,1.892,1.22,38.6
0.006,0,0.8,0.53,10.5
0.012,0,1.11,0.69,16.7
0.002,0,0.79,0.55,23.2
0.01,0,1.26,0.8,11.3
0.005,0,0.609,0.44,3.7
0.004,0,0.995,0.48,1.9
0.011,0,1.81,0.66,6.3
0.005,0,0.792,0.26,2.5
0.012,0,1.112,0.59,9.8
0.006,0,1.262,0.47,6.4
0.014,0,0.83,0.44,6.9
0.009,0,0.565,0.33,5.5
0.007,0,1.416,0.55,4.7
0.013,0,1.055,0.48,8.9
0.018,0,1.55,0.57,13.5
0.014,0,0.71,0.31,57
0.019,0,0.89,0.36,19.6
0.055,0,1.39,0.59,25.3
0.012,0,0.874,0.47,8.1
0.008,0,0.73,0.38,3.5
0.012,0,1.59,0.72,8.1
0.018,0,1.649,0.9,32
0.007,0,0.6,0.39,2.9
0.015,0,0.94,0.51,13.1
0.015,0,0.61,0.42,4.3
0.038,0,2.28,1.27,95.6
0.002,0,0.712,0.46,6
0.013,0,1.374,0.72,54.6
0.008,0,1.798,0.7,92.9
0.01,0,1.375,0.74,17.7
0.014,0,1.11,0.57,141
0.011,0,0.86,0.56,35.3
0.013,0,2.203,0.91,90.3
0.019,0,1.37,0.64,65.5
0.005,0,1.221,0.88,107
0.01,0,1.422,0.55,10.7
0.052,0,3.04,2.23,5.1
0.011,0,1.06,0.54,4
0.01,0,0.8,0.4,2.3
0.007,0,0.974,0.34,2.2
0.009,0,1.005,0.4,4.2
0.007,0,1.58,0.78,3.1
0.014,0,0.82,0.45,1.8
0.006,0,1.08,0.64,4.9
0.009,0,0.55,0.37,2
0.001,0,0.613,0.36,0.9
0.008,0,0.87,0.46,3.2
0.034,0,2.254,0.77,2.5
0.009,0,1.174,0.69,12.2
0.007,0,0.9,0.4,1.3
0.004,0,0.802,0.34,5.9
0.004,0,1.564,0.36,2.3
0.003,0,1.853,0.4,1.5
0.012,0,1.47,0.58,3.1
0.002,0,1.742,0.37,1.7
0.023,0,1.613,0.37,3.6
0.012,0,1.902,0.59,20.8
0.004,0,1.325,0.33,2.7
0.007,0,1.497,0.42,2.9
0.009,0,1.559,0.26,3.9
0.031,0,1.254,0.42,47.1
0.019,0,1.3,0.29,8.5
0.028,0,1.36,0.76,5.7
0.001,0,0.938,0.43,3.5
0.004,0,0.614,0.33,8.1
0.004,0,1.27,0.37,5.7
0.073,0,2.843,1.5,11.9
0.004,0,1.116,0.42,7.2
0.007,0,1.685,0.73,9.1
0.013,0,1.395,0.44,49.4
0.005,0,0.849,0.31,10.6
0.008,0,1.998,0.39,6
0.056,0,1.856,0.38,4.9
0.012,0,2.252,0.43,2.5
0.011,0,1.761,0.49,33.2
0.008,0,2.138,0.38,5.6
0.01,0,2.06,0.44,4.3
0.028,0,2.038,0.49,2.3
0.03,0,2.37,0.98,4.7
0.036,0,1.396,0.34,5.1
0.044,0,1.9,0.97,4.1
0.26,0,6.34,4.72,7.4
0.017,0,2.147,0.43,1.7
0.044,0,1.664,0.49,5.3
0.093,0,2.58,1.4,10.8
0.003,0,1.578,0.79,33.8
0.065,0,3.655,1.67,3.7
0.013,0,1.883,0.61,1.7
0.011,0,1.35,0.52,3.2
0.005,0,1.264,0.38,3.4
0.004,0,0.961,0.53,1.6
0.02,0,1.69,0.84,2.6
0.011,0,1.781,0.53,2.5
0.014,0,1.477,0.56,8.5
0.011,0,1.371,0.24,5.7
0.035,0,1.565,0.43,6.5
0.03,0,1.66,0.47,11.6
0.011,0,1.351,0.33,3.3
0.01,0,1.59,0.36,3.9
0.005,0,0.918,0.44,17.2
0.026,0,1.896,0.57,5.8
0.01,0,1.65,0.33,4.2
0.038,0,1.52,0.52,8.4
0.04,0,2.32,0.87,4.4
0.097,0,1.81,0.86,30.8
0.059,0,2.32,1.2,12
0.036,0,1.46,0.47,7.3
0.098,0,1.9,1.03,30.6
0.025,0,1.995,0.85,7.3
0.056,0,2.926,1.44,9.5
0.026,0,1.83,0.76,6.6
0.02,0,1.93,0.75,5.9
0.006,0,1.672,0.82,7.8
0.005,0,1.287,0.51,2.9
0.004,0,0.964,0.48,6.8
0.018,0,1.578,0.46,12
0.002,0,2.032,0.58,4.5
0.042,0,2.152,0.95,12.3
0.018,0,1.918,0.61,9.1
0.006,0,1.786,0.52,5.8
0.034,0,1.78,0.79,29.1
0.06,0,1.586,0.62,4.8
0.012,0,2.342,0.58,4.4
0.047,0,1.76,0.7,11.9
0.022,0,1.722,0.54,8.4
0.049,0,1.69,0.83,8.9
0.123,0,2.68,1.65,9.9
0.011,0,2.601,0.96,5.3
0.014,0,1.744,0.64,8.7
0.011,0,1.257,0.51,50.3
0.05,0,2.22,1.12,20.1
0.005,0,1.324,0.41,5.1
0.004,0,1.597,0.84,6.8
0.021,0,1.911,0.81,16.4
0.011,0,1.245,0.66,4.7
0.018,0,1.898,0.76,7.4
0.032,0,1.75,0.88,21.6
0.005,0,0.918,0.48,26.2
0.013,0,1.2,0.44,19.8
0.006,0,1.35,0.5,5.6
0.006,0,1.466,0.42,8.3
0.011,0,1.315,0.51,7.4
0.005,0,1.366,0.4,15.3
0.023,0,1.353,0.16,12.9
0.006,0,1.397,0.56,3.8
0.009,0,1.499,0.48,8.2
0.012,0,1.25,0.39,4.6
0.04,0,1.23,0.54,1.5
0.015,0,1.23,0.4,4.1
0.066,0,2.31,1.2,4.3
0.017,0,1.243,0.25,4.4
0.036,0,1.24,0.49,2.5
0.016,0,1.02,0.54,19.9
0.008,0,1.032,0.75,20.4
0.033,0,2.023,0.5,3.3
0.005,0,0.75,0.4,3.5
0.004,0,0.64,0.28,8.1
0.006,0,0.65,0.45,9.5
0.002,0,0.831,0.54,26.4
0.003,0,0.84,0.38,7.8
0.008,0,1.064,0.47,5.8
0.011,0,0.8,0.54,11
0.022,0,1.602,0.29,1.4
0.009,0,1.138,0.49,4.8
0.004,0,0.357,0.26,5.2
0.008,0,1.15,0.69,4.3
0.007,0,1.202,0.47,3.9
0.007,0,0.947,0.41,5.7
0.007,0,1.047,0.47,1.4
0.024,0,1.06,0.66,5.7
0.018,0,1.2,0.83,3.2
0.015,0,0.94,0.56,10
0.021,0,1.211,0.58,3.4
0.016,0,0.915,0.32,7.4
0.062,0,2.43,1.78,4.1
0.017,0,0.74,0.58,16.2
0.015,0,0.688,0.63,14.7
0.012,0,0.78,0.65,8.9
0.008,0,0.58,0.46,3.6
0.054,0,1.417,1.06,263
0.007,0,0.73,0.53,4.6
0.012,0,0.47,0.42,3.9
0.046,0,1.616,0.39,6.4
0.012,0,1.304,0.49,3.5
0.036,0,1.838,1.16,27.5
0.011,0,1.302,0.54,6.3
0.024,0,1.46,0.52,4.5
0.027,0,1.09,0.63,50.1
0.014,0,0.976,0.61,12
0.01,0,1.13,0.52,19.8
0.016,0,1.01,0.52,8.8
0.004,0,0.528,0.3,13.8
0.033,0,1.573,0.8,31
0.017,0,0.7,0.5,4.4
0.028,0,1.09,0.61,4.9
0.027,0,1.467,0.74,19
0.016,0,0.89,0.46,2.3
0.173,0,2.94,1.83,12.7
0.011,0,0.72,0.47,29.4
0.054,0,3.454,2.5,570
0.061,0,1.561,0.84,84
0.055,0,2.065,1.1,75
0.012,0,0.64,0.55,38.6
0.041,0,1.07,0.56,141
0.068,0,1.86,0.7,99.6
0.036,0,0.86,0.6,65.6
0.01,0,1.17,0.89,10
0.01,0,1.22,0.64,10
0.022,0,0.85,0.45,7.3
0.009,0,1.08,0.58,10.3
0.01,0,0.77,0.58,10
0.047,0,1.447,0.9,10
0.018,0,1.538,0.68,10
0.01,0,1.04,0.78,10
0.01,0,1.52,0.88,10
0.016,0,1.166,0.62,15
0.021,0,1.411,0.79,49
0.018,0,1.22,0.74,6
0.014,0,1.2,0.68,6.8
0.141,0,3.42,2.2,15.4
0.007,0,0.57,0.48,3.2
0.012,0,1.02,0.65,32.9
0.01,0,0.54,0.31,6.9
0.009,0,0.87,0.41,9.8
0.032,0,1.062,0.9,51
0.014,0,0.85,0.54,3.9
0.008,0,0.98,0.49,2.9
0.001,0,0.575,0.47,9.7
0.002,0,0.93,0.47,2.8
0.004,0,0.668,0.53,5.9
0.001,0,0.45,0.41,4.9
0.001,0,0.39,0.24,4.9
0.005,0,0.36,0.34,8.2
0.007,0,0.831,0.62,13.3
0.005,0,0.66,0.38,3.2
0.005,0,0.849,0.33,1.5
0.02,0,0.92,0.43,5.9
0.008,0,0.854,0.31,4.1
0.006,0,0.741,0.37,3.8
0.016,0,0.59,0.39,3
0.2,0,4,3.09,3.2
0.003,0,0.46,0.45,3.1
0.007,0,0.49,0.44,22.6
0.007,0,0.77,0.44,62.6
0.006,0,0.7,0.38,1.4
0.001,0,0.493,0.34,6.8
0.007,0,0.34,0.2,5.6
0.002,0,0.796,0.77,9.1
0.078,0,0.78,0.38,7.3
0.055,0,1.705,0.65,4.3
0.018,0,1.062,0.61,23.1
0.016,0,0.81,0.47,30.6
0.011,0,1.051,0.72,40.7
0.005,0,0.64,0.39,7.9
0.005,0,0.757,0.52,38.4
0.004,0,1.058,0.51,5.7
0.014,0,1,0.42,19.8
0.006,0,1.161,0.49,14.6
0.007,0,1.219,0.49,8.8
0.01,0,1.128,0.42,6.9
0.012,0,0.72,0.34,3.7
0.03,0,0.962,0.43,5.1
0.008,0,0.57,0.41,3.5
0.014,0,0.97,0.5,39.7
0.157,0,1.76,0.99,19.8
0.012,0,0.81,0.64,15.9
0.011,0,0.67,0.41,16.7
0.006,0,0.61,0.39,2.8
0.004,0,0.658,0.46,21.4
0.041,0,1.771,0.61,3.7
0.023,0,1.17,0.86,33.1
0.009,0,0.62,0.43,7.7
0.003,0,0.38,0.37,6.7
0.016,0,1.706,0.6,13.4
0.015,0,1.01,0.66,20.6
0.006,0,0.94,0.63,7.6
0.009,0,1.557,0.6,27.8
0.007,0,1.051,0.53,9.3
0.037,0,1.75,0.72,29.2
0.017,0,1.233,0.59,10.2
0.007,0,0.881,0.57,34.8
0.012,0,1.61,0.6,18.1
0.014,0,0.825,0.18,3.7
0.016,0,0.76,0.48,3.8
0.004,0,0.76,0.52,2.1
0.012,0,1.135,0.37,5.3
0.083,0,2.06,0.87,9.1
0.026,0,0.95,0.53,15
0.003,0,0.5,0.46,5.4
0.004,0,0.62,0.4,1.4
0.013,0,0.847,0.71,20.4
0.003,0,0.373,0.23,8.6
0.002,0,0.52,0.39,1.9
0.004,0,0.39,0.31,2.7
0.034,0,1.834,0.59,5.9
0.007,0,0.68,0.54,8.3
0.008,0,1.438,0.4,3.8
0.005,0,1.14,0.4,3.6
0.01,0,1.238,0.39,5
0.004,0,1.464,0.37,8.6
0.006,0,1.596,0.4,4.4
0.013,0,1.272,0.39,5.6
0.003,0,0.586,0.18,2.2
0.05,0,1.64,0.61,17.9
0.01,0,0.98,0.37,9
0.035,0,1.21,0.5,5.6
0.012,0,1.038,0.3,2
0.087,0,3.17,1.13,6.7
0.031,0,1.04,0.48,3.9
0.015,0,1.174,0.44,4.2
0.017,0,1.22,0.45,3.6
0.011,0,0.89,0.4,8.6
0.006,0,0.43,0.25,2.7
0.003,0,0.652,0.3,2.8
0.004,0,0.93,0.33,1.6
0.004,0,0.74,0.4,2.9
0.007,0,0.853,0.58,6.6
0.004,0,0.65,0.25,4.1
0.045,0,1.665,0.3,7.1
0.011,0,1.323,0.37,3.1
0.005,0,1.225,0.4,3.8
0.006,0,1.174,0.31,3.7
0.005,0,1.395,0.37,2.8
0.004,0,1.279,0.34,7.9
0.009,0,1.282,0.42,6.8
0.004,0,0.684,0.23,7.2
0.012,0,1.35,0.57,10.8
0.04,0,1.41,0.34,3.4
0.036,0,1.107,0.27,41.1
0.042,0,1.862,0.53,11.6
0.044,0,2.41,0.96,34.3
0.072,0,1.52,0.74,70.9
0.049,0,1.26,0.52,16.8
0.031,0,1.48,0.6,33.2
0.009,0,1.162,0.59,23
0.062,0,2.362,1.14,27.4
0.004,0,0.958,0.49,10.2
0.008,0,0.979,0.41,45.5
0.018,0,2.198,0.99,57.4
0.016,0,1.373,0.62,25.2
0.003,0,1.07,0.38,7.9
0.036,0,1.56,0.76,71.2
0.004,0,1.02,0.48,8.9
0.005,0.8,1.76,0.56,6.3
0.004,0.8,1.02,0.48,8.9
0.007,0.8,0.881,0.43,12.1
0.005,2,0.845,0.52,21.8
0.024,2,2.05,0.68,2.3
0.091,0,2.791,1.56,13.4
0.007,0,1.577,0.36,1.5
0.008,0,1.678,0.38,2.9
0.009,0,1.314,0.37,3.9
0.024,0,2.064,0.89,6.5
0.01,0.8,1.267,0.5,20.7
0.01,0,1.267,0.5,20.7
0.052,0.8,2.64,1.1,5.2
0.017,0,1.647,0.39,2.7
0.059,0,2.019,0.68,2.7
0.032,0,3.857,2.99,2.2
0.042,0,1.416,0.5,5.8
0.004,0,1.524,0.74,12.7
0.05,0,3.23,1.56,4.7
0.005,0,0.517,0.18,4.4
0.005,0,1.205,0.31,5
0.006,0,0.749,0.15,5.3
0.013,0,1.46,0.56,3.6
0.01,0,1.28,0.23,2.1
0.01,0,1.374,0.54,5.8
0.006,0,1.237,0.39,8.8
0.019,0,2.139,0.69,6.7
0.004,0,0.556,0.25,6.4
0.008,0,0.882,0.34,3.5
0.007,0,1.334,0.34,3.9
0.012,0,1.392,0.45,3.2
0.016,0,1.369,0.62,3.4
0.024,0,1.274,0.25,1
0.02,0,1.39,0.37,2
0.017,0,1.537,0.52,3.1
0.014,0,1.159,0.37,4.6
0.031,0,2,0.26,2.4
0.01,0,1.62,0.36,7
0.018,0,1.498,0.48,2.3
0.014,0,1.384,0.37,4.6
0.01,0,1.38,0.37,2.2
0.011,0,1.79,0.31,1
0.011,0,1.661,0.4,7.1
0.005,0,0.879,0.34,14
0.004,0,0.742,0.5,24
0.009,0,1.699,0.34,1.4
0.019,0,1.469,0.21,2
0.006,0,0.688,0.3,7.6
0.028,0,1.528,0.48,2.4
0.013,0,1.823,0.83,14
0.016,0,1.715,0.89,32.6
0.006,0,0.978,0.5,31.8
0.028,0,1.968,0.93,11.9
0.014,0,1.884,0.86,17.2
0.014,0,1.844,0.75,5.6
0.012,0,1.535,0.71,3.2
0.018,0,1.345,0.46,4.6
0.026,0,1.776,0.63,2.6
0.028,0,1.63,0.63,9.8
0.011,0,1.204,0.71,12.4
0.005,0,1.149,0.4,8.6
0.006,0,1.321,0.61,51.2
0.017,0,1.6,0.65,9.8
0.006,0,0.898,0.5,12.2
0.038,0,2.738,1.09,7
0.02,0,1.664,0.86,20.2
0.022,43.4,2.363,1.8,464
0.026,43.4,3.758,3.16,808
0.017,0,2.377,1.18,173
0.023,43.4,1.925,1.26,334
0.024,40.4,3.44,2.43,464
0.027,0,5.308,4.67,2310
0.027,0,2.787,1.73,521
0.022,0,2.363,1.8,464
0.016,43.4,3.16,2.12,3020
0.037,0,2.099,1.24,364
0.027,43.4,5.308,4.67,2310
0.013,0,1.961,1.31,127
0.015,0,1.385,0.79,65.1
0.014,0,1.784,0.57,14.8
0.022,0,1.544,0.64,19.9
0.046,0,2.376,0.79,18.9
0.018,0,2.238,0.83,24.7
0.008,0,1.292,0.76,113
0.006,0,0.74,0.53,7.1
0.012,0,0.973,0.5,3.3
0.006,0,0.675,0.37,5.2
0.004,0,0.607,0.44,4.3
0.08,0,0.99,0.57,6.7
0.003,0,0.383,0.25,8.9
0.003,0,0.383,0.25,8.9
0.04,0,1.495,0.68,3.9
0.013,0,1.113,0.44,3.4
0.002,0,0.371,0.25,4.2
0.08,0,1.07,0.57,6.7
0.038,0,1.111,0.62,5
0.018,0,1.015,0.82,10.2
0.035,0,1.21,0.6,6.4
0.047,0,0.877,0.38,6.2
0.083,0,2.333,1.07,5.1
0.006,0,0.908,0.88,15.4
0.005,0,0.344,0.28,4.3
0.008,0,0.94,0.55,35
0.009,0,0.869,0.21,2
0.002,64,0.442,0.25,2
0.003,0,0.403,0.22,4
0.006,64,0.846,0.33,2
0.003,64,0.403,0.22,4
0.028,0,1.458,1.02,56
0.026,0,1.726,0.91,101
0.023,29.6,2.793,1.3,67
0.039,0,5.959,2.74,324
0.029,0,3.339,1.95,322
0.008,64,1.718,0.91,56
0.024,0,1.694,1.11,53
0.018,0,1.338,0.66,32
0.018,0,1.298,0.75,26
0.007,0,1.447,1.07,176
0.075,0,2.105,0.71,8
0.006,1.2,0.986,0.53,3
0.004,1.2,0.394,0.22,3
0.005,0,0.865,0.26,2
0.004,1.2,0.737,0.59,6.7
0.004,0,0.394,0.22,3
0.004,1.2,0.364,0.2,2
0.004,0,0.737,0.59,6.7
0.008,0,1.618,0.5,2
0.019,0,1.139,0.57,2
0.056,0.6,2.206,0.61,2
0.004,0,0.644,0.49,6
0.02,0,1.01,0.68,4
0.004,0,0.494,0.43,3
0.004,0,0.404,0.34,7
0.044,0,1.184,0.58,9
0.009,0,1.189,1.13,47
0.013,0,0.673,0.2,6
0.08,0,1.85,0.75,5
0.011,0,0.691,0.31,32
0.011,0,0.911,0.38,6
0.007,0,0.799,0.61,11.4
0.011,0,0.371,0.2,4
0.011,0,0.361,0.2,3
0.011,0,0.371,0.2,4
0.007,0,0.799,0.61,11.4
0.011,0,0.541,0.42,3
0.011,0,0.731,0.55,4
0.012,0,0.672,0.29,2
0.011,0,0.496,0.43,3
0.016,0,1.556,0.44,2
0.04,1.2,2.03,0.47,2
0.004,0,0.954,0.92,20
0.004,0,0.424,0.29,2
0.029,0,0.989,0.41,14
0.01,0,0.93,0.49,3
0.028,0,1.738,1.31,162
0.011,0.6,0.331,0.2,2
0.011,0,0.421,0.2,8
0.011,0.6,0.721,0.35,9
0.011,0.6,0.421,0.2,8
0.011,0,0.851,0.43,3
0.011,0,0.721,0.55,5
0.011,0,0.971,0.43,3
0.011,0,1.111,0.73,5
0.008,0,1.688,0.5,2
0.011,0,0.496,0.43,4
0.056,0,2.926,1.21,7
0.019,0,1.049,0.52,3
0.011,0,0.401,0.33,28
0.011,0,1.021,0.61,3
0.011,0,0.876,0.81,10
0.054,0,1.754,0.72,2
0.005,0,0.765,0.51,23
0.001,8.4,0.436,0.41,1.5
0.001,0,0.437,0.41,1.5
0.011,8.4,0.881,0.32,2
0.011,0,0.851,0.33,2
0.011,8.4,0.341,0.2,2
0.011,0,0.461,0.2,2
0.011,8.4,0.461,0.2,2
0.02,0,0.97,0.58,4
0.028,3.4,2.858,1.59,2
0.011,0,0.681,0.38,2
0.011,0,0.451,0.32,2
0.044,9.2,2.094,0.99,9
0.018,0,1.078,0.4,2
0.011,0,0.831,0.56,2
0.006,0,0.706,0.65,9
0.029,0,1.039,0.53,2
0.002,0,0.382,0.28,2
0.059,0,1.749,0.76,2
0.011,0,1.041,0.29,2
0.011,0,0.371,0.2,2
0.008,0,0.817,0.23,5
0.008,0,0.817,0.23,5
0.012,0,1.102,0.32,2
0.011,0,0.511,0.2,2
0.011,0,0.511,0.2,2
0.015,0,0.965,0.39,2
0.011,0,1.311,0.41,2
0.022,0,1.932,0.41,2
0.013,0,1.063,0.31,2
0.025,0,1.295,0.33,2
0.011,0,1.701,0.42,2
0.018,0,0.798,0.27,2
0.011,0,0.401,0.28,2
0.02,0,0.93,0.34,2
0.011,0,0.481,0.39,5
0.046,0,1.816,0.56,2
0.007,0,0.993,0.43,4.4
0.011,8.3,1.161,0.29,2
0.011,0,0.571,0.2,2
0.011,8.3,0.571,0.2,2
0.012,0,1.622,1.15,8
0.011,0,1.181,0.37,12
0.011,5.8,0.341,0.24,2
0.011,8.3,0.411,0.2,2
0.007,8.3,0.993,0.43,4.4
0.012,0,1.252,0.66,91
0.011,5.4,1.181,0.4,2
0.011,0,1.061,0.3,2
0.011,0,1.271,0.37,10
0.015,7.9,1.495,0.68,3
0.028,0,1.108,0.49,4
0.062,0,1.852,0.78,6
0.015,0,0.845,0.29,2
0.009,0,0.499,0.43,24
0.009,0,0.399,0.25,2
0.016,0,0.906,0.41,2
0.012,0,0.592,0.31,17
0.01,0,0.81,0.39,2
0.042,0,1.962,0.66,2
0.015,0,0.695,0.4,5
0.011,0,0.931,0.38,9
0.011,0,2.331,0.61,3
0.011,0,0.671,0.29,5
0.009,0,1.819,0.46,13.9
0.009,0,1.82,0.46,13.9
0.011,0,0.861,0.31,4
0.011,0,0.681,0.27,3
0.011,0,0.861,0.31,4
0.011,0,1.671,0.43,4
0.011,0,1.611,0.46,14
0.011,0,2.121,0.38,3
0.011,0,2.341,0.5,2
0.011,0,2.291,0.29,2
0.017,0,3.697,0.57,2
0.011,0,2.831,0.32,2
0.021,0,1.891,0.31,2
0.02,0,2.44,1.03,3
0.011,0,1.081,0.5,2
0.026,0,2.146,1.22,9
0.021,0,1.791,0.66,3
0.02,0,1.59,0.44,2
0.033,0,3.253,1.44,72
0.011,0,1.021,0.4,4
0.011,0,1.071,0.27,5
0.011,0,0.481,0.2,3
0.011,0,1.561,0.58,2
0.011,1,0.701,0.2,4
0.011,1,1.501,0.2,3
0.011,1,0.601,0.2,3
0.011,0,1.301,0.2,2
0.011,0,1.631,0.36,11
0.011,0,0.701,0.2,4
0.011,0,0.671,0.32,4
0.011,0,2.041,0.36,2
0.028,0,2.818,0.71,5
0.031,0,2.051,0.67,2
0.011,0,0.851,0.42,11
0.093,0,2.453,0.47,2
0.022,0,1.692,0.49,2
0.011,0,1.941,0.39,2
0.011,0,1.531,0.67,2
0.079,0,2.729,0.67,2
0.094,0,1.704,0.83,4
0.017,0,1.327,0.62,2
0.009,0,1.51,0.42,5.1
0.009,0,1.509,0.42,5.1
0.011,13,3.001,1.72,972
0.011,0,1.711,0.58,29.3
0.011,0,3.291,0.82,23
0.011,13,1.71,0.58,29.3
0.011,13,4.541,3.76,696
0.011,0,1.671,1.11,252
0.011,0,2.841,1.76,196
0.011,13,1.671,1.11,252
0.011,12.6,4.191,3.25,328
0.011,0,3.151,0.9,40
0.011,0,1.841,0.92,124
0.021,0,2.611,0.94,19
0.011,18.4,2.461,0.89,39
0.032,0,2.432,1.32,304
0.011,0,3.151,1.12,113
0.022,0,2.912,0.93,42
0.017,7.4,1.857,1.13,92
0.011,0,2.251,0.78,20
0.011,0,0.886,0.82,50
0.013,0,3.803,1.21,41
0.011,0,1.841,0.89,37
0.011,0,4.371,1.8,138
0.06,0,2.83,1.33,7
0.011,0,0.881,0.53,12
0.011,0,0.991,0.6,26
0.011,0,1.081,0.4,3
0.011,0,0.581,0.28,2
0.011,0,1.121,0.47,2
0.011,0,0.451,0.29,2
0.006,0,1.074,0.39,3.9
0.011,0,0.581,0.28,2
0.006,0,1.074,0.39,3.9
0.035,0,1.525,0.66,2
0.011,0,1.371,0.78,20
0.016,0,2.596,0.48,2
0.011,0,1.501,0.5,2
0.011,0,1.401,0.57,4
0.011,0,0.731,0.5,5
0.011,0,1.871,0.49,2
0.012,0,1.452,0.98,22
0.016,0,1.086,0.56,2
0.014,0,1.224,0.59,4
0.013,0,0.59,0.75,26.1
0.053,0,2.183,0.74,2
0.013,0,0.51,0.75,26.2
0.011,9,0.631,0.4,12
0.011,0,1.251,0.66,2
0.011,9,0.531,0.38,2
0.004,9,0.65,0.51,3.6
0.011,0,0.631,0.4,12
0.004,0,0.65,0.51,3.6
0.011,0,1.201,0.71,12
0.016,9,1.706,0.67,4
0.011,9,1.391,0.75,3
0.015,0,1.445,1.09,16
0.011,0,0.831,0.6,10
0.011,0,1.041,0.65,7
0.048,0,2.238,1.39,15
0.023,0,1.993,1.49,4
0.015,0,1.015,0.58,3
0.011,0,1.031,0.88,16
0.058,0,2.908,1.48,2
0.023,0,1.253,1.07,9
0.02,0,1.09,0.54,2
0.011,0,0.421,0.2,4
0.011,0,0.511,0.35,2
0.024,0,0.924,0.74,7
0.011,0,1.006,0.94,2
0.08,1.8,2.06,0.73,2
0.011,0,0.981,0.55,10
0.013,0,1.973,0.86,2
0.011,0,0.851,0.75,3
0.037,0,1.527,0.91,33
0.011,0,1.271,1.1,11
0.019,0,1.279,0.82,4
0.122,0,2.302,0.99,11
0.012,0,0.822,0.42,2
0.011,0,0.291,0.21,11
0.011,0,1.031,0.36,2
0.011,0,3.831,0.25,2
0.011,0,0.491,0.32,2
0.011,0,0.341,0.2,2
0.011,0,0.661,0.55,4
0.011,0,0.466,0.4,3
0.011,0,1.071,0.99,13
0.011,0,0.536,0.47,4
0.011,0,0.801,0.44,2
0.011,0,0.661,0.55,4
0.03,0,1.61,0.77,2
0.011,0,0.291,0.21,11
0.014,0,1.054,0.65,5
0.014,0,0.994,0.55,12
0.011,0,1.596,1.53,34
0.13,0,1.24,0.91,6
0.006,0,0.354,0.26,46.4
0.011,0,0.281,0.2,4
0.011,0,0.641,0.52,5
0.011,0,0.981,0.53,2
0.011,0,0.661,0.43,4
0.011,0,0.641,0.52,5
0.011,0,0.391,0.2,2
0.011,0,0.281,0.2,4
0.011,0,0.506,0.44,2
0.011,0,0.446,0.38,3
0.011,0,0.336,0.27,2
0.014,0,1.634,0.42,2
0.011,0,1.531,1.38,121
0.011,0,0.621,0.41,2
0.011,0,1.331,0.42,3
0.025,0,1.115,1,11
0.011,0,0.791,0.4,8
0.011,0,0.831,0.47,2
0.025,0,1.315,0.71,11
0.011,0.5,1.161,0.96,6
0.011,0,0.716,0.65,4
0.011,0.5,0.451,0.31,4
0.011,0,0.521,0.44,3
0.011,0,0.391,0.3,2
0.011,0,1.161,0.96,6
0.931,0.5,5.501,3.19,20
0.019,0,1.049,0.92,8
0.011,0.5,0.771,0.39,8
0.011,0,0.546,0.48,7
0.011,0,0.911,0.53,3
0.023,0,0.963,0.54,2
0.011,0.5,0.716,0.65,4
0.251,0,1.951,1.06,2
0.04,0,1.2,0.71,4
0.011,0,1.161,1.08,9
0.102,0,2.252,0.89,2
0.011,0,0.801,0.52,15
0.011,5.2,0.536,0.47,2
0.011,5.2,0.441,0.2,4
0.026,0,0.836,0.51,2
0.015,5.2,0.835,0.27,4
0.011,5.2,0.351,0.24,6
0.011,0,0.536,0.47,2
0.011,0,0.441,0.2,4
0.011,0,0.431,0.32,2
0.011,0,0.711,0.44,2
0.439,5.4,3.049,1.43,2
0.017,0,0.587,0.4,4
0.144,0,1.224,0.83,4
0.027,0,1.377,0.7,2
1.08,4.2,4.79,2.77,2
0.042,0,0.972,0.67,7
0.024,0,1.084,0.69,96
0.011,0,1.061,0.98,10
0.051,0,1.641,1.01,14
0.007,0,0.534,0.36,14.5
0.003,0,0.317,0.09,3.5
0.011,0,0.521,0.28,17
0.011,0,1.061,0.34,2
0.011,0,0.801,0.34,2
0.011,0,0.331,0.2,6
0.011,0,0.366,0.3,2
0.011,0,0.366,0.3,2
0.011,0,0.521,0.28,17
0.011,0,0.391,0.2,2
0.011,0,1.491,0.62,2
0.011,0,0.851,0.5,6
0.011,0,0.521,0.25,2
0.011,0,0.771,0.38,2
0.011,0,0.821,0.33,2
0.011,0,1.081,0.51,2
0.011,0,0.771,0.66,10
0.016,0,1.086,0.59,6
0.02,0,1.06,0.62,3
0.135,0,2.755,1.76,28
0.022,0,0.872,0.55,2
0.022,0,0.672,0.28,22
0.002,0,0.12,0.23,2.6
0.005,0,1.335,0.55,6
0.022,0,0.872,0.55,2
0.022,0,0.672,0.28,22
0.004,0,1.204,0.4,2
0.004,0,1.094,0.31,5
0.002,0,0.542,0.2,3
0.055,0,1.915,0.82,5
0.055,0,1.545,0.54,2
0.022,0,1.252,0.56,8
0.004,0,1.174,0.42,2
0.022,0,0.902,0.52,2
0.055,0,1.285,0.46,2
0.055,0,1.605,0.56,2
0.006,0,1.056,0.45,2
0.024,0,1.104,0.5,3
0.022,0,1.072,0.74,5
0.055,0,1.425,0.58,2
0.074,0,2.794,1.3,2
0.004,0,0.434,0.2,2
0.005,0,1.025,0.35,2
0.022,0,0.932,0.46,2
0.006,0,0.986,0.53,2
0.011,0.6,1.82,0.33,8.8
0.011,0,3.261,0.78,14
0.011,0,1.451,0.56,11
0.017,0,4.707,0.2,15
0.011,0,1.591,0.52,56
0.011,0,3.061,0.44,9
0.011,0,1.791,0.34,18
0.011,0,3.471,1.3,238
0.011,0,1.741,0.36,7
0.011,0,1.321,0.28,12
0.055,0,2.275,0.72,4
0.011,0,4.361,0.88,59
0.011,0.3,5.091,0.42,2
0.03,0,7.93,1.01,8
0.019,0,3.219,0.67,10
0.011,0.6,1.791,0.38,2
0.011,0,2.111,0.72,33
0.018,0,1.638,0.55,5
0.014,0,4.764,1.06,26
0.027,0,2.107,0.66,3
0.011,0,0.991,0.43,8
0.091,0,3.701,2.02,97
0.011,0,0.991,0.48,12
0.015,0,4.685,0.8,11
0.015,0,2.995,0.72,14
0.011,2.4,2.051,0.56,6
0.015,2.4,1.865,0.65,6
0.011,2.4,0.871,0.48,5
0.031,0,4.711,1.04,9
0.015,0,1.895,0.9,22
0.028,0,2.198,0.94,5
0.011,2.4,1.241,0.71,46
0.011,2.8,0.79,0.5,5.05
0.011,2.8,4.881,0.69,2
0.011,2.4,1.041,0.4,4
0.042,0,1.902,0.82,2
0.016,0,3.286,1.01,9
0.011,2.4,1.101,0.49,8
0.011,2.4,1.561,0.71,14
0.014,0,2.644,0.78,41
0.011,2.4,1.981,0.6,73
0.011,2.4,1.891,0.75,3
0.017,0,2.817,1.02,30
0.024,0,1.804,0.75,7
0.048,0,1.938,0.91,5
0.017,0,2.647,0.97,19
0.012,0,1.242,0.63,29
0.068,0,3.658,1.88,9
0.011,0,1.331,0.77,48
0.017,0,3.827,0.67,42
0.011,1,0.711,0.25,4
0.011,0,1.391,0.39,5
0.011,1,2.161,0.4,3
0.011,0,0.47,0.3,9.2
0.012,1,1.892,0.58,5
0.011,1,1.201,0.29,5
0.011,1,0.971,0.41,4
0.011,1,0.751,0.33,4
0.011,1,1.361,0.25,82
0.011,1,0.871,0.35,37
0.011,0,3.451,0.63,3
0.011,0,1.741,0.68,2
0.023,0,2.633,0.6,2
0.011,0,0.881,0.32,5
0.044,0,1.854,0.77,2
0.011,1,2.301,0.47,12
0.011,0,1.801,0.55,22
0.016,0,1.686,0.64,13
0.011,0,0.751,0.28,4
0.021,0,1.151,0.53,2
0.011,0,0.561,0.2,4
0.011,0,1.441,0.61,2
0.031,0,2.581,1.07,6
0.011,0,0.841,0.37,3
0.011,0,0.901,0.2,2
0.011,0,1.231,0.36,3
0.011,0,0.791,0.24,6
0.011,0,0.621,0.46,4
0.011,0,0.461,0.28,5
0.011,3.8,2.691,0.64,2
0.015,0,1.385,0.44,2
0.011,0,0.721,0.45,7
0.011,0,1.561,0.73,26
0.011,0,1.471,0.53,3
0.011,4.8,2.501,0.39,2
0.018,0,1.748,0.97,18
0.012,0,1.192,0.52,3
0.011,0,1.231,0.54,2
0.035,0,2.065,0.73,14
0.011,0.6,0.601,0.49,3
0.011,0.6,0.761,0.34,3
0.011,0.6,0.781,0.56,2
0.011,0.6,0.471,0.33,2
0.011,0,2.141,0.75,3
0.011,0,1.321,0.67,8
0.011,0,1.201,0.6,8
0.011,0,3.341,0.64,5
0.021,0,1.881,0.68,3
0.011,0,0.581,0.41,9
0.015,0,1.285,0.62,3
0.011,0,1.361,0.91,9
0.011,0,1.301,0.65,3
0.018,0,1.488,1.24,5
0.011,16,0.746,0.68,2
0.011,16,0.741,0.63,4
0.011,16,0.491,0.35,2
0.011,16,0.821,0.38,2
0.013,0,1.743,0.97,47
0.011,10.4,2.851,0.82,3
0.033,0,2.153,0.8,3
0.011,0,1.241,0.84,47
0.016,30.8,2.916,0.98,6
0.027,0,1.677,1.04,5
0.011,0,1.431,0.82,35
0.016,0,1.356,0.83,15
0.013,0,1.363,1.16,24
0.066,0,2.556,1.43,54
0.006,0,0.816,0.53,65.7
0.007,0,0.747,0.51,47.8
0.011,3,1.041,0.9,53
0.011,3,0.991,0.7,48
0.011,3,2.341,2.06,12
0.011,3,0.921,0.74,88
0.039,0,1.819,0.92,20
0.011,1,3.481,0.99,8
0.011,0,1.411,1.01,115
0.013,0,2.603,0.86,2
0.011,0,1.071,0.58,3
0.011,0,1.451,0.5,15
0.011,0,1.201,0.59,3
0.011,0,1.246,1.18,26
0.013,0,1.283,0.59,12
0.016,0,2.396,1.78,367
0.005,0,0.595,0.33,9.2
0.011,0,0.566,0.5,14
0.011,0,0.381,0.31,2
0.011,0,0.271,0.2,2
0.011,0,0.371,0.21,2
0.011,0,0.631,0.5,3
0.011,0,0.401,0.21,10
0.011,0,0.951,0.38,7
0.011,0,0.991,0.47,2
0.016,0,1.076,0.54,4
0.011,0,0.466,0.4,6
0.014,0,1.104,0.82,14
0.011,0,0.671,0.51,5
0.019,0,0.989,0.48,4
0.015,23.8,1.615,0.56,2
0.048,8,7.168,5.61,2
0.011,0,0.481,0.4,2
0.011,0,1.091,0.7,23
0.011,0,0.936,0.87,38
0.015,0,1.295,0.95,20
0.061,0,1.621,0.68,3
0.011,0.4,0.451,0.25,5
0.011,0.8,0.971,0.3,4
0.011,0.8,0.361,0.2,2
0.011,0,0.811,0.46,2
0.011,0.4,0.666,0.6,2
0.011,0.8,0.266,0.2,2
0.011,0.8,0.456,0.39,10
0.011,0.8,0.546,0.48,19
0.011,0.8,0.821,0.35,4
0.013,0,1.893,0.71,2
0.041,0.8,2.431,0.79,2
0.011,0,0.551,0.45,7
0.011,0,0.486,0.42,3
0.011,0,0.831,0.6,42
0.011,0,0.406,0.34,3
0.011,0,1.111,0.59,26
0.011,0,0.851,0.77,7
0.014,0,0.974,0.56,2
0.011,0,0.721,0.49,2
0.291,0,2.661,0.85,3
0.011,5.4,0.866,0.8,2
0.011,0,0.871,0.44,7
0.012,5.4,0.692,0.42,5
0.011,10.8,0.766,0.7,2
0.011,10.8,1.211,0.57,5
0.011,10.8,0.601,0.46,2
0.011,10.8,1.171,0.62,5
0.011,9.6,0.946,0.88,3
0.011,10.8,0.436,0.37,2
0.014,11.6,1.464,1.03,3
0.012,0,0.772,0.55,2
0.018,0,1.478,1.14,10
0.011,0,1.041,0.81,3
0.011,0,0.736,0.67,2
0.021,0,1.521,1.08,28
0.014,11.6,1.594,0.97,7
0.012,0,1.272,1.17,27
0.013,0,1.213,0.87,5
0.017,0,1.337,0.88,7
0.039,0,1.979,0.93,2
0.011,0,1.461,0.79,3
0.013,0.4,1.153,0.38,9
0.015,0.2,0.655,0.23,6
0.011,0,2.021,0.92,3
0.011,0.4,1.781,1.06,14
0.011,0.2,0.981,0.61,14
0.011,0.4,1.071,0.7,3
0.011,0.4,0.691,0.46,12
0.011,0.4,1.191,0.95,5
0.011,0,2.181,1.02,2
0.011,0,2.511,1.32,5
0.011,0,1.231,0.82,6
0.011,0.4,2.401,0.95,2
0.015,0,1.765,0.83,5
0.013,0.4,2.193,0.99,19
0.014,0,1.664,0.78,2
0.014,0,1.494,0.81,2
0.015,0,1.265,0.65,3
0.014,0,1.714,1.12,19
0.046,0,2.356,1,2
0.011,4,0.711,0.44,7
0.016,0,1.686,0.58,3
0.011,0,1.481,0.6,2
0.011,4,0.681,0.34,4
0.011,4,0.3,0.47,5.35
0.011,4,0.911,0.58,4
0.022,4,1.622,0.53,4
0.011,4,1.361,0.4,3
0.011,2,0.671,0.26,6
0.011,0,1.101,0.56,2
0.018,2,1.138,0.62,3
0.011,0,0.861,0.57,2
0.011,4,1.561,0.42,2
0.018,0,1.378,0.43,2
0.011,0,1.701,0.65,2
0.011,0,0.66,0.53,4.6
0.016,4,2.156,0.58,2
0.012,0,1.382,0.56,6
0.011,0,1.441,0.52,2
0.011,0,1.041,0.82,4
0.055,0,1.675,0.76,6
0.085,0,1.355,0.63,4
0.018,0,1.288,0.66,7
0.011,0,0.701,0.32,5
0.011,0,1.021,0.62,3
0.014,0,1.614,0.74,66
0.045,0,2.785,1.42,3
0.011,15,1.651,0.66,10
0.029,7.5,1.839,0.83,6
0.011,15,0.961,0.53,27
0.011,0,1.29,0.55,6.1
0.011,11,1.461,0.53,22
0.011,15,0.921,0.5,13
0.022,0,1.962,0.83,2
0.011,7.5,1.121,0.62,30
0.011,15,1.831,0.8,38
0.011,15,1.651,0.74,3
0.011,15,0.42,0.64,21.6
0.055,0,2.68,2.46,288
0.026,0,2.746,1.33,66
0.022,16.8,2.232,1.32,19
0.034,0,2.594,1.68,188
0.031,0,2.161,1.34,43
0.021,16.8,3.301,1.76,43
0.029,0,3.239,1.62,25
0.011,0,23.121,2.11,67
0.044,0,2.304,1.37,37
0.055,0,2.555,1.56,39
0.033,0,3.683,2.18,58
0.011,0,1.341,0.73,10
0.052,0,4.622,1.38,19
0.011,0,1.341,0.83,2
0.055,0,4.085,2.37,15
0.015,0,1.49,1.4,38.8
0.017,19.4,1.897,1.38,42
0.015,19.4,1.665,1,178
0.01,19.4,1.14,2.17,108
0.021,0,1.2,1.7,92.4
0.036,0,1.47,2.85,672
0.014,9.7,1.624,1.02,104
0.039,0,2.529,1.94,276
0.016,0,2.076,1.23,24
0.029,9.7,1.959,1.39,39
0.026,0,3.286,2.55,316
0.014,19.4,2.504,1.88,126
0.017,19.4,2.137,1.6,156
0.018,0,2.498,1.71,34
0.016,19.4,2.086,1.28,226
0.024,19.4,3.714,2.85,360
0.011,35.2,1.621,1.03,35
0.023,19.4,2.493,1.85,140
0.046,0,2.896,2.09,54
0.019,0,2.099,1.26,15
0.027,0,3.007,2.27,252
0.055,0,2.845,2.16,264
0.024,0,2.704,1.92,172
0.007,0,0.8,0.84,49.7
0.015,0,1.12,1.88,190.8
0.002,0,0.742,0.41,4
0.011,0,1.451,0.57,2
0.006,0,1.386,0.49,5
0.005,0,0.815,0.37,15
0.004,0,0.934,0.54,47
0.004,0,1.184,0.53,2
0.006,0,1.486,0.53,19
0.011,0,1.261,0.64,5
0.006,0,1.16,0.56,5
0.002,0,0.39,0.66,9.15
0.011,0,0.981,0.58,7
0.025,0,1.365,0.55,4
0.022,0,1.602,0.94,22
0.011,0,2.061,0.54,2
0.022,0,2.552,0.54,2
0.022,0,0.72,0.82,2.8
0.011,0,1.431,0.44,5
0.011,0,1.091,0.65,17
0.011,0,1.761,0.66,4
0.055,0,1.105,0.58,60
0.011,0,1.141,0.78,17
0.022,0,1.032,0.6,2
0.006,0,0.99,0.49,15.5
0.011,0,0.841,0.5,2
0.005,0,0.38,0.21,31
0.055,0,2.655,1.33,4
0.006,0,1.186,0.6,11
0.011,0,1.431,0.6,16
0.011,0,1.961,0.6,3
0.004,0,1.164,0.55,10
0.004,0,2.274,0.96,97
0.004,0,1.344,0.61,12
0.002,0,0.802,0.21,11
0.004,0,3.014,0.52,2
0.011,0,2.911,0.72,11
0.002,0,1.382,0.7,48
0.022,0,2.822,0.94,2
0.011,0,1.981,0.89,236
0.022,5.8,3.102,0.72,2
0.022,0,2.422,0.82,3
0.013,5.8,3.693,0.66,2
0.011,0,2.831,0.92,23
0.012,0,3.162,1,15
0.055,0,1.795,1.03,64
0.014,0,2.914,1.13,22
0.022,0,1.982,1.08,68
0.055,0,1.965,1.07,36
0.007,32.2,0.997,0.5,2
0.013,32.2,0.858,0.79,2
0.002,32.2,0.472,0.34,2
0.003,16.1,0.623,0.42,2
0.004,32.2,0.754,0.71,2
0.005,32.2,0.415,0.27,2
0.013,0,1.443,0.91,2
0.019,16.1,1.039,0.73,2
0.016,32.2,0.876,0.35,2
0.022,35.4,2.192,1.62,87
0.022,0,4.252,3.55,303
0.011,21.3,2.131,1.57,36
0.011,0,1.131,0.75,27
0.026,0,2.216,1.63,80
0.022,0,2.372,2.12,189
0.027,0,1.177,0.68,22
0.022,0,1.672,0.97,10
0.055,0,1.455,0.84,11
0.017,0,1.557,1.23,36
0.055,0,2.585,1.5,3
0.007,3.4,0.627,0.43,12
0.017,6.8,1.607,1.1,40
0.014,6.8,0.714,0.67,4
0.011,6.8,1.091,0.92,13
0.005,6.8,0.555,0.32,42
0.011,3.4,1.161,1.04,12
0.007,6.8,1.207,0.55,6
0.006,6.8,0.696,0.49,8
0.017,0,1.227,0.58,30
0.052,0,1.542,1.18,7
0.011,0,1.091,0.79,78
0.102,6.8,2.342,1.41,14
0.011,0,1.141,0.96,9
0.062,12.2,1.922,1.1,5
0.011,0,0.936,0.87,17
0.11,0,2.69,1.81,6
0.012,0,1.602,1.51,18
0.052,0,1.892,1.28,37
0.055,0,1.675,1.16,9
0.204,0,3.164,1.5,2
0.005,7.2,0.43,0.28,2.2
0.007,3.6,0.46,0.28,7.4
0.004,7.2,0.68,0.64,5.9
0.004,12.5,1.414,1.33,9
0.003,12.5,1.003,0.86,15
0.008,12.5,1.048,0.66,19
0.006,6.25,1.306,1.05,31
0.011,0,1.491,1.05,13
0.011,6.25,1.071,0.93,11
0.01,12.5,1.55,1.05,33
0.011,12.5,1.071,0.95,12
0.006,12.5,1.246,0.8,33
0.022,0,1.642,1.08,2
0.011,0,0.826,0.76,6
0.011,0,0.931,0.73,19
0.011,10,1.481,0.81,4
0.011,0,0.821,0.75,12
0.022,0,1.822,1.48,42
0.022,12.7,1.872,0.78,23
0.011,0,1.471,1.39,53
0.055,0,1.915,1.38,122
0.022,0,1.502,0.91,30
0.071,0,2.061,1.1,3
0.018,16.4,1.06,0.69,198
0.009,8.2,0.72,0.5,58.9
0.011,16.4,0.76,0.64,29.3
0.037,17.8,0.68,0.57,130
0.016,17.8,0.72,0.64,19.6
0.011,8.9,0.63,0.43,43.3
0.004,0,0.494,0.44,7
0.004,0,1.214,0.65,6
0.011,0,1.251,0.95,8
0.002,0,0.792,0.59,21
0.011,0,1.261,1.16,12
0.002,0,0.692,0.55,9
0.004,0,0.954,0.77,6
0.011,0,1.391,0.97,2
0.004,0,1.234,1.1,8
0.011,0,1.501,1.3,78
0.011,38.4,1.711,1.44,104
0.011,0,1.211,1.14,138
0.022,0,1.712,1.48,254
0.022,0,2.622,2.23,287
0.014,30,2.344,1.96,277
0.011,0,1.401,1.27,60
0.011,0,1.491,1.26,84
0.328,0,3.068,1.22,6
0.011,13.8,0.796,0.73,7
0.004,27.6,0.434,0.36,4
0.011,27.6,1.631,0.91,10
0.011,27.6,0.971,0.88,9
0.03,27.6,1.07,0.67,4
0.002,27.6,0.442,0.28,2
0.031,13.8,1.121,0.77,14
0.011,0,1.531,0.97,2
0.004,27.6,0.734,0.71,4
0.014,0,1.374,0.88,5
0.022,0,1.262,0.98,7
0.011,0,1.271,1.19,17
0.022,0,1.372,0.91,3
0.011,6.6,1.391,0.68,6
0.011,0,1.101,0.78,6
0.011,7.6,1.451,0.85,4
0.016,0,1.006,0.46,5
0.011,0,0.671,0.47,2
0.011,0,0.701,0.6,11
0.083,0,2.303,1.19,2
0.036,0,0.986,0.63,2
0.015,0,1.085,0.54,2
0.011,0,1.381,0.51,2
0.004,0,0.634,0.61,2
0.011,0,0.806,0.74,3
0.002,0,0.432,0.31,2
0.004,0,1.114,0.58,2
0.011,0,0.906,0.84,2
0.005,0,0.355,0.3,2
0.034,1.9,3.999,3.91,43
0.011,0,0.961,0.59,2
0.011,0,0.901,0.68,2
0.022,0,1.452,1.01,4
0.011,0,0.931,0.71,2
0.014,0,1.444,0.66,2
0.028,0,4.198,2.99,76
0.032,0,1.462,0.89,3
0.013,0,1.183,0.79,3
0.011,0,0.986,0.92,5
0.073,0,2.533,1.27,5
0.009,0,1.019,0.64,4
0.012,0,1.432,0.6,2
0.009,0,1.889,0.75,2
0.015,0,2.235,0.93,4
0.004,0,2.284,0.77,2
0.004,0,0.854,0.49,7
0.006,0,1.656,0.43,2
0.002,0,0.942,0.48,2
0.006,0,0.896,0.45,3
0.028,0,1.898,0.68,4
0.011,0,1.971,0.42,2
0.011,0,1.951,0.57,2
0.014,0,1.714,0.65,2
0.016,0,3.376,0.58,2
0.011,0,0.991,0.54,2
0.022,0,1.592,0.48,6
0.02,0,1.34,0.63,8
0.011,0,1.291,0.61,6
0.05,0,2.97,1.26,2
0.007,0,2.927,0.6,2
0.004,0,1.024,0.44,25
0.017,0,1.347,0.75,3
0.012,0,1.952,0.53,3
0.017,0,2.847,1,2
0.004,0,1.144,0.63,2
0.002,0,0.862,0.46,4
0.007,0,2.037,0.72,6
0.009,0,2.429,0.7,2
0.009,0,1.659,0.71,2
0.002,0,1.172,0.61,17
0.007,0,2.767,0.84,2
0.018,0,3.368,1.31,2
0.037,0,2.317,0.63,2
0.006,0,2.546,0.76,10
0.027,0,5.217,0.28,2
0.011,0,1.321,0.64,155
0.017,0,2.327,0.71,2
0.014,0,2.794,0.66,2
0.021,0,2.241,0.88,2
0.012,0,4.292,1.32,2
0.014,0,2.204,1.29,54
0.006,0,1.486,0.83,2
0.012,0,3.232,0.84,2
0.046,0,3.616,1.94,5
0.008,0,0.848,0.45,2
0.005,0,1.395,0.58,2
0.012,0,1.822,0.67,5
0.024,0,3.784,0.8,5
0.014,0,3.354,1.56,118
0.055,0,2.515,1.19,15
0.007,0,2.167,1.76,35
0.022,0,2.332,1.47,51
0.018,0,2.088,1.02,14
0.01,0,2.55,1.67,11
0.056,0,4.796,3.88,108
0.018,0,2.568,1.57,7
0.026,0,2.986,1.81,6
0.017,0.5,1.877,1.19,14
0.014,0,3.054,2.42,39
0.015,1,2.225,1.51,13
0.016,1,2.076,1.17,14
0.026,0.5,1.906,1.18,11
0.018,1,2.068,1.03,18
0.014,1,2.634,1.93,40
0.013,1,1.923,1.25,4
0.012,1,1.712,1.03,81
0.055,0,3.275,1.83,3
0.014,0,1.964,1.54,10
0.011,0,1.701,0.97,6
0.019,0,2.679,1.55,42
0.04,0,4.66,3.6,16
0.057,0,4.697,3.37,19
0.025,0,2.655,1.5,15
0.023,0,2.903,1.82,14
0.01,0,1.7,0.74,7
0.072,0,5.472,3.65,15
0.009,0,1.339,0.92,4
0.055,0,2.795,1.84,4
0.011,0,1.141,0.68,23
0.011,0,0.891,0.62,35
0.004,0,1.014,0.7,18
0.01,0,2.24,1.57,95
0.011,0,1.541,0.9,16
0.011,0,1.601,0.86,19
0.015,0,3.755,2.83,13
0.004,0,1.124,0.88,9
0.013,0,1.893,1.14,8
0.006,0,1.436,1.04,48
0.004,0,0.794,0.5,11
0.012,0,2.642,0.76,28
0.022,0,2.502,1.01,4
0.011,0,2.071,0.91,5
0.011,0,1.821,1.01,27
0.011,0,1.961,1.07,21
0.026,0,1.996,0.63,3
0.011,0,1.361,0.89,64
0.017,0,1.907,0.98,6
0.055,0,1.755,0.73,10
0.013,0,1.663,0.93,23
0.016,0,1.206,0.5,3
0.006,0,1.256,0.77,16
0.055,0,3.225,1.45,4
0.022,0,2.112,1.31,7
0.007,0,0.827,0.49,11
0.005,0,1.175,0.54,12
0.011,6,1.321,0.93,14
0.011,0,1.931,0.89,2
0.003,6,1.513,0.88,7
0.007,6,3.297,0.84,13
0.005,3,1.495,0.87,31
0.005,6,2.065,0.94,30
0.011,6,1.521,1,18
0.004,6,1.014,0.66,7
0.013,3,2.623,0.75,16
0.011,6,2.461,0.85,22
0.021,0,2.641,1.23,36
0.013,0,2.433,1.65,136
0.011,0,2.621,0.98,47
0.028,0,2.248,1.17,49
0.012,6,3.362,0.91,5
0.015,0,2.925,1.15,37
0.055,0,2.035,1.03,8
0.017,0,2.067,0.97,39
0.036,0,2.426,1.27,30
0.055,0,2.555,1.12,7
0.011,15.9,1.191,0.74,13
0.004,15.9,1.054,0.66,17
0.004,7.95,1.014,0.63,35
0.005,15.9,1.695,0.78,2
0.004,15.9,1.444,0.73,32
0.011,7.95,1.691,0.9,4
0.004,15.9,0.814,0.54,13
0.011,0,1.711,1.06,10
0.011,15.9,0.901,0.75,17
0.023,0,1.723,0.85,2
0.011,5.8,1.851,0.82,3
0.011,0,2.021,0.55,11
0.022,0,1.642,0.86,6
0.011,0,2.101,0.85,17
0.011,5.8,3.141,1.09,3
0.011,0,1.471,1.02,71
0.011,0,1.551,0.79,3
0.011,0,2.041,0.88,13
0.055,0,1.585,0.74,2
0.055,0,2.585,1.1,4
0.022,0,1.792,1,4
0.005,0,1.075,0.5,2
0.007,0,1.437,0.81,2
0.004,0,0.594,0.3,7
0.006,0,1.236,0.67,5
0.003,0,0.653,0.38,2
0.011,0,1.591,0.8,2
0.011,0,0.991,0.87,2
0.004,0,0.514,0.41,2
0.025,0,1.845,0.64,2
0.023,0,2.643,0.48,2
0.016,0,2.236,0.74,2
0.022,0,2.262,1.11,2
0.011,0,1.131,0.89,3
0.037,0,2.117,1.21,3
0.014,0,1.894,0.98,2
0.011,0,1.341,1.23,14
0.042,0,1.722,0.92,15
0.055,0,1.965,1.13,8
0.127,0,3.627,2.34,13
0.012,0,0.922,0.73,2
0.002,0,0.652,0.44,2
0.007,0,1.247,0.56,2
0.011,0,1.211,1.1,7
0.003,0,0.553,0.4,5
0.004,0,1.344,1.27,2
0.012,0,0.922,0.5,2
0.005,0,0.585,0.47,2
0.011,0,1.171,1,8
0.011,0,1.026,0.96,25
0.019,0.8,1.529,0.68,14
0.011,0,0.851,0.59,70
0.038,0,1.218,0.75,10
0.03,0,2.1,1.7,167
0.035,0.8,1.795,0.92,2
0.055,0,1.515,0.99,9
0.013,0,1.653,1.55,42
0.019,0,1.589,1.06,30
0.117,0,2.337,0.98,8
0.011,5.2,1.381,0.71,2
0.003,2.6,0.613,0.42,5
0.011,5.2,1.081,1.01,10
0.011,2.6,1.131,1.01,2
0.002,5.2,0.482,0.31,2
0.004,5.2,0.654,0.61,2
0.006,5.2,1.016,0.43,16
0.011,0,1.421,0.93,7
0.004,5.2,0.544,0.45,2
0.011,0,0.961,0.79,4
0.023,2,1.833,0.87,8
0.011,0,0.811,0.73,8
0.022,0,1.152,0.91,12
0.011,0,0.741,0.62,4
0.011,2,1.451,0.63,2
0.022,0,1.472,0.83,2
0.055,0,1.495,0.96,9
0.011,0,2.066,2,26
0.022,0,1.192,0.71,9
0.055,0,1.985,1.14,21
0.002,7.8,0.42,0.32,3.6
0.004,3.9,0.69,0.43,55.7
0.007,7.8,1.03,0.94,80.5
0.002,19.6,0.35,0.29,3.8
0.003,19.6,0.66,0.6,27
0.012,9.8,2.06,1.83,241
0.002,21,0.582,0.39,4
0.011,21,1.271,0.84,7
0.011,21,1.106,1.04,15
0.044,10.5,1.514,1.09,7
0.005,0,1.565,0.96,2
0.011,10.5,1.156,1.09,2
0.004,21,0.994,0.97,25
0.004,21,0.784,0.75,2
0.011,21,1.511,0.74,2
0.022,0,1.482,0.96,2
0.055,0,1.065,0.72,2
0.022,0,1.432,0.83,2
0.011,0,1.171,1.1,7
0.011,0,0.841,0.72,2
0.011,0,1.101,0.93,4
0.037,5,1.857,0.81,2
0.077,5,2.887,1.66,2
0.011,0,0.866,0.8,2
0.011,0,0.866,0.8,2
0.128,0,4.058,2.96,15
0.021,5.7,1.021,0.66,4
0.004,11.4,0.494,0.44,9
0.004,0,1.334,0.74,20
0.011,11.4,1.221,0.44,2
0.013,11.4,1.233,0.67,2
0.014,5.7,1.114,0.94,2
0.011,11.4,0.846,0.78,13
0.002,11.4,0.692,0.52,8
0.004,11.4,1.244,1.22,2
0.011,0,1.011,0.81,9
0.016,17.4,2.076,1.63,82
0.011,0,1.211,0.85,2
0.012,0,1.852,1.51,45
0.011,0,0.751,0.54,5
0.037,0,2.587,1.83,76
0.018,17.4,2.468,1.9,27
0.011,0,1.291,0.95,5
0.011,0,1.281,0.89,4
0.011,0,1.221,1.11,22
0.055,0,1.865,1.05,6
0.005,8.1,2.255,1.63,137
0.011,0,5.091,2.65,187
0.003,16.2,2.303,1.46,47
0.011,16.2,5.251,1.57,52
0.008,16.2,3.948,2.23,452
0.005,16.2,2.305,1.37,151
0.008,0,2.238,1.12,35
0.007,16.2,2.417,2.06,175
0.009,16.2,2.039,1.33,36
0.02,0,1.77,1.17,59
0.005,16.2,2.565,1.48,88
0.027,0,2.437,1.14,13
0.013,0,4.783,2.63,362
0.023,8.1,2.533,1.37,29
0.011,16.2,1.821,0.91,15
0.025,0,2.185,1.28,86
0.046,0,2.616,1.37,8
0.028,0,2.348,1.3,5
0.027,0,5.167,1.95,45
0.007,0,1.547,0.69,18
0.059,0,3.409,1.81,6
0.006,0,2.006,1.58,14
0.022,0,4.392,1.21,4
0.024,0,2.484,0.96,46
0.016,0,2.146,0.83,2
0.011,0,2.941,0.69,18
0.022,0,1.742,0.89,26
0.022,0,2.822,0.62,2
0.008,0,1.128,0.48,4
0.016,0,2.516,0.65,36
0.055,0,2.725,0.62,2
0.036,0,2.386,0.87,2
0.037,0,3.317,0.86,4
0.028,0,2.058,0.81,3
0.01,0,1.65,0.96,21
0.054,0,3.714,1.69,2
0.007,0,1.397,0.72,8
0.055,0,3.225,0.84,8
0.004,0,1.154,0.67,23
0.012,0,1.602,0.73,4
0.008,0,1.668,0.55,2
0.006,0,2.256,0.7,14
0.008,0,2.258,0.73,53
0.011,0,1.241,0.71,13
0.022,0,1.652,0.88,5
0.011,0,1.521,0.61,30
0.022,0,2.172,1.44,11
0.011,0,1.511,0.67,4
0.033,0,2.733,1.25,7
0.006,0,0.886,0.43,2
0.064,0,4.444,2.86,14
0.022,0,2.352,0.87,8
0.005,0,1.435,0.74,9
0.028,0,1.208,0.55,2.2
0.011,0,2.291,2.21,2
0.007,0,0.827,0.43,1
0.012,0,0.902,0.65,5.6
0.035,0,2.765,0.85,4.2
0.021,0,1.261,0.64,4.6
0.014,0,3.774,3.39,470
0.033,0,2.123,1.42,23
0.016,0,1.266,1.03,9
0.065,0,2.155,1.38,4
0.011,0,0.641,0.57,2
0.012,0,1.262,0.98,9
0.018,0,1.258,0.89,5
0.022,0,1.392,0.99,6
0.03,0,1.25,0.68,5
0.011,0,1.171,1.05,14
0.026,0,0.996,0.56,3.2
0.022,0,1.062,0.63,5.2
0.012,0,0.512,0.33,3.3
0.166,0,3.196,1.48,7.3
0.014,0,0.914,0.5,4.5
0.136,0,3.226,1.85,9
0.01,0,0.84,0.68,4.9
0.005,0,0.575,0.39,12.1
0.026,0,0.956,0.53,6.4
0.022,0,0.982,0.86,21
0.029,0,1.349,0.76,19
0.011,0,0.451,0.24,10
0.025,0,0.955,0.47,2
0.011,0,0.721,0.56,5
0.009,0,0.629,0.57,54.9
0.051,0,2.471,0.79,6.4
0.004,0,0.874,0.8,14
0.036,0,1.066,0.82,9
0.011,0,0.841,0.68,4
0.038,0,1.548,1.02,15.5
0.059,0,1.989,1.44,5.7
0.03,0,1.73,1.5,43
0.075,0,3.085,1.22,54
0.176,0,2.946,1.51,12.4
0.041,0,1.741,1.04,48.1
0.127,0,2.377,1.04,3
0.008,0,0.898,0.69,15
0.023,0,1.043,0.71,9
0.008,0,0.778,0.57,12
0.038,0,1.368,0.76,57
0.016,0,0.836,0.58,11.4
0.015,0,1.055,0.92,6
0.006,0,1.066,0.59,26.5
0.006,0,0.646,0.38,14
0.015,0,1.765,1.08,7
0.004,0,1.034,1.01,174
0.004,0,0.674,0.59,4.7
0.011,0,0.916,0.85,34
0.011,0,0.756,0.69,6
0.012,0,1.452,1.37,34
0.022,0,1.072,0.75,8
0.01,0,0.89,0.6,2.6
0.022,0,1.222,0.79,15
0.011,0,1.766,1.7,27
0.005,0,0.625,0.52,1.5
0.011,0,2.051,1.94,190
0.008,0,1.068,0.82,28.6
0.004,0,0.484,0.33,22.2
0.033,0,1.633,1.12,24
0.024,0,1.214,0.85,58.7
0.064,0,2.264,1.31,137
0.005,0,1.215,0.99,35.1
0.046,0,2.136,1.7,284
0.009,0,0.979,0.49,5.2
0.004,0,1.044,0.88,55
0.011,0,0.996,0.93,30
0.019,0,1.439,0.78,16
0.002,0,0.622,0.47,15
0.007,0,0.887,0.73,3.6
0.003,0,3.173,2.75,77.8
0.002,0,0.582,0.55,2.1
0.012,0,0.702,0.49,8.2
0.006,0,0.786,0.73,4.7
0.004,0,0.474,0.35,30.1
0.006,0,0.736,0.44,9.9
0.004,0,0.604,0.52,28.9
0.07,0,2.28,0.98,29.9
0.011,0,0.881,0.65,1
0.002,0,0.822,0.56,13.9
0.022,0,1.132,0.88,3
0.022,0,1.082,0.85,8
0.004,0,0.894,0.87,40
0.011,0,0.631,0.55,3
0.022,0,1.012,0.66,7
0.011,0,1.171,1.05,12
0.011,0,0.801,0.7,8
0.078,0,3.118,2.26,54
0.011,0,1.836,1.77,43
0.049,0,0.979,0.44,2
0.003,0,0.473,0.28,10
0.011,0,0.806,0.74,4
0.002,0,1.032,0.8,1
0.066,0,4.166,1.04,2.9
0.002,0,0.942,0.48,185
0.002,0,1.312,0.87,20.9
0.008,0,0.628,0.44,1.1
0.002,0,0.512,0.28,1
0.002,0,0.387,0.37,6.2
0.005,0,0.705,0.46,1.7
0.002,0,0.392,0.37,1
0.004,0,0.384,0.23,1.2
0.022,0,1.232,0.83,2
0.158,0,1.078,0.8,2
0.011,0,0.511,0.39,2
0.004,0,0.434,0.41,4
0.011,0,1.101,0.98,7
0.028,0,0.918,0.65,3
0.011,0,0.646,0.58,9
0.111,0,1.761,0.88,4
0.012,0,1.057,0.99,63
0.004,0,0.634,0.42,17.8
0.011,0,1.091,0.98,24
0.039,0,1.879,1.38,53
0.006,0,0.716,0.46,8
0.004,0,1.264,0.82,7
0.011,0,0.956,0.89,16
0.009,0,1.519,0.87,64
0.003,0,0.643,0.34,7
0.011,0,0.991,0.92,6
0.04,0,1.65,1.1,9
0.005,0,1.115,0.62,24
0.011,0,1.341,0.77,2
0.011,0,1.241,0.86,4
0.011,0,0.841,0.62,2
0.022,0,1.532,1,3
0.011,0,0.911,0.74,9
0.035,0,1.095,0.62,6
0.029,0,1.799,1.13,40
0.011,0,1.171,0.83,8
0.008,0,1.908,0.65,2
0.005,0,1.785,0.63,2
0.011,0,0.851,0.45,22
0.008,0,1.768,0.62,3
0.022,0,2.762,1.06,2
0.017,0,1.817,0.75,13
0.022,0,1.802,0.7,6
0.011,0,1.131,0.7,29
0.011,0,2.111,0.85,88
0.013,0,1.593,0.88,6
0.03,0,1.68,0.89,5
0.044,0,1.794,0.85,11
0.004,0,1.594,1.12,52
0.064,0,2.714,1.36,3
0.012,0,1.312,0.67,11
0.006,0,1.476,1.04,6
0.022,0,2.372,1.06,14
