"Oxygen, Dissolved (% Saturation)","Depth, Sample (Field)",Nitrite,"Nitrogen, Total Kjeldahl (TKN)","Solids, Suspended (TSS)",Phosphorus
131.0,300,0.012,1.0,11.9,0.4700139999999964
99.0,340,0.004,0.37,4.8,0.31405800000000095
120.0,350,0.007,0.51,4.6,0.32784399999999997
118.7,330,0.018,0.45,25.2,0.4674209999999962
91.7,130,0.012,1.83,241.0,0.5105799999999971
97.9,635,0.007,0.63,64.2,0.4734189999999957
115.0,300,0.017,0.44,5.5,0.4301959999999956
147.9,410,0.017,0.54,10.5,0.47430199999999484
119.3,210,0.03,0.49,2.9,0.28371800000000025
104.1,285,0.004,0.33,1.6,0.19540799999999928
104.9,210,0.003,0.09,3.5,0.2199090000000013
107.0,210,0.044,1.47,34.4,0.5035849999999967
121.0,175,0.007,0.34,2.2,0.2071959999999982
128.2,260,0.044,0.56,13.8,0.47329899999999575
106.0,100,0.005,0.45,2.7,0.26768200000000036
168.8,255,0.03,0.47,2.2,0.21585699999999777
108.0,230,0.019,0.28,8.4,0.4607109999999945
108.4,500,0.072,0.74,70.9,0.4736389999999957
108.9,90,0.011,0.39,6.8,0.4595849999999952
102.7,150,0.061,1.3,6.3,0.49188199999999627
108.0,200,0.007,0.39,4.6,0.30925500000000117
124.0,180,0.003,0.43,4.2,0.3000880000000018
128.4,135,0.03,0.36,1.5,0.1914679999999995
108.0,440,0.035,0.02,14.5,0.4629369999999969
139.4,340,0.011,0.21,5.7,0.4287289999999957
118.1,285,0.005,0.3,4.4,0.29305500000000145
108.0,180,0.014,0.69,9.5,0.48180599999999413
143.5,165,0.01,0.68,15.2,0.4736589999999957
124.2,210,0.013,0.48,2.6,0.25088499999999997
86.0,145,0.011,0.47,12.4,0.44760099999999653
117.9,230,0.078,2.25,4.0,0.4223070000000005
131.0,235,0.039,0.16,111.0,0.4633849999999969
115.0,390,0.005,0.48,26.2,0.4710659999999959
117.9,135,0.003,0.42,2.2,0.2127789999999979
146.6,240,0.006,0.39,4.3,0.2992620000000018
132.7,300,0.008,0.55,35.0,0.47329899999999575
124.4,365,0.008,0.41,45.5,0.46728799999999626
130.0,180,0.006,0.45,2.7,0.26768200000000036
113.0,270,0.007,0.35,6.9,0.4597399999999952
114.7,220,0.007,0.53,4.6,0.34125199999999917
129.0,290,0.004,0.36,2.3,0.21370599999999812
135.0,240,0.001,0.17,5.4,0.42470999999999653
154.3,140,0.006,0.54,1.7,0.2709409999999977
100.0,260,0.005,0.47,5.0,0.37915999999999894
115.0,130,0.053,1.37,26.3,0.501735999999996
110.8,250,0.011,0.23,5.0,0.36752099999999976
98.0,150,0.007,0.42,3.2,0.28836700000000126
103.3,350,0.01,0.26,4.2,0.27559900000000204
135.0,270,0.035,0.84,37.3,0.4737369999999957
138.5,380,0.011,0.51,7.4,0.4648449999999941
106.5,310,0.014,0.65,28.5,0.4736589999999957
115.6,260,0.01,0.31,6.9,0.4591209999999953
119.0,245,0.006,0.32,3.0,0.26702800000000093
114.0,140,0.019,0.53,6.2,0.457137999999995
112.4,160,0.005,0.53,11.4,0.45200299999999616
124.3,240,0.008,0.47,5.8,0.4419649999999953
152.0,170,0.032,0.55,3.6,0.32825299999999963
104.8,400,0.016,0.65,48.2,0.4736589999999957
129.8,200,0.004,0.43,25.8,0.46728799999999626
114.0,210,0.008,0.17,13.4,0.46338999999999686
93.0,190,0.065,0.897,5.2,0.442372999999996
110.0,220,0.005,0.42,8.1,0.4594779999999945
121.6,235,0.008,0.47,5.9,0.4417949999999953
136.0,330,0.012,0.58,9.1,0.4817399999999941
130.3,240,0.002,0.46,6.0,0.44879399999999553
103.5,250,0.007,0.42,2.9,0.2775760000000008
118.1,160,0.019,0.45,4.2,0.3017050000000016
108.4,260,0.033,0.59,6.0,0.454921999999995
132.2,130,0.014,0.5,4.7,0.32730700000000007
154.0,155,0.028,0.68,61.3,0.4736589999999957
109.4,250,0.005,0.45,5.6,0.4319599999999956
106.8,230,0.044,0.77,21.4,0.4736589999999957
111.0,200,0.008,0.47,6.0,0.4495139999999955
145.6,500,0.026,0.76,6.6,0.4629239999999948
143.7,250,0.004,0.34,7.9,0.45926099999999465
104.8,250,0.083,1.96,13.4,0.5218139999999977
108.0,160,0.017,0.72,46.4,0.4736589999999957
121.8,300,0.002,0.29,1.6,0.16864000000000007
117.0,145,0.006,0.44,6.8,0.45964099999999525
112.3,250,0.013,0.91,90.3,0.4857579999999955
186.7,185,0.043,0.54,1.7,0.27153599999999767
158.9,350,0.005,0.38,3.4,0.2863800000000017
130.8,1000,0.013,0.47,2.7,0.2708060000000002
144.5,190,0.018,0.21,6.3,0.44974099999999556
123.8,245,0.01,0.7,31.3,0.4736589999999957
122.7,230,0.007,0.2,5.6,0.42514899999999645
111.7,245,0.198,4.1,7.0,1.2849769999999967
122.3,165,0.004,0.76,8.1,0.4664669999999939
69.1,100,0.007,0.49,8.8,0.4782779999999943
142.4,400,0.017,0.58,12.4,0.4525049999999961
107.2,270,0.011,0.72,13.1,0.4736589999999957
147.2,170,0.006,0.88,15.4,0.4747109999999958
131.0,400,0.025,0.8,7.6,0.4673649999999941
119.3,360,0.108,3.9,8.3,1.2834669999999972
106.7,315,0.027,0.85,6.5,0.45921399999999485
101.1,330,0.002,0.55,23.2,0.47329899999999575
68.3,410,0.008,0.31,3.4,0.2719950000000017
143.5,205,0.003,0.44,1.4,0.1919289999999994
111.3,295,0.003,0.4,1.5,0.19142499999999948
116.7,600,0.008,0.38,5.6,0.4309319999999957
135.3,230,0.007,0.47,3.9,0.28856500000000207
97.9,200,0.007,0.41,5.3,0.4256649999999962
110.0,130,0.006,0.96,5.6,0.4610809999999956
139.5,120,0.001,0.36,2.1,0.20812099999999817
115.9,610,0.09,0.59,1.7,0.28728399999999743
114.0,450,0.054,2.5,570.0,0.5440749999999978
107.1,225,0.01,0.8,11.3,0.4527629999999961
113.6,180,0.008,0.44,2.6,0.24799200000000007
125.5,225,0.004,0.53,5.9,0.44609199999999477
92.6,175,0.061,0.73,20.9,0.47366699999999573
112.5,100,0.015,0.63,14.7,0.4734189999999957
114.5,240,0.014,0.49,17.6,0.4710659999999959
163.0,120,0.005,0.4,3.5,0.2856870000000019
109.7,280,0.004,0.4,12.3,0.4461119999999967
103.0,200,0.007,0.5,16.9,0.4717559999999958
129.1,335,0.01,0.62,45.1,0.4734189999999957
135.0,410,0.008,0.76,113.0,0.4736589999999957
132.9,390,0.008,0.54,14.2,0.4728989999999958
121.0,390,0.013,0.33,5.0,0.3731039999999994
132.4,400,0.006,0.5,12.2,0.45057999999999615
113.3,220,0.003,0.44,19.6,0.46734399999999626
102.1,340,0.01,0.22,2.6,0.17727300000000049
100.7,390,0.011,1.94,190.0,0.5214189999999976
113.0,130,0.009,0.73,64.5,0.4736589999999957
112.7,270,0.008,0.66,35.5,0.4736589999999957
113.6,550,0.011,0.66,4.7,0.3472729999999987
136.4,230,0.011,0.54,11.0,0.4507129999999962
135.4,295,0.12,1.67,5.3,0.47680299999999715
103.0,480,0.032,1.1,75.8,0.4924649999999959
141.0,180,0.028,0.31,2.6,0.22113499999999991
131.3,345,0.01,0.62,17.8,0.4734189999999957
115.7,180,0.01,0.53,4.2,0.33306399999999975
100.3,320,0.015,0.42,9.3,0.4747549999999946
161.1,90,0.009,0.23,3.0,0.23721600000000131
86.6,250,0.01,0.68,4.9,0.39143399999999773
104.0,160,0.055,1.46,28.4,0.5022739999999967
115.9,210,0.012,0.36,3.5,0.28777200000000186
111.6,280,0.041,1.09,11.6,0.47179499999999636
163.4,230,0.028,0.63,9.8,0.48116599999999415
128.0,295,0.004,0.26,5.2,0.41152599999999734
126.0,270,0.013,0.43,4.3,0.3007350000000018
109.0,390,0.029,0.53,5.0,0.390938999999998
140.8,425,0.014,0.57,14.8,0.47340099999999574
102.0,310,0.005,0.91,99.8,0.4857579999999955
107.2,500,0.033,1.11,23.5,0.4933999999999959
130.0,235,0.035,0.43,6.5,0.4520699999999955
119.5,320,0.004,0.45,16.5,0.4674209999999962
108.2,240,0.005,0.47,2.9,0.28253500000000037
213.1,250,0.015,0.45,4.2,0.3017050000000016
139.7,240,0.015,0.71,2.7,0.3105999999999985
113.3,200,0.005,0.31,3.1,0.2695190000000012
111.1,290,0.006,0.42,8.7,0.4743949999999946
138.4,200,0.07,0.74,2.1,0.2861989999999972
149.2,290,0.012,0.55,8.8,0.4814599999999941
100.0,430,0.011,0.33,14.7,0.4666789999999963
95.6,120,0.011,0.43,43.3,0.46728799999999626
118.5,205,0.008,0.51,3.6,0.30670000000000064
96.7,265,0.009,0.49,5.2,0.4189929999999965
144.6,310,0.009,0.25,97.4,0.4660389999999963
127.0,210,0.007,0.47,1.4,0.19258599999999937
106.3,290,0.011,0.42,5.6,0.43182699999999563
99.9,210,0.006,0.53,10.5,0.47430199999999484
139.7,215,0.004,0.51,5.7,0.437332999999995
141.4,240,0.103,1.24,3.1,0.39198299999999914
103.0,460,0.033,0.69,34.0,0.4736589999999957
100.4,235,0.013,0.36,8.8,0.47390199999999466
159.9,270,0.003,0.25,8.9,0.47366599999999465
105.9,520,0.013,0.64,9.2,0.482462999999994
135.0,275,0.012,0.74,85.6,0.4736589999999957
112.0,260,0.014,0.96,111.0,0.49057099999999587
111.9,700,0.014,0.4,45.8,0.46728799999999626
132.1,185,0.03,0.47,11.6,0.44760099999999653
109.0,190,0.008,0.32,17.1,0.4662029999999963
150.8,250,0.008,0.18,2.2,0.148338
99.7,350,0.006,0.23,2.9,0.23459200000000124
115.1,210,0.011,0.47,29.4,0.468776999999996
123.8,240,0.011,0.37,27.2,0.4668169999999963
120.0,400,0.001,0.29,2.0,0.17742499999999967
103.6,380,0.015,0.45,68.6,0.4674209999999962
122.9,195,0.014,0.45,1.8,0.2115509999999985
107.0,275,0.008,0.4,4.8,0.3140770000000011
111.7,140,0.002,0.43,3.6,0.2880360000000019
109.0,180,0.006,0.36,6.2,0.45062499999999556
111.0,340,0.006,0.24,9.8,0.4726199999999947
128.7,180,0.034,0.77,2.5,0.29849699999999857
113.0,200,0.011,0.39,2.0,0.2081159999999982
130.0,175,0.004,0.34,3.5,0.2856740000000018
122.1,225,0.009,0.36,8.2,0.4588799999999945
102.0,170,0.043,1.5,14.5,0.5032839999999968
131.0,195,0.023,0.78,2.7,0.31293799999999816
121.3,270,0.012,0.61,25.4,0.4734189999999957
137.5,260,0.055,0.65,4.3,0.3373639999999992
128.2,235,0.004,0.51,19.5,0.4717559999999958
109.0,320,0.006,0.74,87.7,0.4736589999999957
143.0,190,0.012,0.61,4.3,0.33721899999999944
84.0,225,0.002,0.55,2.1,0.2845849999999976
127.4,295,0.009,0.33,5.5,0.42921799999999566
107.0,280,0.006,0.18,4.1,0.2566500000000025
114.8,405,0.02,0.42,15.9,0.46728799999999626
108.5,150,0.003,0.39,1.4,0.18800499999999956
110.0,240,0.014,0.58,13.4,0.47340099999999574
161.0,150,0.02,0.65,6.7,0.4630069999999948
114.4,200,0.041,0.61,3.7,0.32687999999999967
131.4,320,0.092,1.15,6.8,0.49611299999999575
113.9,330,0.155,3.75,7.7,1.2839669999999972
123.7,320,0.018,0.42,6.8,0.4595849999999952
134.0,215,0.017,0.42,2.8,0.27194200000000046
117.5,350,0.018,0.65,6.3,0.45825499999999486
101.0,200,0.007,0.29,66.9,0.46620599999999635
124.0,320,0.007,0.39,9.4,0.4740859999999946
106.0,230,0.002,0.3,47.1,0.4662029999999963
99.1,310,0.006,0.61,15.1,0.4734189999999957
113.3,375,0.002,0.37,3.8,0.2823490000000022
91.6,175,0.015,0.58,7.7,0.4667069999999941
103.0,330,0.013,0.63,38.8,0.4734189999999957
99.2,215,0.005,0.5,15.0,0.4717559999999958
127.5,690,0.013,0.36,21.7,0.4668169999999963
117.1,270,0.008,0.45,2.2,0.21406599999999784
116.0,240,0.008,0.63,13.5,0.4734189999999957
88.0,400,0.006,0.42,6.3,0.45134999999999553
143.0,440,0.006,0.42,8.5,0.47119899999999454
129.1,230,0.016,0.61,5.2,0.4255259999999958
79.0,260,0.01,0.42,6.9,0.4603329999999952
131.1,190,0.022,0.69,19.4,0.4736589999999957
124.1,215,0.029,0.5,6.9,0.46515499999999477
157.0,180,0.01,0.39,5.0,0.3738939999999995
90.5,155,0.053,1.1,131.0,0.4924649999999959
122.4,210,0.019,0.92,51.4,0.48580099999999554
121.4,170,0.123,1.65,9.9,0.5197929999999957
111.7,120,0.037,0.66,161.0,0.4736589999999957
109.1,480,0.02,0.79,140.0,0.4736589999999957
101.0,110,0.01,0.89,30.7,0.4854799999999956
144.1,380,0.022,0.38,12.9,0.46677999999999625
107.5,340,0.013,0.8,16.6,0.4736589999999957
81.4,225,0.003,0.37,6.7,0.4557349999999954
114.7,315,0.001,0.21,10.3,0.4667669999999954
108.4,280,0.012,0.21,6.4,0.45023099999999555
116.0,465,0.017,0.53,13.3,0.4728989999999958
134.6,450,0.026,0.65,62.3,0.4736589999999957
90.0,500,0.016,0.62,59.0,0.4734189999999957
138.1,145,0.021,0.47,3.2,0.2941710000000006
138.0,370,0.014,0.44,20.9,0.46734399999999626
112.9,295,0.037,0.61,8.6,0.4814749999999941
97.9,170,0.004,0.35,5.4,0.4302779999999957
107.0,200,0.04,1.32,90.5,0.501488999999996
152.0,370,0.012,0.22,9.2,0.4732769999999946
150.1,155,0.005,0.4,3.8,0.28106300000000234
92.4,200,0.012,0.33,3.3,0.28594400000000125
127.8,240,0.002,0.3,5.8,0.43897699999999557
113.0,210,0.019,0.34,5.3,0.42491799999999613
117.1,650,0.035,1.26,109.0,0.501400999999996
109.6,305,0.006,0.28,5.0,0.3689359999999996
105.0,290,0.008,0.46,9.7,0.4749489999999946
136.7,225,0.014,0.44,7.4,0.46008899999999453
110.1,600,0.014,0.78,32.7,0.4736589999999957
131.8,450,0.01,0.6,2.6,0.3092899999999989
109.8,305,0.017,0.59,10.2,0.47924599999999434
120.4,255,0.002,0.14,2.1,0.1411629999999999
122.0,210,0.042,0.68,1.5,0.27641899999999725
101.0,260,0.022,0.3,5.8,0.43897699999999557
129.6,195,0.01,0.88,10.0,0.48296999999999407
137.0,180,0.031,0.85,113.0,0.4737649999999957
116.1,255,0.017,0.5,4.4,0.3201810000000002
106.8,265,0.007,0.36,7.8,0.4594309999999946
109.5,520,0.012,0.69,16.7,0.4736589999999957
110.4,450,0.04,0.66,58.7,0.4736589999999957
123.0,275,0.001,0.36,0.9,0.1535510000000006
109.0,120,0.03,0.71,40.8,0.4736589999999957
146.6,150,0.003,0.47,5.2,0.4169999999999967
91.0,510,0.055,0.7,12.6,0.4743609999999957
98.0,200,0.013,0.44,10.4,0.4681619999999953
122.9,110,0.004,0.33,3.6,0.2856160000000018
171.3,310,0.011,0.38,6.7,0.4556979999999954
111.9,320,0.015,0.66,20.6,0.4736589999999957
119.3,310,0.013,0.85,26.7,0.4737649999999957
90.7,470,0.056,0.4,2.9,0.2762930000000007
87.0,450,0.016,0.65,7.1,0.4674019999999947
116.3,340,0.003,0.39,8.8,0.4744999999999946
133.3,200,0.026,0.72,7.5,0.46709199999999407
114.2,400,0.04,0.99,34.6,0.4906839999999959
119.4,200,0.006,0.36,0.9,0.1535510000000006
112.5,145,0.005,0.38,3.2,0.28712800000000116
115.0,290,0.039,0.55,5.6,0.4398399999999946
125.8,320,0.015,0.29,4.8,0.2983420000000012
93.0,270,0.018,1.03,61.1,0.4906839999999959
119.0,240,0.01,0.51,16.5,0.4717559999999958
109.0,110,0.005,0.3,0.9,0.12587100000000143
106.2,200,0.008,0.58,2.1,0.2900299999999977
114.6,120,0.007,0.61,11.4,0.4525229999999961
130.1,360,0.021,0.65,2.0,0.28639599999999743
124.2,210,0.006,0.4,4.2,0.29853800000000175
106.7,220,0.004,0.46,7.0,0.4611959999999952
110.2,340,0.011,0.51,50.3,0.4717559999999958
116.3,110,0.002,0.58,4.5,0.3430959999999991
102.8,-99,0.005,0.39,5.6,0.4277359999999977
113.8,270,0.01,0.56,2.9,0.320168999999999
95.1,700,0.176,1.51,12.4,0.4832469999999972
109.3,235,0.001,0.28,9.6,0.4728769999999947
118.0,330,0.02,0.44,3.1,0.288103000000001
123.4,300,0.094,0.73,9.1,0.48234699999999403
112.3,330,0.034,1.4,49.7,0.501953999999996
89.9,210,0.002,0.24,1.8,0.15532100000000046
104.0,140,0.006,0.34,9.3,0.4740189999999946
92.7,330,0.049,2.33,583.0,0.5215829999999977
120.2,210,0.003,0.41,11.9,0.4461119999999967
113.0,240,0.009,0.41,2.3,0.214058999999998
151.1,230,0.006,0.47,6.1,0.4498789999999954
140.7,90,0.019,0.42,5.3,0.4257979999999962
167.4,155,0.007,0.62,13.3,0.4734189999999957
110.8,210,0.173,1.83,12.7,0.5116739999999973
118.1,375,0.006,0.32,14.8,0.4662029999999963
126.9,150,0.001,0.33,3.2,0.2858180000000012
98.7,170,0.041,2.35,794.0,0.5215829999999977
136.1,255,0.037,1.21,49.3,0.5008409999999958
101.9,130,0.005,0.42,2.7,0.2662100000000005
85.0,360,0.008,0.28,6.3,0.44999799999999557
115.9,445,0.013,0.72,54.6,0.4736589999999957
115.0,170,0.001,0.48,4.1,0.29696100000000164
91.7,270,0.014,0.5,4.5,0.32092500000000024
124.1,530,0.017,0.58,16.2,0.47340099999999574
115.6,240,0.022,0.59,15.8,0.4734189999999957
104.2,180,0.021,0.68,62.8,0.4736589999999957
108.0,130,0.004,1.01,163.0,0.4906839999999959
98.0,240,0.009,0.29,17.3,0.46620599999999635
116.0,525,0.021,1.1,160.0,0.4924649999999959
146.8,160,0.005,0.4,6.3,0.45134999999999553
122.9,220,0.047,0.9,10.0,0.494915999999994
122.8,305,0.009,0.37,2.0,0.20776499999999823
121.7,265,0.01,0.24,6.2,0.44974099999999556
159.7,250,0.011,0.37,3.1,0.28633200000000114
136.8,270,0.03,0.44,2.9,0.2791340000000006
108.3,295,0.008,0.32,2.9,0.2649450000000007
99.1,190,0.006,0.45,8.3,0.4596109999999945
125.0,300,0.006,0.53,7.9,0.46614099999999414
-99.0,350,0.028,0.48,2.4,0.2366059999999991
121.8,120,0.157,0.99,19.8,0.4910799999999959
100.0,510,0.01,0.57,13.8,0.47340099999999574
117.2,160,0.03,0.43,5.1,0.38199499999999886
132.6,290,0.036,0.9,21.2,0.4854799999999956
129.1,100,0.005,0.33,1.5,0.18766999999999961
88.0,445,0.012,0.4,0.8,0.17166300000000023
119.1,195,0.007,0.34,5.0,0.3734319999999993
148.2,260,0.019,0.04,3.2,0.219099000000001
152.4,185,0.031,0.34,1.5,0.18889099999999953
113.0,150,0.018,0.4,2.5,0.2240729999999991
86.5,225,0.003,2.75,77.8,1.0247180000000027
116.7,360,0.018,0.66,118.0,0.4736589999999957
105.0,120,0.008,0.43,4.1,0.2914700000000021
109.0,140,0.005,0.35,3.7,0.28566600000000203
163.0,240,0.023,0.57,1.9,0.2895369999999976
106.0,340,0.007,0.25,1.8,0.16733100000000017
104.0,300,0.014,1.01,12.4,0.4700139999999964
116.9,130,0.014,0.68,6.8,0.4666539999999947
99.7,255,0.007,0.44,1.5,0.19554299999999927
128.5,220,0.002,0.2,6.4,0.44718299999999606
141.2,210,0.005,0.39,7.9,0.4599969999999946
128.3,270,0.009,0.48,16.6,0.4710659999999959
106.9,190,0.013,0.75,26.2,0.4736589999999957
104.0,390,0.011,0.4,4.7,0.3140770000000011
90.0,330,0.013,2.16,116.4,0.5225579999999979
126.3,360,0.026,0.58,5.8,0.4470079999999947
128.4,350,0.038,1.59,12.8,0.5055779999999971
118.0,150,0.01,0.33,10.9,0.45916999999999586
93.1,340,0.004,0.64,76.0,0.4736589999999957
144.8,200,0.016,0.54,4.0,0.3229760000000004
-99.0,540,0.013,0.83,14.0,0.5113459999999976
106.4,270,0.013,0.41,5.1,0.3812009999999989
152.1,265,0.002,0.54,26.4,0.4728989999999958
124.1,180,0.011,0.43,43.8,0.46728799999999626
101.9,200,0.007,0.53,9.3,0.48131499999999416
102.1,200,0.002,0.31,3.6,0.2721640000000019
146.9,140,0.007,0.41,3.6,0.2863100000000019
159.8,150,0.003,0.59,2.6,0.3090139999999989
120.9,180,0.027,0.63,50.1,0.4734189999999957
99.3,120,0.008,0.82,28.6,0.4735489999999957
83.0,130,0.006,0.726,7.9,0.4670559999999941
128.2,305,0.011,0.24,5.7,0.4289519999999957
117.6,550,0.091,2.55,479.0,0.585216999999999
132.9,240,0.021,0.37,3.0,0.2799920000000008
117.0,215,0.021,1.273,16.9,0.501355999999996
102.0,160,0.006,0.82,7.8,0.46697799999999406
122.0,190,0.013,0.31,1.9,0.18931299999999918
110.0,160,0.014,0.69,3.8,0.3233349999999998
105.0,120,0.003,0.91,17.1,0.4857579999999955
124.9,180,0.008,0.5,4.0,0.2962760000000014
122.1,210,0.004,0.45,8.4,0.4620529999999944
111.0,180,0.007,0.37,3.6,0.28758400000000184
97.0,110,0.005,0.38,5.3,0.4249559999999962
127.0,180,0.069,0.37,3.2,0.28839600000000126
109.0,220,0.007,0.45,3.2,0.290527000000001
141.9,540,0.004,0.53,1.6,0.25511199999999773
111.3,815,0.006,0.18,5.9,0.4348539999999962
154.0,270,0.003,0.38,2.1,0.20809599999999817
111.6,230,0.013,0.5,18.5,0.4717559999999958
101.0,125,0.006,0.76,96.9,0.4736589999999957
80.0,125,0.003,0.93,3.4,0.35882199999999886
107.0,150,0.113,0.75,5.7,0.44096599999999453
127.0,275,0.004,0.46,21.4,0.4681509999999962
153.2,230,0.02,0.61,14.6,0.4734189999999957
122.3,450,0.034,0.65,130.0,0.4736589999999957
119.4,250,0.007,0.3,6.8,0.45837299999999526
110.0,110,0.024,0.44,5.1,0.38225199999999876
135.2,330,0.013,0.49,18.0,0.4710659999999959
113.2,195,0.001,0.35,26.4,0.4668219999999963
134.4,165,0.008,0.36,9.2,0.4741449999999946
110.9,350,0.044,0.96,34.3,0.49057099999999587
118.0,260,0.006,0.34,3.4,0.2859080000000017
121.8,305,0.007,0.56,22.3,0.47329899999999575
155.5,180,0.012,0.5,3.3,0.3011500000000002
127.1,380,0.021,0.66,40.4,0.4736589999999957
96.3,200,0.004,0.88,55.0,0.4747109999999958
104.0,205,0.005,0.4,5.2,0.4141039999999971
98.0,190,0.007,0.69,4.9,0.3913989999999978
111.5,420,0.009,0.23,4.6,0.28561800000000187
102.0,270,0.007,1.02,9.6,0.5008979999999943
133.9,155,0.009,0.45,10.6,0.4653409999999955
133.0,490,0.011,0.32,3.8,0.27109400000000233
126.9,210,0.014,0.74,5.2,0.4262939999999959
104.0,520,0.003,0.63,10.8,0.46649499999999533
128.4,135,0.02,0.72,19.7,0.4736589999999957
94.8,300,0.011,0.49,33.2,0.4710659999999959
154.2,240,0.004,0.74,12.7,0.47435299999999575
122.0,410,0.06,1.3,54.7,0.501365999999996
111.6,510,0.016,0.59,27.3,0.4734189999999957
160.9,740,0.005,0.34,3.5,0.2856740000000018
161.8,170,0.006,0.43,3.5,0.28747800000000184
102.7,195,0.003,0.37,5.6,0.43096899999999566
149.8,290,0.008,0.5,4.9,0.3829729999999984
96.0,135,0.008,1.09,24.9,0.4924649999999959
100.0,260,0.009,0.43,17.5,0.46728799999999626
138.0,220,0.013,0.44,9.2,0.4747989999999946
130.0,200,0.008,0.37,3.1,0.28633200000000114
103.0,300,0.008,0.21,11.5,0.4447729999999968
138.7,245,0.008,0.68,7.2,0.46755199999999475
112.0,230,0.028,0.59,3.8,0.323781
118.1,410,0.006,1.09,101.0,0.4924649999999959
116.1,405,0.009,0.37,4.0,0.28322700000000234
97.6,340,0.067,0.89,8.2,0.47969799999999385
111.0,240,0.011,0.41,8.5,0.47119899999999454
151.6,295,0.008,0.51,1.1,0.1859289999999992
182.8,145,0.004,0.42,17.8,0.46728799999999626
114.9,210,0.007,0.43,1.0,0.15805200000000036
121.5,210,0.005,0.44,3.7,0.2874960000000019
131.4,210,0.038,1.27,95.6,0.501400999999996
96.0,110,0.005,0.44,8.4,0.46197599999999445
101.0,140,0.008,0.46,3.5,0.2898420000000017
134.0,280,0.017,0.51,3.5,0.30633300000000063
135.4,155,0.003,0.43,9.2,0.4747429999999946
125.0,105,0.01,0.4,2.3,0.21373099999999803
125.8,300,0.015,0.67,4.1,0.3311339999999993
122.0,160,0.038,0.52,2.1,0.2609899999999975
135.9,190,0.009,0.34,3.9,0.2814660000000024
102.3,410,0.05,1.56,4.7,0.42469399999999863
147.0,210,0.014,0.49,7.9,0.46363199999999427
96.0,130,0.008,0.77,37.8,0.4736589999999957
127.5,320,0.021,0.39,4.4,0.30662500000000126
139.4,90,0.069,0.61,4.2,0.3363239999999993
114.4,200,0.016,0.68,28.7,0.4736589999999957
116.0,205,0.079,1.19,6.3,0.4885699999999962
97.9,235,0.011,0.4,1.7,0.20236999999999894
143.5,140,0.015,0.56,10.0,0.4810459999999942
109.2,220,0.02,0.66,44.5,0.4736589999999957
106.0,315,0.012,0.28,4.1,0.26799000000000217
122.3,205,0.018,0.71,28.6,0.4736589999999957
115.8,240,0.003,0.42,4.6,0.31057100000000115
114.0,150,0.002,0.47,2.8,0.2767170000000002
124.9,150,0.039,0.7,32.6,0.4736589999999957
102.2,210,0.005,0.41,10.5,0.46810599999999536
144.9,275,0.025,0.85,7.3,0.4673879999999941
162.0,165,0.078,0.38,7.3,0.4595959999999946
60.8,280,0.018,0.61,23.1,0.4734189999999957
115.2,190,0.008,0.53,2.6,0.2944279999999992
107.6,370,0.018,0.81,98.0,0.4736589999999957
97.6,260,0.011,0.63,10.0,0.48116599999999415
132.9,300,0.145,1.76,34.0,0.5110119999999974
162.4,110,0.04,0.34,3.4,0.2863920000000017
108.2,310,0.038,0.9,54.1,0.4854799999999956
141.0,140,0.019,0.33,3.6,0.2857660000000018
141.3,90,0.009,0.27,2.3,0.1803859999999997
117.1,250,0.006,0.39,6.8,0.4595849999999952
122.6,170,0.016,0.48,3.8,0.2883450000000019
99.2,425,0.007,0.45,10.8,0.45991199999999577
117.0,320,0.035,0.79,20.1,0.4736589999999957
149.8,310,0.004,0.25,6.4,0.45032099999999553
-99.0,115,0.014,0.75,5.6,0.4796419999999963
106.0,240,0.003,0.29,5.6,0.4290129999999957
126.0,240,0.018,0.79,14.8,0.4736589999999957
119.1,205,0.005,0.31,5.4,0.42915799999999577
149.3,295,0.001,0.51,4.9,0.38471099999999836
132.8,240,0.001,0.26,9.8,0.4728769999999947
103.0,260,0.019,0.55,3.3,0.3277669999999991
121.8,280,0.017,0.38,5.8,0.4396199999999955
138.2,250,0.009,0.27,1.6,0.16529500000000014
130.5,240,0.011,0.58,9.6,0.4811479999999942
113.0,220,0.003,0.41,5.1,0.3812009999999989
142.3,100,0.091,1.56,13.4,0.5064209999999969
125.2,205,0.012,0.47,8.1,0.4609669999999943
109.8,200,0.007,0.43,4.4,0.30809700000000123
95.6,165,0.001,0.49,2.7,0.27145600000000014
116.0,200,0.014,0.69,6.0,0.45531699999999503
100.3,300,0.041,1.04,48.1,0.4906839999999959
112.3,340,0.004,0.31,2.7,0.24285800000000066
101.3,200,0.106,1.15,8.0,0.495704999999994
138.9,180,0.01,0.32,2.0,0.19298799999999888
101.7,230,0.013,0.49,12.0,0.4498899999999963
104.0,430,0.005,0.26,3.1,0.2521180000000017
100.6,165,0.004,0.47,3.0,0.2849760000000005
102.6,855,0.007,0.31,4.5,0.29742200000000135
134.6,240,0.002,0.45,4.2,0.30165200000000164
74.0,110,0.007,0.4,4.5,0.30732900000000124
110.4,200,0.004,0.48,10.3,0.47188399999999503
112.0,110,0.005,0.46,3.0,0.2819490000000006
123.0,245,0.006,0.39,8.8,0.4744999999999946
113.3,285,0.005,0.88,107.0,0.4747109999999958
110.3,130,0.063,0.64,10.2,0.4798659999999943
124.0,160,0.013,0.73,10.9,0.46673499999999535
210.7,500,0.017,0.39,2.7,0.26456400000000047
111.0,220,0.011,0.56,9.8,0.4810459999999942
119.0,280,0.034,0.59,5.9,0.44701599999999464
158.0,315,0.013,0.38,6.1,0.4476849999999956
121.0,150,0.015,0.26,3.8,0.25296600000000236
107.7,350,0.014,0.825,90.5,0.4737369999999957
133.1,290,0.007,0.55,4.7,0.34630999999999906
123.5,140,0.006,0.42,9.2,0.4747429999999946
156.0,280,0.003,0.35,11.4,0.44564599999999677
109.0,420,0.055,1.93,45.7,0.5213519999999975
124.0,180,0.014,0.52,4.4,0.3389499999999993
154.9,310,0.006,0.61,51.2,0.4734189999999957
104.3,215,0.004,0.51,3.6,0.3066470000000006
86.8,290,0.009,0.54,16.0,0.4728989999999958
151.1,475,0.005,0.18,4.4,0.28085300000000213
110.1,195,0.036,1.16,27.5,0.4978539999999959
112.0,160,0.024,0.91,34.3,0.4857579999999955
122.4,215,0.025,0.59,19.1,0.4734189999999957
110.4,210,0.007,0.4,3.8,0.28111600000000225
122.0,180,0.004,0.39,2.9,0.2761150000000007
141.9,300,0.022,0.45,7.3,0.4603559999999945
109.6,125,0.26,4.72,7.4,1.2855119999999964
132.4,460,0.005,0.4,8.6,0.4743949999999946
115.8,170,0.012,0.65,32.9,0.4736589999999957
106.0,215,0.004,0.42,5.5,0.43013999999999564
122.2,150,0.018,0.48,2.3,0.21959999999999782
150.3,365,0.003,0.38,7.8,0.4593939999999946
117.7,195,0.011,0.51,3.6,0.30670000000000064
103.4,390,0.02,0.62,26.9,0.4734189999999957
78.0,165,0.011,0.52,1.9,0.25965899999999753
120.0,490,0.023,0.68,6.3,0.45825499999999486
104.8,395,0.032,2.99,2.2,0.37945099999999876
109.9,150,0.012,0.55,38.6,0.47329899999999575
91.0,420,0.009,0.49,1.1,0.16731399999999993
135.6,400,0.014,0.56,8.5,0.4779459999999941
154.8,95,0.006,1.77,15.6,0.5106119999999973
120.2,120,0.015,0.4,4.1,0.2898310000000022
101.1,310,0.005,0.28,16.0,0.46620599999999635
134.3,200,0.004,0.3,8.6,0.4731829999999947
163.7,230,0.008,0.42,3.4,0.2876190000000018
105.4,320,0.075,1.52,6.5,0.4946089999999974
107.1,190,0.004,0.73,39.7,0.4736589999999957
103.2,150,0.027,0.74,19.0,0.4736589999999957
128.7,135,0.009,0.69,12.2,0.4527629999999961
175.3,130,0.015,0.59,3.9,0.32445000000000007
152.7,190,0.005,0.33,9.2,0.4740069999999946
136.8,230,0.018,0.8,14.7,0.4736589999999957
111.7,255,0.011,0.21,2.4,0.15957700000000025
130.8,230,0.009,0.34,1.4,0.18538599999999963
95.0,265,0.032,0.59,19.1,0.4734189999999957
114.0,170,0.011,0.35,2.0,0.20658999999999828
121.6,275,0.009,0.34,12.0,0.44550299999999676
121.4,155,0.014,0.74,37.2,0.4736589999999957
116.3,130,0.087,1.88,143.0,0.5115949999999972
98.5,160,0.008,0.33,2.5,0.22178799999999915
115.0,150,0.074,1.06,16.7,0.4922389999999959
130.6,460,0.019,0.34,2.8,0.2695870000000005
83.4,125,0.012,0.95,11.7,0.4654189999999961
118.7,120,0.037,0.88,46.4,0.4747109999999958
120.2,280,0.006,0.26,9.9,0.4728769999999947
98.0,140,0.006,0.39,6.8,0.4595849999999952
122.0,250,0.009,0.45,4.5,0.31042500000000106
135.4,900,0.02,0.84,2.6,0.32597599999999854
196.0,160,0.016,0.62,3.4,0.32710399999999923
112.7,305,0.019,0.3,4.6,0.2961660000000013
147.9,190,0.058,0.73,178.0,0.47366699999999573
112.0,250,0.085,0.84,7.5,0.467141999999994
139.5,240,0.01,0.5,3.4,0.30058300000000077
133.0,350,0.003,0.29,4.8,0.29820100000000127
112.2,370,0.007,0.57,34.8,0.47340099999999574
107.0,150,0.003,0.37,49.7,0.4668169999999963
121.0,390,0.033,0.62,9.2,0.48182299999999406
-99.0,245,0.014,0.86,17.2,0.5113739999999977
98.8,320,0.006,0.26,46.4,0.46620599999999635
124.0,160,0.002,0.27,2.0,0.17340899999999992
122.0,160,0.011,0.45,8.9,0.4751749999999946
118.7,230,0.004,0.48,1.9,0.21332999999999813
106.0,270,0.04,0.93,133.0,0.48580099999999554
106.4,160,0.012,0.49,3.5,0.2936730000000012
109.0,340,0.009,0.54,5.5,0.43774799999999464
122.0,175,0.009,0.4,13.7,0.46728799999999626
134.0,200,0.05,0.44,8.2,0.4595419999999945
91.0,555,0.017,0.54,4.3,0.33533099999999955
115.0,160,0.035,0.82,19.8,0.4735489999999957
102.0,245,0.038,0.8,11.6,0.4527629999999961
104.3,405,0.005,0.29,5.9,0.43864299999999556
104.0,380,0.006,0.25,2.7,0.22008600000000084
150.9,290,0.005,0.41,22.1,0.46728799999999626
125.5,240,0.034,0.679,2.0,0.2859249999999973
-99.0,310,0.012,0.71,3.2,0.3091199999999995
138.2,140,0.011,0.07,2.5,0.12767599999999937
104.1,150,0.009,0.8,15.8,0.4736589999999957
95.0,110,0.016,0.49,6.7,0.459808999999995
118.3,310,0.009,0.48,8.2,0.46304299999999415
102.0,130,0.004,0.39,12.6,0.46798199999999623
123.3,1100,0.027,4.67,2310.0,1.2915920000000012
125.0,115,0.011,0.5,23.7,0.4717559999999958
112.6,305,0.024,0.56,21.9,0.47329899999999575
134.0,170,0.049,1.13,7.9,0.4909689999999943
114.4,385,0.011,0.65,1.0,0.27066099999999776
112.5,145,0.007,0.46,5.0,0.3769409999999993
116.0,420,0.016,0.51,6.4,0.456421999999995
153.3,165,0.009,0.49,4.1,0.2972720000000015
97.1,280,0.016,0.44,14.4,0.46734399999999626
137.0,320,0.006,0.54,3.2,0.3265859999999992
81.0,270,0.008,1.4,93.2,0.501953999999996
171.0,380,0.001,0.55,11.7,0.45240299999999617
87.0,100,0.006,0.59,26.5,0.4734189999999957
119.6,400,0.06,0.62,4.8,0.34672099999999884
103.0,190,0.005,0.45,5.6,0.4319599999999956
171.5,300,0.052,1.08,9.2,0.5033359999999942
107.7,580,0.042,0.53,11.6,0.45200299999999616
119.0,165,0.008,0.4,1.9,0.20748899999999837
94.0,380,0.061,25.0,803.0,1.3144940000000045
146.6,455,0.007,0.34,3.9,0.2814660000000024
72.0,180,0.002,0.69,54.8,0.4736589999999957
117.3,270,0.012,0.42,3.9,0.2830960000000024
142.7,310,0.056,1.44,9.5,0.5149999999999954
145.8,790,0.006,0.82,7.8,0.46697799999999406
107.0,180,0.006,0.44,3.8,0.28397000000000217
120.2,230,0.019,0.83,20.5,0.4737369999999957
142.9,260,0.014,0.51,3.2,0.3068049999999999
103.0,330,0.019,0.83,8.8,0.48229799999999395
101.6,220,0.01,0.95,30.4,0.48608899999999555
129.7,205,0.015,0.55,4.4,0.34135199999999916
134.0,150,0.008,0.38,5.2,0.4133949999999972
131.0,355,0.012,0.4,3.6,0.2862980000000019
142.5,355,0.055,0.64,63.7,0.47366699999999573
103.0,155,0.007,0.3,2.4,0.19831699999999955
146.1,310,0.018,0.46,4.6,0.313090000000001
92.0,360,0.008,0.22,29.7,0.46594899999999634
131.5,80,0.011,0.52,5.3,0.4335219999999952
154.1,225,0.009,0.42,6.8,0.4595849999999952
80.8,160,0.012,0.64,15.9,0.4736589999999957
116.0,360,0.094,0.76,4.8,0.34952399999999856
125.6,260,0.004,0.24,9.2,0.4732769999999946
86.8,150,0.004,0.59,6.7,0.4626119999999948
120.1,220,0.016,0.62,25.2,0.4734189999999957
121.1,110,0.105,1.58,11.0,0.4830669999999975
114.7,140,0.018,0.46,12.0,0.4469749999999967
113.0,300,0.044,0.8,17.5,0.4736589999999957
106.8,330,0.01,0.5,10.7,0.4699809999999951
97.0,110,0.013,0.44,9.2,0.4747989999999946
106.0,360,0.001,0.55,4.3,0.3364399999999996
118.0,210,0.245,3.6,17.1,1.2469000000000015
101.0,230,0.033,0.55,22.4,0.47329899999999575
121.0,490,0.008,0.27,2.7,0.22579700000000083
87.6,130,0.005,0.47,4.7,0.3209290000000006
128.6,130,0.005,0.64,23.4,0.4736589999999957
109.0,510,0.067,17.8,97.1,1.3144940000000045
200.0,185,0.012,0.3,2.0,0.18476299999999926
101.9,200,0.012,0.38,5.9,0.4394499999999955
105.0,210,0.006,0.34,5.8,0.4394969999999955
95.5,370,0.053,1.55,227.0,0.5057659999999969
113.0,130,0.001,0.44,5.4,0.43108099999999566
143.0,240,0.009,0.73,12.7,0.47435299999999575
107.0,200,0.009,0.5,2.3,0.22922399999999787
145.7,210,0.071,1.13,10.9,0.4872979999999956
108.2,275,0.02,0.44,5.9,0.4402679999999955
101.8,260,0.014,0.24,40.7,0.46594899999999634
130.9,160,0.001,0.41,4.9,0.3727479999999994
130.8,220,0.01,0.89,10.0,0.494915999999994
113.0,320,0.015,0.67,27.0,0.4736589999999957
189.0,350,0.009,0.67,13.0,0.4736589999999957
108.4,700,0.004,0.37,5.7,0.43124699999999566
120.4,190,0.01,0.52,19.8,0.4728989999999958
146.3,155,0.004,0.56,4.3,0.3373969999999996
123.4,180,0.01,0.58,10.0,0.4811479999999942
119.0,115,0.018,0.32,2.9,0.2649450000000007
133.5,200,0.014,0.18,11.0,0.44092399999999726
108.0,240,0.012,0.51,3.9,0.3019390000000012
118.7,410,0.011,0.34,3.0,0.278028000000001
117.1,240,0.047,0.54,123.0,0.4728989999999958
113.4,210,0.012,0.37,5.3,0.4249929999999962
128.4,330,0.008,0.38,3.5,0.28616200000000186
103.0,180,0.004,0.45,3.4,0.2897840000000016
130.5,310,0.066,0.82,80.9,0.4735289999999957
92.5,120,0.075,1.22,54.0,0.5008409999999958
112.6,350,0.01,0.68,88.9,0.4736589999999957
148.0,130,0.027,0.38,4.4,0.30590100000000126
120.8,120,0.003,0.96,20.4,0.49057099999999587
121.4,320,0.021,0.76,7.8,0.46708799999999406
114.2,225,0.032,0.88,21.6,0.4747109999999958
152.0,285,0.018,0.41,3.3,0.2867470000000013
111.0,460,0.022,0.6,10.6,0.471923999999995
118.0,280,0.172,1.59,25.1,0.5053039999999972
114.5,410,0.062,0.83,18.8,0.4737369999999957
139.2,340,0.008,0.5,7.2,0.46530499999999475
109.0,250,0.016,0.74,28.1,0.4736589999999957
106.9,810,0.012,0.6,18.1,0.4734189999999957
101.0,350,0.004,0.18,10.9,0.45588099999999643
75.0,220,0.015,0.85,17.4,0.4737649999999957
108.0,330,0.193,12.49,14.1,1.2916270000000014
114.6,510,0.032,1.36,198.0,0.501735999999996
106.0,310,0.003,0.33,10.2,0.47179399999999494
188.4,260,0.083,1.07,5.1,0.42944199999999727
98.0,210,0.011,0.43,12.7,0.46798199999999623
137.0,310,0.026,0.63,2.6,0.3078209999999988
110.7,200,0.015,0.65,62.7,0.4736589999999957
116.0,240,0.019,0.57,11.1,0.4525049999999961
168.2,220,0.013,0.24,8.1,0.4580119999999946
114.1,180,0.017,0.77,31.4,0.4736589999999957
145.71,150,0.093,1.4,10.8,0.4958079999999957
101.4,240,0.019,0.72,40.7,0.4736589999999957
119.0,100,0.003,0.39,3.6,0.2865010000000018
105.9,320,0.007,0.44,62.6,0.46734399999999626
147.0,255,0.014,0.52,2.2,0.26121099999999753
131.7,460,0.006,0.26,4.0,0.2536150000000025
152.4,275,0.004,0.37,1.8,0.20695699999999878
123.0,165,0.006,0.41,3.1,0.2849160000000012
121.5,220,0.043,1.05,57.0,0.4917959999999959
109.3,310,0.007,0.43,0.9,0.15748800000000046
147.2,450,0.027,0.55,10.0,0.4810459999999942
143.7,140,0.001,0.4,4.1,0.28977800000000226
54.0,320,0.003,0.38,5.3,0.4249559999999962
115.5,180,0.006,0.58,4.4,0.34261599999999914
79.0,135,0.005,0.32,2.2,0.19488399999999872
114.4,285,0.003,0.23,8.6,0.4729289999999947
118.1,385,0.031,0.54,10.1,0.48064599999999424
114.3,260,0.018,0.61,9.1,0.4817579999999941
108.9,270,0.006,0.8,8.4,0.4691819999999939
126.1,150,0.017,0.81,7.2,0.46755199999999475
134.6,680,0.004,0.41,1.8,0.2073669999999987
145.6,130,0.002,0.43,1.8,0.21029299999999854
118.0,210,0.005,0.63,6.4,0.4583499999999949
137.4,50,0.023,0.68,26.2,0.4736589999999957
117.0,480,0.027,0.79,5.7,0.4410449999999946
124.0,160,0.01,0.97,15.3,0.49057099999999587
113.0,140,0.011,0.56,35.3,0.47329899999999575
154.5,150,0.019,0.78,10.8,0.46673499999999535
134.9,400,0.044,0.71,5.5,0.4389399999999945
105.8,435,0.079,2.6,392.0,0.585216999999999
106.7,160,0.017,0.49,14.1,0.4710659999999959
103.6,190,0.006,0.27,4.9,0.3676029999999996
126.3,180,0.011,0.82,22.2,0.4735489999999957
142.0,300,0.009,0.45,5.1,0.38251099999999877
99.8,300,0.294,0.44,4.0,0.2832440000000019
90.0,125,0.009,0.44,6.9,0.46038899999999516
79.8,120,0.014,0.25,3.2,0.2555730000000018
125.5,365,0.055,0.59,25.3,0.4734269999999957
89.5,370,0.066,1.41,16.0,0.501953999999996
121.4,300,0.001,0.35,5.4,0.4302779999999957
124.5,110,0.014,0.31,57.0,0.4662029999999963
118.8,220,0.014,0.5,39.7,0.4717559999999958
117.3,360,0.007,0.55,7.6,0.4668499999999941
110.0,120,0.008,0.83,44.3,0.4737369999999957
110.0,340,0.018,0.67,8.3,0.4664669999999939
104.5,190,0.066,0.67,2.3,0.2887159999999975
104.2,120,0.003,0.55,6.0,0.45452499999999507
152.0,200,0.01,0.63,2.9,0.31885899999999867
121.8,305,0.007,0.43,4.8,0.31558200000000103
109.0,160,0.006,0.41,11.0,0.4448219999999967
140.0,330,0.021,0.61,4.8,0.34702099999999886
100.0,145,0.013,0.52,1.4,0.23442099999999777
160.7,190,0.02,0.84,2.2,0.3079349999999978
116.0,200,0.004,0.43,3.4,0.2877490000000018
188.4,145,0.011,0.95,11.3,0.4654189999999961
107.5,330,0.004,0.42,7.2,0.46048299999999515
132.7,250,0.004,0.37,9.8,0.4734879999999947
130.8,220,0.003,0.28,2.2,0.17943299999999968
155.0,210,0.018,0.82,10.2,0.4797759999999943
90.4,145,0.004,0.43,55.7,0.46728799999999626
86.0,170,0.094,5.14,330.0,1.2915920000000012
115.1,150,0.041,0.67,7.7,0.4671199999999941
103.0,100,0.003,0.31,4.7,0.30475100000000127
121.3,220,0.042,0.59,12.0,0.4525229999999961
109.5,170,0.012,0.4,3.5,0.2857400000000019
151.4,390,0.022,0.56,15.2,0.47329899999999575
90.3,280,0.016,0.58,11.4,0.4525049999999961
111.3,230,0.038,0.39,3.6,0.28691700000000186
109.0,200,0.039,0.79,4.6,0.3470979999999987
105.7,255,0.005,0.46,1.7,0.2066819999999989
118.5,140,0.005,0.35,4.4,0.30670700000000134
229.3,250,0.01,0.5,20.7,0.4717559999999958
116.8,60,0.061,0.84,84.0,0.4737369999999957
122.7,220,0.002,0.38,1.8,0.2069349999999988
151.7,350,0.011,0.34,1.7,0.19918799999999912
129.4,590,0.017,0.71,31.3,0.4736589999999957
115.0,150,0.055,1.57,18.4,0.5047839999999971
132.1,285,0.036,0.49,2.5,0.230975999999999
97.6,575,0.004,1.02,195.0,0.4906839999999959
118.0,320,0.005,0.62,65.2,0.4734189999999957
114.3,255,0.006,0.43,4.7,0.315529000000001
113.2,240,0.056,0.38,4.9,0.37210999999999944
145.9,160,0.008,0.65,11.1,0.4527629999999961
141.0,225,0.012,0.49,8.2,0.46304299999999415
137.5,370,0.018,0.66,6.3,0.45825499999999486
139.4,275,0.024,0.99,2.0,0.336484999999998
108.2,200,0.028,0.55,2.2,0.2848799999999975
92.5,135,0.007,0.44,22.6,0.46734399999999626
117.1,240,0.001,0.32,30.9,0.4662029999999963
124.2,250,0.038,1.01,32.9,0.4906839999999959
128.0,180,0.013,0.62,41.1,0.4734189999999957
130.2,160,0.009,0.34,6.2,0.4504709999999955
123.0,200,0.004,0.63,58.3,0.4734189999999957
103.9,190,0.012,0.79,54.7,0.4736589999999957
111.0,240,0.021,0.53,3.0,0.31675599999999915
104.1,235,0.003,0.59,6.1,0.455286999999995
139.0,140,0.005,0.92,2.4,0.3350619999999986
121.4,290,0.013,0.19,1.8,0.14299900000000018
101.1,195,0.011,0.58,29.3,0.47340099999999574
117.8,245,0.027,0.67,8.9,0.482761999999994
112.0,195,0.018,0.58,15.4,0.47340099999999574
122.3,490,0.012,0.58,3.1,0.32770799999999917
172.6,195,0.004,0.44,4.3,0.3018270000000017
111.0,190,0.011,0.47,3.8,0.2879820000000019
96.5,210,0.006,0.47,5.5,0.4320579999999953
98.0,240,0.004,0.4,6.7,0.45645999999999537
108.0,195,0.053,1.35,7.2,0.5008669999999957
108.0,260,0.011,0.4,7.1,0.4603329999999952
113.0,310,0.028,1.85,519.0,0.5110599999999972
124.6,460,0.031,0.85,102.0,0.4737649999999957
133.9,150,0.001,0.43,2.0,0.21100999999999803
110.0,190,0.008,0.17,8.1,0.4551989999999952
99.6,235,0.038,1.02,15.5,0.4906839999999959
125.0,290,0.01,0.5,20.0,0.4717559999999958
96.8,500,0.035,1.67,206.0,0.5050789999999972
102.0,190,0.005,0.29,7.1,0.45912399999999526
126.0,350,0.033,0.7,3.9,0.3243039999999998
80.0,240,0.027,1.07,29.6,0.4924649999999959
112.1,300,0.042,0.77,31.8,0.4736589999999957
174.0,130,0.017,0.55,4.1,0.3306899999999998
96.5,260,0.012,0.47,21.2,0.468776999999996
112.8,310,0.025,0.43,3.8,0.28291700000000225
205.6,240,0.064,0.48,9.0,0.4784359999999943
121.5,400,0.011,0.4,8.6,0.4743949999999946
108.0,190,0.006,0.42,2.7,0.2662100000000005
131.5,350,0.026,0.57,5.8,0.4470079999999947
169.2,250,0.033,0.5,3.3,0.30151200000000017
113.0,150,0.006,0.43,2.7,0.2663030000000005
99.0,200,0.014,0.56,6.2,0.45753799999999495
120.5,260,0.02,0.38,6.4,0.45107799999999554
151.4,240,0.117,1.01,2.5,0.3429219999999986
130.6,700,0.015,1.02,83.7,0.4906839999999959
122.0,155,0.04,0.72,5.1,0.39845299999999745
103.0,190,0.006,0.44,1.9,0.21139699999999814
115.0,250,0.005,0.47,10.4,0.46959499999999516
136.6,310,0.013,0.61,1.7,0.28500899999999746
105.0,150,0.004,0.35,2.8,0.2707430000000006
134.0,235,0.008,0.54,5.3,0.43391199999999513
96.0,120,0.011,0.43,4.9,0.3737039999999994
109.2,245,0.036,0.44,19.7,0.46734399999999626
102.0,120,0.019,0.85,10.8,0.4668409999999953
117.2,505,0.014,0.57,141.0,0.47340099999999574
102.4,290,0.007,0.36,1.8,0.20716299999999876
113.0,280,0.003,0.42,5.5,0.43013999999999564
104.0,220,0.009,0.38,12.0,0.4456039999999967
108.0,220,0.416,5.4,61.9,1.2915470000000013
131.5,210,0.009,0.42,5.1,0.38194999999999885
195.1,175,0.01,0.54,5.8,0.44638899999999476
112.4,190,0.004,0.43,10.3,0.46810599999999536
94.0,215,0.013,0.67,5.9,0.4474109999999947
124.0,410,0.005,0.22,9.2,0.4732769999999946
106.9,180,0.015,0.87,26.5,0.4737649999999957
114.9,220,0.001,0.45,3.8,0.2844300000000021
127.8,155,0.022,0.29,1.4,0.15895800000000027
97.6,80,0.002,0.48,185.0,0.4710659999999959
131.3,85,0.005,0.62,3.9,0.32367000000000007
112.5,290,0.024,0.92,11.6,0.4651309999999961
125.2,130,0.011,0.44,5.6,0.43188299999999563
140.3,220,0.008,0.27,5.8,0.43881299999999557
110.0,150,0.009,0.29,1.7,0.17169100000000007
110.2,150,0.006,0.48,1.3,0.19283099999999942
111.3,330,0.054,1.06,263.0,0.4922389999999959
105.0,250,0.36,3.75,17.6,1.2898720000000024
101.1,250,0.013,0.75,26.1,0.4736589999999957
169.2,180,0.017,0.25,4.4,0.2865510000000018
108.3,255,0.002,0.36,5.0,0.3738899999999995
100.7,290,0.009,0.55,3.2,0.32770799999999906
107.1,155,0.019,0.46,13.3,0.4681509999999962
114.15,210,0.002,0.39,1.9,0.20752999999999838
89.7,300,0.005,0.99,35.1,0.4906839999999959
122.0,230,0.012,0.757,16.5,0.4736589999999957
102.0,160,0.002,0.77,9.1,0.482397999999994
98.3,233,0.013,0.54,4.7,0.3457779999999991
86.0,180,0.018,0.55,6.7,0.46249199999999485
117.0,150,0.008,0.41,5.1,0.3812009999999989
118.6,410,0.016,0.6,116.0,0.4734189999999957
130.4,325,0.07,0.98,29.9,0.4905429999999959
143.5,210,0.007,0.36,0.5,0.2142175
98.0,190,0.027,0.41,1.6,0.19960299999999911
135.6,475,0.015,0.51,13.1,0.4717559999999958
119.1,125,0.032,0.9,51.0,0.4854799999999956
101.2,300,0.024,0.36,6.4,0.4511149999999956
110.5,210,0.06,0.36,5.1,0.3811549999999989
116.2,190,0.005,0.41,13.8,0.46728799999999626
124.0,225,0.007,0.34,2.2,0.2071959999999982
120.4,195,0.007,0.4,1.3,0.18819099999999955
120.1,600,0.022,1.8,464.0,0.5108749999999972
134.0,330,0.019,0.75,10.8,0.46673499999999535
111.0,270,0.024,1.49,34.1,0.5036479999999968
100.1,180,0.013,0.44,7.8,0.4600849999999945
113.0,510,0.01,0.59,9.5,0.48116599999999415
111.9,90,0.073,1.5,11.9,0.48275699999999716
112.4,375,0.009,0.6,27.8,0.4734189999999957
130.9,660,0.037,1.24,364.0,0.501400999999996
144.0,270,0.046,0.39,6.4,0.4518399999999955
154.1,200,0.007,0.59,23.2,0.4734189999999957
115.9,155,0.007,0.56,5.8,0.4467889999999948
94.5,200,0.033,0.74,4.0,0.32548999999999984
101.6,170,0.036,0.43,2.5,0.22770099999999902
97.0,180,0.017,1.14,13.5,0.4967159999999959
124.4,330,0.008,0.41,12.1,0.4461119999999967
113.3,320,0.011,0.42,6.9,0.4603329999999952
131.4,425,0.022,0.56,9.1,0.4816379999999941
121.4,650,0.007,0.73,3.6,0.32883099999999915
50.2,335,0.016,0.47,30.6,0.468776999999996
119.0,265,0.012,0.48,6.6,0.45960899999999505
124.2,210,0.006,0.37,3.8,0.2823490000000022
105.5,220,0.009,0.49,2.5,0.23058599999999901
123.3,255,0.061,0.97,3.9,0.36492399999999947
125.4,260,0.007,0.43,2.9,0.2777350000000008
102.0,240,0.027,1.19,118.0,0.49797699999999595
93.0,140,0.013,0.65,51.7,0.4736589999999957
165.0,295,0.021,0.58,3.4,0.3288199999999994
141.6,140,0.002,0.37,3.5,0.28710000000000185
119.4,320,0.036,0.76,71.2,0.4736589999999957
141.3,280,0.052,0.95,4.0,0.3649119999999994
153.8,400,0.08,0.57,6.7,0.4625739999999948
198.0,310,0.087,1.13,6.7,0.4870989999999959
124.1,200,0.001,0.4,7.6,0.46030599999999455
118.7,170,0.005,0.41,7.7,0.46006099999999456
106.0,380,0.013,0.42,1.4,0.19128599999999943
107.4,280,0.037,0.72,29.2,0.4736589999999957
130.0,260,0.068,0.51,22.9,0.47173599999999577
117.4,190,0.004,0.36,2.6,0.24549500000000019
103.8,210,0.009,0.54,3.2,0.32663899999999924
114.4,200,0.008,0.56,155.0,0.47329899999999575
119.7,215,0.001,0.46,8.4,0.4627829999999944
116.0,285,0.052,0.82,323.0,0.4735569999999957
122.7,480,0.011,0.53,2.5,0.2779869999999992
90.6,300,0.064,1.31,137.0,0.501365999999996
103.1,225,0.007,0.51,47.8,0.4717559999999958
117.0,250,0.003,0.47,12.8,0.469470999999996
120.2,270,0.028,0.49,2.3,0.22028899999999782
83.4,215,0.026,0.53,6.4,0.457712999999995
111.2,380,0.011,0.65,12.3,0.4527629999999961
130.3,105,0.005,0.26,2.5,0.18276000000000028
150.5,210,0.006,0.4,4.4,0.30649100000000123
126.0,120,0.031,0.89,36.9,0.4854799999999956
145.0,260,0.14,0.62,2.1,0.28684999999999705
122.7,270,0.036,1.0,73.4,0.4906839999999959
137.8,125,0.014,0.54,3.9,0.32264800000000043
116.5,180,0.008,0.46,3.6,0.29035800000000167
120.5,290,0.014,0.64,8.7,0.482114999999994
133.2,260,0.005,0.37,3.4,0.2873690000000017
116.0,140,0.003,0.3,3.7,0.2661160000000021
100.9,240,0.019,0.55,18.0,0.47329899999999575
96.5,255,0.303,3.3,6.7,1.0425459999999982
121.5,375,0.035,0.6,5.0,0.39195199999999786
129.1,230,0.015,0.79,65.1,0.4736589999999957
185.2,145,0.006,0.51,2.9,0.2960399999999998
111.0,460,0.027,0.82,69.6,0.4735489999999957
108.2,340,0.008,0.19,1.6,0.1358090000000004
120.1,355,0.004,0.41,23.9,0.46728799999999626
165.8,230,0.008,0.75,20.4,0.4736589999999957
117.0,220,0.004,0.46,9.0,0.4755409999999946
102.0,190,0.049,0.86,33.2,0.4737649999999957
109.0,220,0.037,1.38,16.5,0.501735999999996
103.0,140,0.019,1.22,38.6,0.5008409999999958
102.4,275,0.003,0.3,2.8,0.24593500000000085
124.5,190,0.004,0.29,6.5,0.45072799999999547
133.8,380,0.022,0.64,19.9,0.4736589999999957
137.0,320,0.011,0.54,5.9,0.44621899999999476
106.1,350,0.002,0.47,14.1,0.468776999999996
116.0,235,0.011,0.41,16.7,0.46728799999999626
111.7,400,0.001,0.43,3.5,0.28747800000000184
126.3,140,0.003,0.26,4.3,0.2760320000000021
103.7,275,0.019,0.29,8.5,0.4699899999999947
101.0,130,0.013,0.47,2.0,0.21389399999999797
116.0,200,0.019,1.225,34.5,0.501400999999996
111.4,160,0.026,0.93,83.1,0.48580099999999554
134.8,205,0.007,0.41,2.7,0.2643380000000005
109.8,220,0.01,0.45,2.7,0.2677790000000003
103.0,220,0.01,0.44,4.3,0.3018800000000017
160.4,290,0.088,0.71,5.0,0.3921829999999977
83.0,265,0.011,0.84,9.0,0.48247599999999397
123.1,335,0.005,0.36,4.2,0.2994380000000018
106.1,190,0.025,0.46,12.7,0.4688449999999962
89.8,320,0.039,1.0,86.1,0.4906839999999959
127.5,310,0.005,0.43,15.9,0.46728799999999626
104.4,240,0.098,0.41,15.1,0.4672649999999962
100.0,220,0.009,0.52,5.8,0.4462619999999948
92.0,330,0.027,1.53,81.6,0.5032839999999968
125.3,210,0.009,0.4,4.2,0.29859100000000177
112.0,160,0.001,0.29,23.0,0.46620599999999635
152.0,190,0.006,1.01,8.2,0.48616699999999413
107.0,160,0.001,0.925,7.3,0.48106999999999395
149.8,270,0.001,0.36,2.4,0.22363799999999898
121.7,310,0.037,1.1,96.8,0.4924649999999959
96.0,100,0.006,0.38,9.0,0.47404299999999466
146.4,340,0.012,0.38,3.7,0.284757000000002
124.0,220,0.006,0.39,5.8,0.44038199999999544
106.7,152,0.013,0.67,4.1,0.3311339999999993
105.4,600,0.006,0.55,10.9,0.4663749999999954
164.4,200,0.036,0.35,0.6,0.20606550000000035
131.0,510,0.007,0.48,17.6,0.4710659999999959
120.2,260,0.004,0.36,28.2,0.4668169999999963
140.3,220,0.005,0.54,6.3,0.45722299999999494
107.0,255,0.006,0.47,10.1,0.4755749999999944
104.0,420,0.006,0.29,3.4,0.26082700000000186
121.1,405,0.038,2.2,421.0,0.5225579999999979
115.7,175,0.021,0.81,16.4,0.4736589999999957
107.0,180,0.034,0.8,21.5,0.4736589999999957
119.3,220,0.009,0.41,9.8,0.4740859999999946
112.8,220,0.009,0.47,3.6,0.2935680000000014
92.0,180,0.009,0.63,18.4,0.4734189999999957
121.0,320,0.015,0.53,23.2,0.4728989999999958
141.8,230,0.004,0.23,7.2,0.4590169999999953
116.3,300,0.003,0.38,7.9,0.4593619999999946
115.0,240,0.013,0.51,10.0,0.4790409999999943
109.0,330,0.007,0.87,86.7,0.4737649999999957
134.6,265,0.041,0.77,34.4,0.4736589999999957
123.1,265,0.007,0.78,3.1,0.3291019999999987
104.4,505,0.006,0.57,14.7,0.47340099999999574
109.0,190,0.015,0.57,8.8,0.4815619999999941
135.0,255,0.017,0.57,2.1,0.28868299999999764
105.0,180,0.004,0.5,15.6,0.4717559999999958
145.0,330,0.036,0.34,5.1,0.3806189999999988
148.6,215,0.008,0.39,2.7,0.26456400000000047
130.8,765,0.005,0.37,27.4,0.4668169999999963
143.2,185,0.02,0.86,20.2,0.4737649999999957
107.0,110,0.006,0.33,2.6,0.2412210000000001
122.5,385,0.045,2.25,250.0,0.5221579999999978
132.6,120,0.2,3.09,3.2,0.4382289999999998
88.0,380,0.018,0.73,13.7,0.4736589999999957
96.4,175,0.007,0.44,0.9,0.1600000000000004
137.2,200,0.021,0.36,4.0,0.2840020000000024
107.7,210,0.013,0.41,2.5,0.22432899999999906
136.4,300,0.018,0.9,22.1,0.4854799999999956
116.5,300,0.062,1.14,27.4,0.4967159999999959
112.7,395,0.012,0.6,8.9,0.482121999999994
105.0,200,0.003,0.51,7.6,0.46511799999999415
120.0,110,0.02,0.72,4.7,0.34803799999999874
146.6,155,0.004,0.28,8.1,0.45826899999999454
80.2,195,0.015,0.77,15.1,0.4736589999999957
116.3,100,0.026,0.53,15.0,0.4728989999999958
174.4,225,0.075,0.63,2.2,0.28684699999999724
97.4,160,0.014,0.35,0.9,0.15219400000000063
-99.0,345,0.016,0.89,32.6,0.5190269999999982
149.4,230,0.004,0.38,3.1,0.28532000000000113
122.2,190,0.001,0.35,12.2,0.44564599999999677
99.1,305,0.004,0.23,1.2,0.11036900000000122
133.6,185,0.014,0.24,5.1,0.3764579999999993
117.6,320,0.023,0.37,3.6,0.28792300000000187
103.0,150,0.008,0.54,9.3,0.48131499999999416
129.9,175,0.003,0.34,3.0,0.27792200000000095
126.0,240,0.028,1.17,10.9,0.4916729999999956
106.7,160,0.002,0.4,2.9,0.2758350000000008
101.0,180,0.014,0.63,17.9,0.4734189999999957
74.3,320,0.003,0.38,6.4,0.45107799999999554
106.3,240,0.008,0.51,3.5,0.30633300000000063
89.0,110,0.008,0.69,15.0,0.4736589999999957
117.0,210,0.007,0.48,8.2,0.46304299999999415
109.0,150,0.025,0.58,8.8,0.4815619999999941
108.0,180,0.007,0.41,10.5,0.46810599999999536
105.0,200,0.039,1.21,36.3,0.5008409999999958
112.0,170,0.008,0.38,1.3,0.18807899999999958
148.5,265,0.067,0.8,7.2,0.4675319999999947
111.9,345,0.004,0.34,5.9,0.4393269999999955
124.0,210,0.006,0.39,12.2,0.4461119999999967
103.4,290,0.01,0.74,17.7,0.4736589999999957
113.4,190,0.004,0.3,13.8,0.4662029999999963
148.0,190,0.006,0.15,5.3,0.419503999999997
104.1,240,0.008,0.23,5.0,0.36752099999999976
112.5,145,0.007,0.73,9.1,0.482397999999994
145.1,210,0.021,0.92,15.3,0.48580099999999554
111.5,280,0.011,0.96,5.3,0.4564679999999957
136.4,230,0.017,0.76,24.4,0.4736589999999957
135.6,160,0.008,0.45,6.6,0.45639299999999533
163.0,600,0.004,0.48,8.9,0.4788199999999943
110.5,550,0.05,1.12,20.1,0.4933419999999959
76.0,475,0.021,0.78,82.9,0.4736589999999957
152.0,200,0.033,0.53,6.2,0.457137999999995
110.7,320,0.006,0.49,4.8,0.3217340000000004
109.3,505,0.009,0.63,8.6,0.4814749999999941
144.7,345,0.012,0.44,11.9,0.44616799999999673
110.7,230,0.005,0.81,12.4,0.4527629999999961
119.9,205,0.003,0.24,2.2,0.1611660000000002
117.0,140,0.034,0.79,29.1,0.4736589999999957
98.3,270,0.166,1.48,7.3,0.5034299999999954
113.7,420,0.004,0.33,8.1,0.4587419999999945
113.0,335,0.007,0.34,2.4,0.22091099999999902
92.0,180,0.004,0.54,11.3,0.45200299999999616
47.0,300,0.009,0.36,4.9,0.37263299999999944
111.0,340,0.013,0.7,15.9,0.4736589999999957
110.2,190,0.008,0.28,8.5,0.4699899999999947
94.4,360,0.006,0.43,4.0,0.28352700000000236
88.5,405,0.011,0.4,11.1,0.4461119999999967
131.6,400,0.008,0.52,2.4,0.27303299999999886
198.4,290,0.015,0.44,4.2,0.30128600000000166
101.0,160,0.003,0.4,3.5,0.2856870000000019
105.0,490,0.045,1.2,29.1,0.49797699999999595
136.9,160,0.013,0.56,3.6,0.32907399999999964
105.5,350,0.021,0.64,4.6,0.34379999999999894
91.5,145,0.042,0.5,5.8,0.44502299999999495
188.1,245,0.024,0.89,6.5,0.4727059999999956
104.0,340,0.009,0.46,13.9,0.4681509999999962
90.0,440,0.026,1.12,62.7,0.4933419999999959
165.0,340,0.005,0.28,4.3,0.2793340000000019
126.4,205,0.012,0.61,19.4,0.4734189999999957
144.0,275,0.009,0.83,17.6,0.4737369999999957
124.0,465,0.016,0.45,6.3,0.4514829999999955
115.4,195,0.002,0.28,1.0,0.11347800000000144
114.1,430,0.01,0.71,146.0,0.4736589999999957
118.8,140,0.018,0.68,10.0,0.48180599999999413
113.0,370,0.018,0.94,92.6,0.48608899999999555
145.5,510,0.037,0.94,95.4,0.48608899999999555
123.0,260,0.008,0.57,6.1,0.45510899999999505
124.8,270,0.003,0.21,7.2,0.4590169999999953
154.6,100,0.016,0.42,20.7,0.46728799999999626
114.0,240,0.065,1.13,9.0,0.5057579999999943
111.1,480,0.023,0.94,106.0,0.48608899999999555
97.4,160,0.01,0.47,4.8,0.3209820000000006
135.3,250,0.062,1.28,8.0,0.4994029999999941
123.5,100,0.058,1.08,7.7,0.48854599999999426
115.5,155,0.003,0.79,33.8,0.4736589999999957
120.1,125,0.007,0.58,6.6,0.46251099999999484
127.2,370,0.027,1.73,521.0,0.5083649999999972
108.5,65,0.006,0.38,1.4,0.18783599999999961
94.5,230,0.022,0.57,5.4,0.4392519999999946
117.5,160,0.001,0.32,5.0,0.3712279999999995
84.6,270,0.15,3.5,12.3,1.2168940000000015
104.9,410,0.028,0.94,94.7,0.48608899999999555
124.7,380,0.025,0.55,24.4,0.47329899999999575
158.3,760,0.005,0.31,5.0,0.3707509999999995
93.0,460,0.009,0.28,2.1,0.17864199999999966
120.0,220,0.131,1.06,4.7,0.3914409999999978
152.0,150,0.045,0.3,7.1,0.4591209999999953
109.0,175,0.018,0.74,22.7,0.4736589999999957
168.6,250,0.007,0.41,12.1,0.4461119999999967
124.0,290,0.01,0.38,3.2,0.2871810000000012
121.0,255,0.023,0.16,12.9,0.4633849999999969
116.0,110,0.024,0.52,4.5,0.33945199999999925
113.0,220,0.003,0.29,2.4,0.19000799999999987
99.0,220,0.008,0.49,2.5,0.23058599999999901
149.2,70,0.017,0.48,4.9,0.3795799999999989
118.6,160,0.026,0.56,3.4,0.3287799999999994
114.0,170,0.008,0.46,17.1,0.4681509999999962
104.0,260,0.035,2.37,33.9,0.5215829999999977
132.6,305,0.008,0.42,4.1,0.2913320000000022
138.0,210,0.01,0.23,2.1,0.1526370000000003
126.8,105,0.003,0.26,5.3,0.42322299999999624
113.3,470,0.037,0.4,4.5,0.30736400000000125
130.1,380,0.012,0.59,9.8,0.48116599999999415
102.0,200,0.008,0.28,1.8,0.17635500000000007
115.4,180,0.008,0.39,6.0,0.4479309999999956
107.4,190,0.005,0.43,5.9,0.44021199999999544
139.8,300,0.065,1.67,3.7,0.4001620000000001
149.0,250,0.024,0.25,1.0,0.10835100000000128
150.3,300,0.016,0.23,4.5,0.28329000000000176
107.0,200,0.021,0.73,16.9,0.4736589999999957
104.4,140,0.007,0.35,2.3,0.2126599999999982
100.9,160,0.025,0.33,4.6,0.30812600000000123
116.1,220,0.018,0.99,57.4,0.4906839999999959
116.7,190,0.006,0.56,8.1,0.465951999999994
199.3,200,0.009,0.37,3.9,0.2828810000000023
141.0,95,0.017,0.46,1.4,0.1921979999999994
116.2,330,0.097,1.73,4.2,0.4193399999999995
113.4,270,0.109,2.8,12.5,1.0318110000000023
200.6,180,0.1,0.72,7.2,0.46750099999999467
153.1,210,0.016,0.46,6.6,0.4571229999999954
152.26,320,0.019,0.69,6.7,0.4630069999999948
109.0,180,0.027,0.68,11.6,0.4527629999999961
117.0,290,0.02,0.77,4.1,0.33408499999999924
109.0,140,0.004,0.22,1.1,0.10233800000000123
172.9,240,0.043,0.94,4.9,0.4138369999999975
109.4,245,0.006,0.8,13.7,0.4736589999999957
116.0,360,0.008,0.7,92.9,0.4736589999999957
89.2,105,0.012,0.34,3.7,0.284298000000002
79.0,380,0.005,0.3,8.0,0.4583649999999945
106.0,340,0.008,0.27,13.4,0.46620599999999635
104.4,150,0.009,0.5,58.9,0.4717559999999958
131.8,160,0.003,0.46,6.4,0.45270299999999547
114.7,240,0.003,0.29,0.9,0.11598600000000137
144.3,270,0.011,0.4,4.8,0.3140770000000011
164.6,120,0.014,0.53,4.4,0.3393729999999993
125.3,155,0.01,0.41,4.8,0.31408900000000106
128.6,190,0.008,0.31,4.1,0.27775700000000214
142.3,415,0.05,0.54,214.0,0.4729069999999958
109.1,145,0.013,0.44,49.4,0.46734399999999626
110.4,295,0.006,0.4,5.0,0.3738939999999995
118.5,230,0.004,0.49,10.2,0.47630799999999446
101.9,220,0.009,0.42,4.9,0.37363499999999944
119.6,190,0.006,0.64,8.6,0.482114999999994
122.0,-99,0.01,0.37,2.2,0.21265699999999813
113.5,280,0.006,0.34,6.7,0.45559699999999537
93.7,310,0.015,0.77,24.8,0.4736589999999957
110.1,345,0.025,1.2,38.3,0.49797699999999595
119.2,275,0.016,0.53,11.5,0.45200299999999616
113.1,205,0.009,0.42,5.7,0.4321049999999956
122.8,560,0.02,0.71,8.0,0.46656599999999393
109.0,390,0.01,0.23,7.2,0.4590169999999953
129.2,130,0.001,0.36,2.9,0.2776460000000009
148.5,510,0.007,0.81,46.4,0.4736589999999957
106.0,400,0.014,0.43,3.0,0.2801030000000009
127.8,320,0.008,0.53,24.6,0.4728989999999958
124.6,490,0.011,0.33,2.7,0.2623650000000007
107.6,440,0.013,0.86,34.3,0.4737649999999957
106.7,285,0.002,0.8,1.0,0.27710299999999827
125.0,200,0.016,0.22,5.3,0.4226579999999963
99.2,130,0.009,0.26,3.9,0.2533850000000024
132.3,140,0.012,0.34,2.9,0.27556300000000084
127.5,320,0.013,0.48,8.9,0.4788199999999943
109.9,435,0.036,0.27,41.1,0.46620599999999635
117.1,340,0.041,0.56,141.0,0.47329899999999575
114.4,250,0.018,0.72,5.1,0.39845299999999745
143.2,145,0.009,0.43,6.6,0.4562599999999954
112.5,205,0.009,0.7,62.9,0.4736589999999957
102.8,450,0.035,0.85,4.2,0.35909799999999853
139.9,560,0.017,0.59,8.1,0.46607199999999394
128.6,190,0.019,0.43,8.0,0.4595769999999945
157.9,305,0.028,0.57,4.9,0.39051299999999795
162.2,130,0.003,0.37,17.6,0.4668169999999963
112.0,430,0.011,0.46,13.2,0.4681509999999962
116.3,340,0.007,0.29,2.9,0.25084800000000124
111.3,230,0.005,0.38,33.0,0.46677999999999625
105.0,340,0.012,0.52,2.5,0.27446099999999907
114.3,300,0.051,0.79,6.4,0.45900299999999483
108.0,360,0.014,0.61,5.9,0.44701599999999464
98.0,400,0.018,0.42,5.9,0.44021199999999544
-99.0,225,0.006,0.5,31.8,0.5100269999999977
96.4,180,0.016,0.44,31.1,0.46734399999999626
109.0,150,0.068,0.7,99.6,0.4736389999999957
147.0,190,0.004,0.49,4.8,0.3217340000000004
102.8,120,0.028,0.61,4.9,0.39084199999999786
101.2,200,0.001,0.41,1.5,0.19144199999999945
118.0,465,0.04,0.56,8.4,0.46866699999999395
128.9,280,0.007,0.54,8.3,0.46555199999999397
106.0,220,0.037,1.579,6.8,0.5052479999999971
119.7,350,0.04,0.56,6.4,0.45811299999999494
135.8,315,0.013,0.41,5.2,0.4141159999999971
104.8,295,0.013,0.53,9.0,0.48123799999999417
138.5,390,0.008,0.5,9.4,0.4790409999999943
127.9,270,0.023,0.4,6.7,0.45645999999999537
130.0,190,0.018,0.37,3.7,0.285748000000002
128.4,120,0.018,0.9,32.0,0.4854799999999956
178.2,150,0.012,0.39,4.6,0.30925500000000117
127.1,440,0.029,0.74,98.5,0.4736589999999957
122.2,450,0.004,0.59,4.7,0.3468659999999989
122.1,280,0.008,0.34,3.5,0.2857800000000018
108.0,190,0.007,0.48,8.9,0.4788199999999943
118.8,205,0.017,1.18,173.0,0.4978539999999959
120.2,250,0.006,0.39,3.9,0.2817980000000023
125.4,500,0.011,0.75,14.3,0.4736589999999957
114.0,660,0.005,0.37,2.5,0.22517499999999915
87.6,150,0.005,0.44,24.0,0.46734399999999626
127.0,250,0.053,0.6,4.5,0.34253399999999884
99.0,350,0.026,1.15,230.0,0.4978539999999959
137.0,230,0.004,0.39,4.0,0.2821440000000023
105.0,390,0.031,1.15,229.0,0.4978539999999959
108.0,390,0.02,0.21,21.1,0.46594899999999634
120.1,200,0.001,0.49,6.0,0.4514869999999953
150.6,230,0.004,0.37,8.6,0.4737969999999947
130.2,210,0.007,0.39,2.9,0.2761680000000008
146.6,135,0.006,0.65,15.5,0.4736589999999957
156.0,630,0.005,0.34,14.0,0.4666789999999963
129.5,385,0.007,0.67,39.6,0.4736589999999957
119.0,230,0.017,0.54,19.4,0.4728989999999958
114.6,170,0.004,0.4,1.4,0.18797199999999958
118.7,220,0.054,0.7,15.2,0.47366699999999573
108.0,170,0.005,0.37,3.1,0.2862790000000011
139.0,240,0.003,0.18,2.2,0.14763300000000001
104.2,240,0.001,0.5,2.8,0.28422099999999983
143.5,240,0.029,0.88,5.1,0.4092179999999972
108.3,260,0.012,0.58,4.4,0.34266899999999917
117.3,655,0.03,0.98,4.7,0.38765799999999795
186.9,220,0.016,0.32,7.4,0.4588209999999946
93.7,350,0.006,0.73,4.7,0.3481359999999988
132.7,200,0.005,0.4,3.6,0.2862450000000019
90.0,150,0.006,0.36,1.7,0.20228099999999902
121.3,295,0.005,0.4,30.0,0.46728799999999626
124.3,250,0.003,0.31,8.3,0.45826599999999457
140.0,385,0.06,1.01,11.3,0.4700139999999964
103.0,255,0.009,0.44,17.2,0.46734399999999626
118.2,150,0.008,0.49,2.9,0.2833350000000003
109.7,150,0.005,0.5,8.8,0.4794549999999942
110.0,170,0.096,0.75,35.6,0.4736079999999957
100.4,160,0.01,0.38,3.9,0.2818900000000023
120.3,230,0.008,0.49,13.6,0.4710659999999959
137.0,380,0.021,0.49,6.3,0.4547549999999952
96.6,270,0.023,0.4,2.9,0.2762210000000007
146.2,190,0.005,0.37,2.8,0.2711090000000005
117.9,130,0.006,0.5,4.3,0.31282900000000063
142.0,130,0.02,0.45,6.3,0.4514829999999955
102.0,140,0.025,0.89,8.6,0.495224999999994
101.3,210,0.012,0.51,5.2,0.42183799999999627
125.3,290,0.027,0.67,7.0,0.4674019999999947
96.0,500,0.014,0.6,11.6,0.4525229999999961
107.0,360,0.06,1.16,6.9,0.4968609999999957
132.7,160,0.006,0.62,2.1,0.2862539999999974
153.0,190,0.003,0.46,1.6,0.20376299999999903
183.4,350,0.01,0.37,9.0,0.4740799999999946
132.0,150,0.005,0.36,55.2,0.4668169999999963
110.0,170,0.047,0.55,3.7,0.32654099999999986
122.8,290,0.033,0.51,6.5,0.456651999999995
160.8,300,0.069,0.58,3.6,0.32909899999999953
102.0,480,0.012,0.52,5.5,0.43735799999999464
145.3,345,0.006,0.45,9.5,0.4742189999999946
136.1,185,0.082,0.83,7.5,0.467141999999994
99.4,210,0.002,0.37,6.4,0.4511149999999956
107.5,370,0.012,0.59,20.8,0.4734189999999957
113.9,200,0.011,1.06,4.3,0.38242199999999843
109.3,340,0.006,0.72,29.4,0.4736589999999957
147.5,335,0.005,0.34,8.2,0.4587419999999945
109.3,260,0.025,0.57,9.4,0.4811479999999942
105.0,190,0.006,0.45,23.0,0.4674209999999962
101.5,210,0.003,0.31,6.3,0.4499949999999956
141.2,265,0.008,0.44,2.7,0.26721000000000045
122.0,265,0.014,0.43,12.7,0.46798199999999623
123.5,195,0.02,0.37,2.0,0.20776499999999823
110.0,180,0.011,0.49,8.6,0.47817299999999435
137.5,190,0.005,0.34,4.3,0.2980680000000017
123.7,200,0.013,0.44,19.8,0.46734399999999626
95.0,345,0.047,0.6,10.2,0.47924599999999434
106.6,235,0.012,0.45,4.1,0.293014000000002
114.4,155,0.02,0.39,0.9,0.15375300000000058
103.0,110,0.008,0.82,86.7,0.4735489999999957
112.6,310,0.016,0.62,15.0,0.4734189999999957
199.0,500,0.007,0.36,1.5,0.1915489999999995
101.0,390,0.005,0.52,30.2,0.4728989999999958
130.9,145,0.012,0.26,39.2,0.46620599999999635
96.0,130,0.018,0.47,6.9,0.461856999999995
113.0,130,0.012,0.65,8.9,0.482761999999994
114.0,420,0.014,0.48,7.7,0.4636959999999942
108.5,195,0.024,0.42,4.7,0.315527000000001
100.9,190,0.008,0.44,7.6,0.46036199999999455
107.0,310,0.029,0.52,4.7,0.3445269999999992
87.0,370,0.011,0.64,22.5,0.4736589999999957
115.0,200,0.015,0.38,2.3,0.21375699999999806
101.0,155,0.008,0.39,4.9,0.3727359999999994
103.0,250,0.014,0.46,2.6,0.24823400000000004
105.7,190,0.016,0.46,2.3,0.21805999999999787
110.0,180,0.015,0.39,18.6,0.46728799999999626
105.0,85,0.002,0.37,8.0,0.45897899999999453
142.2,145,0.001,0.41,3.4,0.2859700000000018
145.2,155,0.049,0.74,1.7,0.2833039999999972
101.0,100,0.003,0.29,1.4,0.15835600000000033
138.0,1120,0.019,0.21,2.0,0.14913300000000027
112.0,160,0.136,0.9,26.5,0.4858759999999956
118.5,260,0.036,0.98,238.0,0.49057099999999587
137.8,360,0.11,1.8,27.8,0.5108749999999972
101.5,340,0.008,0.38,6.4,0.45107799999999554
112.0,350,0.032,1.61,30.4,0.5050339999999971
135.5,420,0.003,0.28,13.3,0.46620599999999635
157.2,250,0.114,0.51,7.6,0.46506699999999407
168.2,170,0.038,0.62,5.0,0.39195199999999786
140.9,220,0.023,0.64,3.7,0.3261779999999996
114.8,220,0.005,0.57,14.3,0.47340099999999574
112.3,240,0.009,0.39,10.3,0.46810599999999536
118.1,200,0.003,0.46,13.2,0.4681509999999962
113.9,245,0.06,1.84,6.5,0.5059059999999973
110.8,260,0.016,0.6,13.4,0.4734189999999957
138.7,325,0.005,0.52,38.4,0.4728989999999958
140.5,320,0.046,0.33,16.0,0.4666789999999963
148.1,120,0.04,0.54,1.5,0.25860899999999754
122.0,105,0.025,0.51,6.6,0.4607859999999949
141.3,300,0.021,0.75,48.9,0.4736589999999957
108.4,140,0.034,0.71,5.1,0.39834099999999745
116.7,700,0.028,0.76,5.7,0.4410449999999946
110.0,230,0.021,0.79,49.0,0.4736589999999957
108.0,190,0.0319,1.83,23.6,0.5105799999999971
124.0,120,0.008,0.48,4.7,0.3215850000000006
133.0,230,0.008,0.45,2.0,0.21227299999999802
135.4,170,0.017,0.65,9.8,0.48180599999999413
106.5,310,0.031,0.42,47.1,0.46728799999999626
112.0,400,0.07,1.33,77.9,0.501488999999996
118.2,310,0.008,0.49,10.0,0.47786399999999435
139.5,260,0.015,0.31,1.2,0.1434820000000009
111.5,175,0.014,0.61,12.0,0.4525229999999961
103.1,360,0.02,0.63,19.8,0.4734189999999957
106.0,270,0.016,0.39,5.5,0.43000699999999564
138.3,250,0.016,0.51,13.4,0.4717559999999958
127.3,205,0.001,0.47,9.7,0.4755749999999944
116.4,380,0.013,0.16,2.5,0.15090499999999998
144.0,275,0.004,0.59,11.6,0.4525229999999961
87.7,210,0.01,0.5,8.6,0.4793499999999942
109.0,190,0.008,0.96,4.3,0.3772779999999988
139.0,180,0.056,0.83,8.4,0.4692599999999938
118.4,245,0.018,0.57,13.5,0.47340099999999574
103.2,180,0.022,0.46,6.9,0.4611959999999952
108.1,200,0.005,0.4,9.9,0.4740859999999946
114.5,150,0.003,0.51,6.0,0.4525789999999952
88.0,300,0.005,0.51,4.2,0.31762000000000046
135.8,170,0.029,0.78,6.7,0.4630069999999948
116.0,140,0.004,0.39,2.4,0.2225159999999989
96.3,385,0.008,0.47,14.6,0.468776999999996
85.0,190,0.026,0.62,23.2,0.4734189999999957
129.6,380,0.01,0.33,4.2,0.2969580000000018
148.4,190,0.006,0.31,3.7,0.27059900000000203
91.7,410,0.004,0.33,22.2,0.4666789999999963
119.9,220,0.022,0.86,60.5,0.4737649999999957
115.0,500,0.006,0.36,7.8,0.4594309999999946
110.3,300,0.055,1.1,75.0,0.4924649999999959
133.0,360,0.005,0.45,3.6,0.2900290000000017
112.0,200,0.005,0.7,13.7,0.4736589999999957
128.3,220,0.02,0.79,35.1,0.4736589999999957
123.3,420,0.013,0.4,6.9,0.4603329999999952
113.7,275,0.011,0.45,12.9,0.4674209999999962
119.0,260,0.016,1.01,54.3,0.4906839999999959
136.3,200,0.003,0.88,18.8,0.4747109999999958
128.0,170,0.01,0.65,9.3,0.482474999999994
151.2,245,0.006,0.44,6.4,0.4518959999999955
122.9,295,0.005,0.33,5.1,0.38059699999999885
103.0,100,0.054,0.88,49.7,0.4747109999999958
117.3,255,0.011,0.66,6.3,0.45825499999999486
101.0,310,0.141,1.46,16.6,0.5027639999999968
142.0,165,0.044,0.49,5.3,0.4301489999999957
160.2,310,0.012,0.57,10.8,0.46647699999999537
106.2,120,0.009,0.58,10.3,0.4748039999999948
129.0,320,0.028,0.66,6.7,0.4630069999999948
126.0,200,0.002,0.44,6.2,0.45140599999999553
83.7,150,0.014,0.42,19.8,0.46728799999999626
78.0,310,0.006,0.15,3.8,0.2396440000000022
137.6,200,0.018,0.83,24.7,0.4737369999999957
150.0,160,0.004,1.92,139.0,0.5112249999999973
115.2,175,0.008,0.37,3.4,0.28742200000000173
144.3,750,0.039,0.49,343.0,0.4710659999999959
106.0,95,0.011,0.36,5.5,0.42938799999999566
97.5,190,0.111,2.5,14.1,0.5440749999999978
102.7,160,0.01,0.45,4.5,0.31042500000000106
94.5,350,0.036,1.35,117.0,0.501488999999996
152.3,250,0.072,4.3,1.7,0.37865499999999863
103.5,200,0.018,0.76,7.4,0.46709199999999407
91.5,140,0.008,0.46,4.1,0.293290000000002
112.5,290,0.024,0.82,131.0,0.4735489999999957
99.3,290,0.01,0.54,21.9,0.4728989999999958
129.7,330,0.028,1.69,9.8,0.5197929999999957
112.1,160,0.004,0.45,6.2,0.4514829999999955
126.9,310,0.008,0.46,3.2,0.2908050000000009
135.0,440,0.01,0.54,10.0,0.48064599999999424
112.0,135,0.002,0.28,7.0,0.45912399999999526
122.8,300,0.005,0.52,1.5,0.2382669999999978
141.0,200,0.163,0.96,2.6,0.3465439999999987
95.0,300,0.091,2.9,613.0,1.0247180000000027
118.1,245,0.005,0.4,15.3,0.46728799999999626
142.2,265,0.072,0.89,91.6,0.48545199999999555
99.6,230,0.013,1.25,46.3,0.501400999999996
166.0,245,0.011,0.41,1.9,0.20785299999999834
148.6,225,0.01,0.32,2.6,0.22580099999999984
116.8,230,0.004,0.34,2.6,0.2424320000000001
100.0,370,0.024,0.76,32.1,0.4736589999999957
122.5,175,0.036,0.35,11.8,0.44564599999999677
141.0,140,0.1,1.4,16.7,0.501953999999996
109.7,530,0.054,1.95,207.0,0.5218139999999977
98.4,380,0.009,0.52,16.4,0.4728989999999958
111.7,200,0.049,0.52,16.8,0.4729069999999958
102.8,135,0.011,0.58,34.0,0.47340099999999574
160.0,450,0.008,0.4,3.8,0.28111600000000225
101.0,340,0.045,1.16,14.9,0.4978539999999959
107.4,250,0.031,0.6,33.2,0.4734189999999957
113.0,150,0.014,0.68,10.1,0.48180599999999413
135.8,120,0.103,1.0,8.5,0.4976669999999942
131.3,185,0.012,0.63,13.6,0.4734189999999957
120.7,180,0.048,2.5,359.0,0.5440749999999978
81.7,180,0.006,0.39,2.8,0.2701280000000004
111.3,500,0.009,0.57,54.9,0.47340099999999574
134.6,190,0.01,0.36,3.9,0.2835180000000024
123.5,350,0.01,0.41,6.1,0.44844699999999554
113.2,380,0.012,0.43,2.5,0.22734999999999905
117.0,220,0.004,0.44,5.9,0.4402679999999955
118.7,150,0.022,0.63,5.2,0.4255259999999958
145.0,260,0.029,0.47,3.3,0.29420900000000066
137.6,305,0.053,0.7,4.2,0.3371949999999991
113.0,300,0.015,0.7,31.7,0.4736589999999957
145.9,390,0.018,0.47,56.9,0.468776999999996
137.7,650,0.004,0.48,6.8,0.4632299999999949
101.0,190,0.01,0.85,7.8,0.46719399999999406
131.3,300,0.04,0.87,4.4,0.36421899999999846
159.2,155,0.035,0.5,5.6,0.437054999999995
101.0,220,0.014,0.77,16.0,0.4736589999999957
105.0,215,0.014,0.47,23.4,0.468776999999996
102.0,210,0.012,0.38,6.7,0.4556979999999954
115.7,250,0.063,0.99,159.0,0.49065599999999593
123.4,295,0.004,0.38,5.8,0.4396199999999955
120.5,175,0.051,0.46,5.0,0.3770329999999993
109.0,170,0.012,0.4,7.8,0.4600289999999946
114.1,275,0.007,0.44,8.1,0.4595339999999945
105.0,360,0.032,3.75,71.3,1.2899170000000022
106.5,220,0.007,0.51,7.2,0.46530499999999475
105.2,280,0.005,0.34,3.6,0.2860990000000018
127.5,330,0.012,0.56,6.2,0.45753799999999495
122.5,560,0.011,0.45,18.5,0.4674209999999962
104.0,170,0.083,0.3,2.0,0.1846899999999993
97.0,310,0.01,0.39,3.8,0.28137200000000223
128.9,120,0.006,0.64,4.9,0.39117299999999783
118.0,160,0.005,0.49,11.9,0.4498899999999963
134.0,250,0.041,1.49,10.2,0.5141299999999954
110.4,550,0.021,0.69,40.4,0.4736589999999957
96.7,680,0.005,0.31,10.6,0.4641229999999956
104.1,200,0.002,0.87,20.9,0.4737649999999957
104.6,660,0.004,0.84,6.8,0.4667319999999947
111.0,285,0.017,0.43,1.7,0.20571799999999887
146.2,325,0.012,0.5,8.1,0.464219999999994
141.0,180,0.01,0.34,3.1,0.2845780000000012
115.0,230,0.003,0.46,5.7,0.4329679999999955
120.4,295,0.011,0.41,5.7,0.4319719999999956
94.5,230,0.01,0.39,36.4,0.46728799999999626
111.0,125,0.004,0.4,2.9,0.2758350000000008
120.1,155,0.022,0.76,26.6,0.4736589999999957
109.7,190,0.07,0.98,8.6,0.5010659999999942
127.5,240,0.007,0.48,3.2,0.29415100000000066
103.6,380,0.01,0.21,20.0,0.46594899999999634
129.0,160,0.028,0.48,11.4,0.4498899999999963
106.4,390,0.004,0.69,35.8,0.4736589999999957
109.0,130,0.022,0.43,3.6,0.28843100000000194
136.6,150,0.003,0.46,6.6,0.4571229999999954
157.0,330,0.036,0.68,2.1,0.28579599999999733
116.0,30,0.016,0.55,7.8,0.46657299999999413
114.7,270,0.033,0.49,8.1,0.46304299999999415
115.2,250,0.031,0.76,3.0,0.32337399999999833
105.0,220,0.006,0.52,5.8,0.4462619999999948
94.4,650,0.006,0.53,65.7,0.4728989999999958
133.2,140,0.024,0.51,3.6,0.30704700000000057
155.4,265,0.001,0.18,2.6,0.16708300000000037
105.0,110,0.003,0.41,3.7,0.2844210000000021
111.5,170,0.009,0.85,35.6,0.4737649999999957
99.0,470,0.018,0.64,4.1,0.33079099999999956
135.9,320,0.029,0.85,39.1,0.4737649999999957
108.0,420,0.011,0.37,3.6,0.28758400000000184
143.2,150,0.059,1.2,12.0,0.47742999999999636
107.9,220,0.004,0.33,2.7,0.2620830000000008
95.7,800,0.028,0.83,258.0,0.4737369999999957
110.6,270,0.007,0.31,4.6,0.29946400000000134
